{
  "10007": {
    "PanelID": 10007,
    "Type": 2,
    "TypeParam": [
      1001
    ],
    "BeginTime": "2022-04-25 04:00:00",
    "EndTime": "2022-06-21 04:00:00",
    "MinPlayerLevel": 1,
    "MaxPlayerLevel": 999,
    "UnlockMission": 1000510,
    "IsShowDayTime": true,
    "SortWeight": 1000,
    "TabName": {
      "hash": 1879926528
    },
    "TitleName": {
      "hash": 1687786083
    },
    "PanelDesc": {
      "hash": 748469519
    },
    "GraphImagePath": "SpriteOutput/UI/Quest/ImgSevenDayAvatar.png",
    "BGImagePath": "SpriteOutput/UI/Quest/ImgSevenDayRewardSnow.png",
    "PageBGImagePath": "SpriteOutput/UI/Quest/ImgSevenDayReward.png",
    "ScheduleDataID": 510007,
    "TabIcon": "SpriteOutput/UI/Quest/BtnSevenDayReward.png",
    "TagDesc": {
      "hash": -525896193
    },
    "IntroDesc": {
      "hash": -665985401
    }
  },
  "10008": {
    "PanelID": 10008,
    "Type": 3,
    "TypeParam": [
      10008
    ],
    "BeginTime": "2022-04-25 04:00:00",
    "EndTime": "2022-06-21 04:00:00",
    "MinPlayerLevel": 6,
    "MaxPlayerLevel": 999,
    "UnlockMission": 1010902,
    "IsShowDayTime": true,
    "SortWeight": 900,
    "TabName": {
      "hash": 1879926531
    },
    "TitleName": {
      "hash": 1687786088
    },
    "PanelDesc": {
      "hash": 748469534
    },
    "GraphImagePath": "SpriteOutput/AvatarCutinFigures/1103.png",
    "BGImagePath": "SpriteOutput/AvatarCutinBg/1103.png",
    "PageBGImagePath": "SpriteOutput/UI/Quest/ImgSingleTaskActivity.png",
    "ScheduleDataID": 510008,
    "TabIcon": "SpriteOutput/UI/Quest/BtnSingleTaskActivity.png",
    "TagDesc": {
      "hash": -525896180
    },
    "IntroDesc": {
      "hash": -665985386
    }
  },
  "10009": {
    "PanelID": 10009,
    "Type": 1,
    "TypeParam": [
      1001801,
      1001802,
      1001803,
      1001804
    ],
    "BeginTime": "2022-04-25 04:00:00",
    "EndTime": "2022-06-21 04:00:00",
    "MinPlayerLevel": 12,
    "MaxPlayerLevel": 999,
    "UnlockMission": 1010302,
    "IsShowDayTime": false,
    "SortWeight": 800,
    "TabName": {
      "hash": 1879926530
    },
    "TitleName": {
      "hash": 1687786089
    },
    "PanelDesc": {
      "hash": -525896179
    },
    "GraphImagePath": "",
    "BGImagePath": "",
    "PageBGImagePath": "SpriteOutput/UI/Quest/ImgQuestMissionList.png",
    "ScheduleDataID": 510009,
    "TabIcon": "SpriteOutput/UI/Quest/BtnQuestMissionList.png",
    "TagDesc": {
      "hash": -525896179
    },
    "IntroDesc": {
      "hash": -665985387
    }
  },
  "10010": {
    "PanelID": 10010,
    "Type": 1,
    "TypeParam": [
      1001901,
      1001906,
      1001902,
      1001903,
      1001904,
      1001905,
      1001907
    ],
    "BeginTime": "2022-04-25 04:00:00",
    "EndTime": "2022-06-21 04:00:00",
    "MinPlayerLevel": 12,
    "MaxPlayerLevel": 999,
    "UnlockMission": 1010302,
    "IsShowDayTime": false,
    "SortWeight": 700,
    "TabName": {
      "hash": -848956832
    },
    "TitleName": {
      "hash": -1041097275
    },
    "PanelDesc": {
      "hash": 1040187753
    },
    "GraphImagePath": "",
    "BGImagePath": "",
    "PageBGImagePath": "SpriteOutput/UI/Quest/ImgQuestMissionTest01.png",
    "ScheduleDataID": 510010,
    "TabIcon": "SpriteOutput/UI/Quest/BtnQuestMissionTest01.png",
    "TagDesc": {
      "hash": 1040187753
    },
    "IntroDesc": {
      "hash": 2062897961
    }
  },
  "10011": {
    "PanelID": 10011,
    "Type": 1,
    "TypeParam": [
      1001921,
      1001922,
      1001923,
      1001924,
      1001925
    ],
    "BeginTime": "2022-04-25 04:00:00",
    "EndTime": "2022-06-21 04:00:00",
    "MinPlayerLevel": 12,
    "MaxPlayerLevel": 999,
    "UnlockMission": 1010302,
    "IsShowDayTime": false,
    "SortWeight": 600,
    "TabName": {
      "hash": -848956833
    },
    "TitleName": {
      "hash": -1041097274
    },
    "PanelDesc": {
      "hash": -817614416
    },
    "GraphImagePath": "",
    "BGImagePath": "",
    "PageBGImagePath": "SpriteOutput/UI/Quest/ImgQuestMissionTest02.png",
    "ScheduleDataID": 510011,
    "TabIcon": "SpriteOutput/UI/Quest/BtnQuestMissionTest02.png",
    "TagDesc": {
      "hash": 371857150
    },
    "IntroDesc": {
      "hash": 2062897960
    }
  },
  "10012": {
    "PanelID": 10012,
    "Type": 4,
    "TypeParam": [],
    "BeginTime": "2022-05-29 10:00:00",
    "EndTime": "2022-06-21 04:00:00",
    "MinPlayerLevel": 1,
    "MaxPlayerLevel": 999,
    "UnlockMission": 1000510,
    "IsShowDayTime": true,
    "SortWeight": 500,
    "TabName": {
      "hash": -848956830
    },
    "TitleName": {
      "hash": -1041097277
    },
    "PanelDesc": {
      "hash": -817614417
    },
    "GraphImagePath": "",
    "BGImagePath": "",
    "PageBGImagePath": "",
    "ScheduleDataID": 510012,
    "TabIcon": "SpriteOutput/UI/Quest/ButtonChallengeQuest.png",
    "TagDesc": {
      "hash": 1040187751
    },
    "IntroDesc": {
      "hash": 2062897959
    }
  },
  "10013": {
    "PanelID": 10013,
    "Type": 5,
    "TypeParam": [],
    "BeginTime": "2022-04-25 04:00:00",
    "EndTime": "2022-06-21 04:00:00",
    "MinPlayerLevel": 1,
    "MaxPlayerLevel": 24,
    "UnlockMission": 1000510,
    "IsShowDayTime": false,
    "SortWeight": 1100,
    "TabName": {
      "hash": 1799250103
    },
    "TitleName": {
      "hash": 1799250103
    },
    "PanelDesc": {
      "hash": 371857150
    },
    "GraphImagePath": "",
    "BGImagePath": "",
    "PageBGImagePath": "",
    "ScheduleDataID": 510013,
    "TabIcon": "SpriteOutput/UI/Quest/BtnQuestNewbieMission.png",
    "TagDesc": {
      "hash": 371857150
    },
    "IntroDesc": {
      "hash": 371857150
    }
  }
}