{
  "cn:0": {
    "Area": "cn",
    "Type": 0,
    "LanguageList": [
      "cn"
    ],
    "DefaultLanguage": "cn"
  },
  "os:0": {
    "Area": "os",
    "Type": 0,
    "LanguageList": [
      "cht",
      "en",
      "kr",
      "jp",
      "es",
      "ru",
      "th",
      "vi",
      "id"
    ],
    "DefaultLanguage": "en"
  },
  "cn:1": {
    "Area": "cn",
    "Type": 1,
    "LanguageList": [
      "cn"
    ],
    "DefaultLanguage": "cn"
  },
  "os:1": {
    "Area": "os",
    "Type": 1,
    "LanguageList": [
      "cn",
      "en",
      "kr",
      "jp"
    ],
    "DefaultLanguage": "en"
  }
}