{
  "mar7th": {
    "VOTag": "mar7th",
    "ActionBegin": 100,
    "ActionBeginAdvantage": 0,
    "ActionBeginHighThreat": 0,
    "ReceiveHealing": 100,
    "ReceiveBuff": 0,
    "Revived": 100,
    "UltraReady": 100,
    "LightHit": 100,
    "StandBy": 100
  },
  "danheng": {
    "VOTag": "danheng",
    "ActionBegin": 100,
    "ActionBeginAdvantage": 0,
    "ActionBeginHighThreat": 0,
    "ReceiveHealing": 100,
    "ReceiveBuff": 0,
    "Revived": 100,
    "UltraReady": 100,
    "LightHit": 100,
    "StandBy": 100
  },
  "himeko": {
    "VOTag": "himeko",
    "ActionBegin": 100,
    "ActionBeginAdvantage": 0,
    "ActionBeginHighThreat": 0,
    "ReceiveHealing": 100,
    "ReceiveBuff": 0,
    "Revived": 100,
    "UltraReady": 100,
    "LightHit": 100,
    "StandBy": 100
  },
  "welt": {
    "VOTag": "welt",
    "ActionBegin": 100,
    "ActionBeginAdvantage": 0,
    "ActionBeginHighThreat": 0,
    "ReceiveHealing": 100,
    "ReceiveBuff": 0,
    "Revived": 100,
    "UltraReady": 100,
    "LightHit": 100,
    "StandBy": 100
  },
  "asta": {
    "VOTag": "asta",
    "ActionBegin": 100,
    "ActionBeginAdvantage": 0,
    "ActionBeginHighThreat": 0,
    "ReceiveHealing": 100,
    "ReceiveBuff": 0,
    "Revived": 100,
    "UltraReady": 100,
    "LightHit": 100,
    "StandBy": 100
  },
  "bronya": {
    "VOTag": "bronya",
    "ActionBegin": 100,
    "ActionBeginAdvantage": 0,
    "ActionBeginHighThreat": 0,
    "ReceiveHealing": 100,
    "ReceiveBuff": 0,
    "Revived": 100,
    "UltraReady": 100,
    "LightHit": 100,
    "StandBy": 100
  },
  "seele": {
    "VOTag": "seele",
    "ActionBegin": 100,
    "ActionBeginAdvantage": 0,
    "ActionBeginHighThreat": 0,
    "ReceiveHealing": 100,
    "ReceiveBuff": 0,
    "Revived": 100,
    "UltraReady": 100,
    "LightHit": 100,
    "StandBy": 100
  },
  "gepard": {
    "VOTag": "gepard",
    "ActionBegin": 100,
    "ActionBeginAdvantage": 0,
    "ActionBeginHighThreat": 0,
    "ReceiveHealing": 100,
    "ReceiveBuff": 0,
    "Revived": 100,
    "UltraReady": 100,
    "LightHit": 100,
    "StandBy": 100
  },
  "natasha": {
    "VOTag": "natasha",
    "ActionBegin": 100,
    "ActionBeginAdvantage": 0,
    "ActionBeginHighThreat": 0,
    "ReceiveHealing": 100,
    "ReceiveBuff": 0,
    "Revived": 100,
    "UltraReady": 100,
    "LightHit": 100,
    "StandBy": 100
  },
  "pela": {
    "VOTag": "pela",
    "ActionBegin": 100,
    "ActionBeginAdvantage": 0,
    "ActionBeginHighThreat": 0,
    "ReceiveHealing": 100,
    "ReceiveBuff": 0,
    "Revived": 100,
    "UltraReady": 100,
    "LightHit": 100,
    "StandBy": 100
  },
  "clara": {
    "VOTag": "clara",
    "ActionBegin": 100,
    "ActionBeginAdvantage": 0,
    "ActionBeginHighThreat": 0,
    "ReceiveHealing": 100,
    "ReceiveBuff": 0,
    "Revived": 100,
    "UltraReady": 100,
    "LightHit": 100,
    "StandBy": 100
  },
  "sampo": {
    "VOTag": "sampo",
    "ActionBegin": 100,
    "ActionBeginAdvantage": 0,
    "ActionBeginHighThreat": 0,
    "ReceiveHealing": 100,
    "ReceiveBuff": 0,
    "Revived": 100,
    "UltraReady": 100,
    "LightHit": 100,
    "StandBy": 100
  },
  "hook": {
    "VOTag": "hook",
    "ActionBegin": 100,
    "ActionBeginAdvantage": 0,
    "ActionBeginHighThreat": 0,
    "ReceiveHealing": 100,
    "ReceiveBuff": 0,
    "Revived": 100,
    "UltraReady": 100,
    "LightHit": 100,
    "StandBy": 0
  },
  "serval": {
    "VOTag": "serval",
    "ActionBegin": 100,
    "ActionBeginAdvantage": 0,
    "ActionBeginHighThreat": 0,
    "ReceiveHealing": 100,
    "ReceiveBuff": 0,
    "Revived": 100,
    "UltraReady": 100,
    "LightHit": 100,
    "StandBy": 100
  },
  "kafka": {
    "VOTag": "kafka",
    "ActionBegin": 100,
    "ActionBeginAdvantage": 100,
    "ActionBeginHighThreat": 100,
    "ReceiveHealing": 100,
    "ReceiveBuff": 0,
    "Revived": 100,
    "UltraReady": 100,
    "LightHit": 100,
    "StandBy": 100
  },
  "silverwolf": {
    "VOTag": "silverwolf",
    "ActionBegin": 100,
    "ActionBeginAdvantage": 100,
    "ActionBeginHighThreat": 100,
    "ReceiveHealing": 100,
    "ReceiveBuff": 0,
    "Revived": 100,
    "UltraReady": 100,
    "LightHit": 100,
    "StandBy": 100
  },
  "arlan": {
    "VOTag": "arlan",
    "ActionBegin": 100,
    "ActionBeginAdvantage": 100,
    "ActionBeginHighThreat": 100,
    "ReceiveHealing": 100,
    "ReceiveBuff": 0,
    "Revived": 100,
    "UltraReady": 100,
    "LightHit": 100,
    "StandBy": 100
  },
  "herta": {
    "VOTag": "herta",
    "ActionBegin": 100,
    "ActionBeginAdvantage": 100,
    "ActionBeginHighThreat": 100,
    "ReceiveHealing": 100,
    "ReceiveBuff": 0,
    "Revived": 100,
    "UltraReady": 100,
    "LightHit": 100,
    "StandBy": 100
  },
  "playerboy": {
    "VOTag": "playerboy",
    "ActionBegin": 100,
    "ActionBeginAdvantage": 0,
    "ActionBeginHighThreat": 0,
    "ReceiveHealing": 100,
    "ReceiveBuff": 0,
    "Revived": 100,
    "UltraReady": 0,
    "LightHit": 100,
    "StandBy": 100
  },
  "playergirl": {
    "VOTag": "playergirl",
    "ActionBegin": 100,
    "ActionBeginAdvantage": 0,
    "ActionBeginHighThreat": 0,
    "ReceiveHealing": 100,
    "ReceiveBuff": 0,
    "Revived": 100,
    "UltraReady": 0,
    "LightHit": 100,
    "StandBy": 100
  },
  "playerboy2": {
    "VOTag": "playerboy2",
    "ActionBegin": 100,
    "ActionBeginAdvantage": 100,
    "ActionBeginHighThreat": 100,
    "ReceiveHealing": 100,
    "ReceiveBuff": 0,
    "Revived": 100,
    "UltraReady": 100,
    "LightHit": 100,
    "StandBy": 100
  },
  "playergirl2": {
    "VOTag": "playergirl2",
    "ActionBegin": 100,
    "ActionBeginAdvantage": 100,
    "ActionBeginHighThreat": 100,
    "ReceiveHealing": 100,
    "ReceiveBuff": 0,
    "Revived": 100,
    "UltraReady": 100,
    "LightHit": 100,
    "StandBy": 100
  },
  "luocha": {
    "VOTag": "luocha",
    "ActionBegin": 0,
    "ActionBeginAdvantage": 0,
    "ActionBeginHighThreat": 0,
    "ReceiveHealing": 0,
    "ReceiveBuff": 0,
    "Revived": 0,
    "UltraReady": 0,
    "LightHit": 0,
    "StandBy": 0
  },
  "jingyuan": {
    "VOTag": "jingyuan",
    "ActionBegin": 100,
    "ActionBeginAdvantage": 100,
    "ActionBeginHighThreat": 100,
    "ReceiveHealing": 100,
    "ReceiveBuff": 0,
    "Revived": 100,
    "UltraReady": 100,
    "LightHit": 100,
    "StandBy": 100
  },
  "blade": {
    "VOTag": "blade",
    "ActionBegin": 100,
    "ActionBeginAdvantage": 100,
    "ActionBeginHighThreat": 100,
    "ReceiveHealing": 100,
    "ReceiveBuff": 0,
    "Revived": 100,
    "UltraReady": 100,
    "LightHit": 100,
    "StandBy": 100
  },
  "sushang": {
    "VOTag": "sushang",
    "ActionBegin": 100,
    "ActionBeginAdvantage": 100,
    "ActionBeginHighThreat": 100,
    "ReceiveHealing": 100,
    "ReceiveBuff": 0,
    "Revived": 100,
    "UltraReady": 100,
    "LightHit": 100,
    "StandBy": 100
  },
  "test": {
    "VOTag": "test",
    "ActionBegin": 0,
    "ActionBeginAdvantage": 0,
    "ActionBeginHighThreat": 0,
    "ReceiveHealing": 0,
    "ReceiveBuff": 0,
    "Revived": 0,
    "UltraReady": 0,
    "LightHit": 0,
    "StandBy": 0
  }
}