{
  "1001": {
    "AvatarID": 1001,
    "AvatarName": {
      "hash": 2517545
    },
    "AvatarFullName": {
      "hash": -1063124016
    },
    "AdventurePlayerID": 1001,
    "AvatarVOTag": "mar7th",
    "Rarity": "CombatPowerAvatarRarityType4",
    "JsonPath": "Config/ConfigCharacter/Avatar/Avatar_Mar_7th_00_Config.json",
    "NatureID": 0,
    "DamageType": "Ice",
    "SPNeed": {
      "RawValue": 515396075520
    },
    "ExpGroup": 2,
    "MaxPromotion": 5,
    "MaxRank": 6,
    "RankIDList": [
      100101,
      100102,
      100103,
      100104,
      100105,
      100106
    ],
    "RewardList": [
      {
        "ItemID": 11001,
        "ItemNum": 1
      },
      {
        "ItemID": 252,
        "ItemNum": 2
      }
    ],
    "RewardListMax": [
      {
        "ItemID": 252,
        "ItemNum": 5
      }
    ],
    "SkillList": [
      100101,
      100102,
      100103,
      100104,
      100106,
      100107
    ],
    "AvatarBaseType": "Knight",
    "DefaultAvatarModelPath": "Characters/CharacterPrefabs/Avatar/Mar_7th_00/Avatar_Mar_7th_00.prefab",
    "DefaultAvatarHeadIconPath": "SpriteOutput/AvatarIcon/1001.png",
    "AvatarSideIconPath": "SpriteOutput/AvatarRoundIcon/1001.png",
    "ActionAvatarHeadIconPath": "SpriteOutput/AvatarIconTeam/1001B.png",
    "AvatarBaseTypeIconPath": "",
    "AvatarDialogHalfImagePath": "SpriteOutput/AvatarBattleDetailIcon/1001.png",
    "UltraSkillCutInPrefabPath": "UI/Battle/UltraSkillCutIn/UltraSkillCutIn_Mar_7th.prefab",
    "UIAvatarModelPath": "Characters/CharacterPrefabs/Manikin/Mar_7th_00/Manikin_Maid_Mar_7th_00.prefab",
    "ManikinJsonPath": "Config/ConfigCharacter/Manikin/Manikin_Mar_7th_00_Config.json",
    "AvatarDesc": {
      "hash": 371857150
    },
    "AIPath": "Config/ConfigAI/Avatar_ComplexSkilll_AutoFight_AI.json",
    "SkilltreePrefabPath": "UI/Avatar/Widget/KnightSkillTreeGroup.prefab",
    "DamageTypeResistance": [],
    "Release": true,
    "SideAvatarHeadIconPath": "SpriteOutput/AvatarIconTeam/1001.png",
    "WaitingAvatarHeadIconPath": "SpriteOutput/AvatarIconTeam/1001.png",
    "AvatarCutinImgPath": "SpriteOutput/DrawCardFigures/1001.png",
    "AvatarCutinBgImgPath": "SpriteOutput/AvatarCutinBg/1001.png",
    "AvatarCutinFrontImgPath": "SpriteOutput/AvatarImgFront/1001.png",
    "AvatarCutinIntroText": {
      "hash": -1553257942
    },
    "GachaResultOffset": [
      82.0,
      -84.0,
      0.77
    ],
    "AvatarDropOffset": [
      -44.4,
      -37.0,
      0.954,
      -44.4,
      -37.0,
      0.716,
      -44.4,
      -37.0,
      0.954
    ],
    "AvatarTrialOffset": []
  },
  "1002": {
    "AvatarID": 1002,
    "AvatarName": {
      "hash": 2517546
    },
    "AvatarFullName": {
      "hash": -8036553
    },
    "AdventurePlayerID": 1002,
    "AvatarVOTag": "danheng",
    "Rarity": "CombatPowerAvatarRarityType4",
    "JsonPath": "Config/ConfigCharacter/Avatar/Avatar_DanHeng_00_Config.json",
    "NatureID": 0,
    "DamageType": "Wind",
    "SPNeed": {
      "RawValue": 429496729600
    },
    "ExpGroup": 2,
    "MaxPromotion": 5,
    "MaxRank": 6,
    "RankIDList": [
      100201,
      100202,
      100203,
      100204,
      100205,
      100206
    ],
    "RewardList": [
      {
        "ItemID": 11002,
        "ItemNum": 1
      },
      {
        "ItemID": 252,
        "ItemNum": 2
      }
    ],
    "RewardListMax": [
      {
        "ItemID": 252,
        "ItemNum": 5
      }
    ],
    "SkillList": [
      100201,
      100202,
      100203,
      100204,
      100206,
      100207
    ],
    "AvatarBaseType": "Rogue",
    "DefaultAvatarModelPath": "Characters/CharacterPrefabs/Avatar/DanHeng_00/Avatar_DanHeng_00.prefab",
    "DefaultAvatarHeadIconPath": "SpriteOutput/AvatarIcon/1002.png",
    "AvatarSideIconPath": "SpriteOutput/AvatarRoundIcon/1002.png",
    "ActionAvatarHeadIconPath": "SpriteOutput/AvatarIconTeam/1002B.png",
    "AvatarBaseTypeIconPath": "",
    "AvatarDialogHalfImagePath": "SpriteOutput/AvatarBattleDetailIcon/1002.png",
    "UltraSkillCutInPrefabPath": "UI/Battle/UltraSkillCutIn/UltraSkillCutIn_DanHeng.prefab",
    "UIAvatarModelPath": "Characters/CharacterPrefabs/Manikin/DanHeng_00/Manikin_Lad_DanHeng_00.prefab",
    "ManikinJsonPath": "Config/ConfigCharacter/Manikin/Manikin_DanHeng_00_Config.json",
    "AvatarDesc": {
      "hash": 371857150
    },
    "AIPath": "Config/ConfigAI/Avatar_ComplexSkilll_AutoFight_AI.json",
    "SkilltreePrefabPath": "UI/Avatar/Widget/RogueSkillTreeGroup.prefab",
    "DamageTypeResistance": [],
    "Release": true,
    "SideAvatarHeadIconPath": "SpriteOutput/AvatarIconTeam/1002.png",
    "WaitingAvatarHeadIconPath": "SpriteOutput/AvatarIconTeam/1002.png",
    "AvatarCutinImgPath": "SpriteOutput/DrawCardFigures/1002.png",
    "AvatarCutinBgImgPath": "SpriteOutput/AvatarCutinBg/1002.png",
    "AvatarCutinFrontImgPath": "SpriteOutput/AvatarImgFront/1002.png",
    "AvatarCutinIntroText": {
      "hash": -1553257945
    },
    "GachaResultOffset": [
      -6.0,
      -13.0,
      0.85
    ],
    "AvatarDropOffset": [
      -126.4,
      -23.1,
      1.023,
      -126.4,
      -23.1,
      0.77,
      -126.4,
      -23.1,
      1.023
    ],
    "AvatarTrialOffset": []
  },
  "1003": {
    "AvatarID": 1003,
    "AvatarName": {
      "hash": 2517547
    },
    "AvatarFullName": {
      "hash": -844315511
    },
    "AdventurePlayerID": 1003,
    "AvatarVOTag": "himeko",
    "Rarity": "CombatPowerAvatarRarityType5",
    "JsonPath": "Config/ConfigCharacter/Avatar/Avatar_Himeko_00_Config.json",
    "NatureID": 0,
    "DamageType": "Fire",
    "SPNeed": {
      "RawValue": 515396075520
    },
    "ExpGroup": 1,
    "MaxPromotion": 5,
    "MaxRank": 6,
    "RankIDList": [
      100301,
      100302,
      100303,
      100304,
      100305,
      100306
    ],
    "RewardList": [
      {
        "ItemID": 11003,
        "ItemNum": 1
      },
      {
        "ItemID": 252,
        "ItemNum": 20
      }
    ],
    "RewardListMax": [
      {
        "ItemID": 252,
        "ItemNum": 50
      }
    ],
    "SkillList": [
      100301,
      100302,
      100303,
      100304,
      100306,
      100307
    ],
    "AvatarBaseType": "Mage",
    "DefaultAvatarModelPath": "Characters/CharacterPrefabs/Avatar/Himeko_00/Avatar_Himeko_00.prefab",
    "DefaultAvatarHeadIconPath": "SpriteOutput/AvatarIcon/1003.png",
    "AvatarSideIconPath": "SpriteOutput/AvatarRoundIcon/1003.png",
    "ActionAvatarHeadIconPath": "SpriteOutput/AvatarIconTeam/1003B.png",
    "AvatarBaseTypeIconPath": "",
    "AvatarDialogHalfImagePath": "SpriteOutput/AvatarBattleDetailIcon/1003.png",
    "UltraSkillCutInPrefabPath": "UI/Battle/UltraSkillCutIn/UltraSkillCutIn_Himeko.prefab",
    "UIAvatarModelPath": "Characters/CharacterPrefabs/Manikin/Himeko_00/Manikin_Lady_Himeko_00.prefab",
    "ManikinJsonPath": "Config/ConfigCharacter/Manikin/Manikin_Himeko_00_Config.json",
    "AvatarDesc": {
      "hash": 371857150
    },
    "AIPath": "Config/ConfigAI/Avatar_ComplexSkilll_AutoFight_AI.json",
    "SkilltreePrefabPath": "UI/Avatar/Widget/MageSkillTreeGroup.prefab",
    "DamageTypeResistance": [],
    "Release": true,
    "SideAvatarHeadIconPath": "SpriteOutput/AvatarIconTeam/1003.png",
    "WaitingAvatarHeadIconPath": "SpriteOutput/AvatarIconTeam/1003.png",
    "AvatarCutinImgPath": "SpriteOutput/DrawCardFigures/1003.png",
    "AvatarCutinBgImgPath": "SpriteOutput/AvatarCutinBg/1003.png",
    "AvatarCutinFrontImgPath": "SpriteOutput/AvatarImgFront/1003.png",
    "AvatarCutinIntroText": {
      "hash": -1553257944
    },
    "GachaResultOffset": [
      65.3,
      102.2,
      1.05
    ],
    "AvatarDropOffset": [
      -84.4,
      92.9,
      1.08,
      -84.4,
      92.9,
      0.81,
      -84.4,
      92.9,
      1.08
    ],
    "AvatarTrialOffset": [
      100.0,
      150.0,
      1.0
    ]
  },
  "1004": {
    "AvatarID": 1004,
    "AvatarName": {
      "hash": 2517548
    },
    "AvatarFullName": {
      "hash": -871204766
    },
    "AdventurePlayerID": 1004,
    "AvatarVOTag": "welt",
    "Rarity": "CombatPowerAvatarRarityType5",
    "JsonPath": "Config/ConfigCharacter/Avatar/Avatar_Welt_00_Config.json",
    "NatureID": 0,
    "DamageType": "Imaginary",
    "SPNeed": {
      "RawValue": 515396075520
    },
    "ExpGroup": 1,
    "MaxPromotion": 5,
    "MaxRank": 6,
    "RankIDList": [
      100401,
      100402,
      100403,
      100404,
      100405,
      100406
    ],
    "RewardList": [
      {
        "ItemID": 11004,
        "ItemNum": 1
      },
      {
        "ItemID": 252,
        "ItemNum": 20
      }
    ],
    "RewardListMax": [
      {
        "ItemID": 252,
        "ItemNum": 50
      }
    ],
    "SkillList": [
      100401,
      100402,
      100403,
      100404,
      100406,
      100407
    ],
    "AvatarBaseType": "Warlock",
    "DefaultAvatarModelPath": "Characters/CharacterPrefabs/Avatar/Welt_00/Avatar_Welt_00.prefab",
    "DefaultAvatarHeadIconPath": "SpriteOutput/AvatarIcon/1004.png",
    "AvatarSideIconPath": "SpriteOutput/AvatarRoundIcon/1004.png",
    "ActionAvatarHeadIconPath": "SpriteOutput/AvatarIconTeam/1004B.png",
    "AvatarBaseTypeIconPath": "",
    "AvatarDialogHalfImagePath": "SpriteOutput/AvatarBattleDetailIcon/1004.png",
    "UltraSkillCutInPrefabPath": "UI/Battle/UltraSkillCutIn/UltraSkillCutIn_Welt.prefab",
    "UIAvatarModelPath": "Characters/CharacterPrefabs/Manikin/Welt_00/Manikin_Male_Welt_00.prefab",
    "ManikinJsonPath": "Config/ConfigCharacter/Manikin/Manikin_Welt_00_Config.json",
    "AvatarDesc": {
      "hash": 371857150
    },
    "AIPath": "Config/ConfigAI/Avatar_ComplexSkilll_AutoFight_AI.json",
    "SkilltreePrefabPath": "UI/Avatar/Widget/WarlockSkillTreeGroup.prefab",
    "DamageTypeResistance": [],
    "Release": true,
    "SideAvatarHeadIconPath": "SpriteOutput/AvatarIconTeam/1004.png",
    "WaitingAvatarHeadIconPath": "SpriteOutput/AvatarIconTeam/1004.png",
    "AvatarCutinImgPath": "SpriteOutput/DrawCardFigures/1004.png",
    "AvatarCutinBgImgPath": "SpriteOutput/AvatarCutinBg/1004.png",
    "AvatarCutinFrontImgPath": "SpriteOutput/AvatarImgFront/1004.png",
    "AvatarCutinIntroText": {
      "hash": -1553257939
    },
    "GachaResultOffset": [
      165.6,
      -142.3,
      0.81
    ],
    "AvatarDropOffset": [
      -17.4,
      -78.1,
      1.035,
      -18.4,
      -78.1,
      0.776,
      -17.4,
      -78.1,
      1.035
    ],
    "AvatarTrialOffset": []
  },
  "1005": {
    "AvatarID": 1005,
    "AvatarName": {
      "hash": 2517549
    },
    "AvatarFullName": {
      "hash": -1328813516
    },
    "AdventurePlayerID": 1005,
    "AvatarVOTag": "kafka",
    "Rarity": "CombatPowerAvatarRarityType5",
    "JsonPath": "Config/ConfigCharacter/Avatar/Avatar_Kafka_00_Config.json",
    "NatureID": 0,
    "DamageType": "Thunder",
    "SPNeed": {
      "RawValue": 429496729600
    },
    "ExpGroup": 1,
    "MaxPromotion": 5,
    "MaxRank": 6,
    "RankIDList": [
      100501,
      100502,
      100503,
      100504,
      100505,
      100506
    ],
    "RewardList": [
      {
        "ItemID": 11005,
        "ItemNum": 1
      },
      {
        "ItemID": 252,
        "ItemNum": 20
      }
    ],
    "RewardListMax": [
      {
        "ItemID": 252,
        "ItemNum": 50
      }
    ],
    "SkillList": [
      100501,
      100502,
      100503,
      100504,
      100506,
      100507
    ],
    "AvatarBaseType": "Warlock",
    "DefaultAvatarModelPath": "Characters/CharacterPrefabs/Avatar/Kafka_00/Avatar_Kafka_00.prefab",
    "DefaultAvatarHeadIconPath": "SpriteOutput/AvatarIcon/1005.png",
    "AvatarSideIconPath": "SpriteOutput/AvatarRoundIcon/1005.png",
    "ActionAvatarHeadIconPath": "SpriteOutput/AvatarIconTeam/1005B.png",
    "AvatarBaseTypeIconPath": "",
    "AvatarDialogHalfImagePath": "SpriteOutput/AvatarBattleDetailIcon/1005.png",
    "UltraSkillCutInPrefabPath": "UI/Battle/UltraSkillCutIn/UltraSkillCutIn_Kafka.prefab",
    "UIAvatarModelPath": "Characters/CharacterPrefabs/Manikin/Kafka_00/Manikin_Lady_Kafka_00.prefab",
    "ManikinJsonPath": "Config/ConfigCharacter/Manikin/Manikin_Kafka_00_Config.json",
    "AvatarDesc": {
      "hash": 371857150
    },
    "AIPath": "Config/ConfigAI/Avatar_ComplexSkilll_AutoFight_AI.json",
    "SkilltreePrefabPath": "UI/Avatar/Widget/WarlockSkillTreeGroup.prefab",
    "DamageTypeResistance": [],
    "Release": true,
    "SideAvatarHeadIconPath": "SpriteOutput/AvatarIconTeam/1005.png",
    "WaitingAvatarHeadIconPath": "SpriteOutput/AvatarIconTeam/1005.png",
    "AvatarCutinImgPath": "SpriteOutput/DrawCardFigures/1005.png",
    "AvatarCutinBgImgPath": "SpriteOutput/AvatarCutinBg/1005.png",
    "AvatarCutinFrontImgPath": "SpriteOutput/AvatarImgFront/1005.png",
    "AvatarCutinIntroText": {
      "hash": -1553257938
    },
    "GachaResultOffset": [
      130.0,
      -155.0,
      0.9
    ],
    "AvatarDropOffset": [
      -34.4,
      -87.1,
      0.99,
      -35.4,
      -87.1,
      0.742,
      -34.4,
      -87.1,
      0.99
    ],
    "AvatarTrialOffset": []
  },
  "1006": {
    "AvatarID": 1006,
    "AvatarName": {
      "hash": 2517550
    },
    "AvatarFullName": {
      "hash": 621775846
    },
    "AdventurePlayerID": 1006,
    "AvatarVOTag": "silverwolf",
    "Rarity": "CombatPowerAvatarRarityType5",
    "JsonPath": "Config/ConfigCharacter/Avatar/Avatar_Silwolf_00_Config.json",
    "NatureID": 0,
    "DamageType": "Quantum",
    "SPNeed": {
      "RawValue": 515396075520
    },
    "ExpGroup": 1,
    "MaxPromotion": 5,
    "MaxRank": 6,
    "RankIDList": [
      100601,
      100602,
      100603,
      100604,
      100605,
      100606
    ],
    "RewardList": [
      {
        "ItemID": 11006,
        "ItemNum": 1
      },
      {
        "ItemID": 252,
        "ItemNum": 20
      }
    ],
    "RewardListMax": [
      {
        "ItemID": 252,
        "ItemNum": 50
      }
    ],
    "SkillList": [
      100601,
      100602,
      100603,
      100604,
      100606,
      100607
    ],
    "AvatarBaseType": "Warlock",
    "DefaultAvatarModelPath": "Characters/CharacterPrefabs/Avatar/Silwolf_00/Avatar_Silwolf_00.prefab",
    "DefaultAvatarHeadIconPath": "SpriteOutput/AvatarIcon/1006.png",
    "AvatarSideIconPath": "SpriteOutput/AvatarRoundIcon/1006.png",
    "ActionAvatarHeadIconPath": "SpriteOutput/AvatarIconTeam/1006B.png",
    "AvatarBaseTypeIconPath": "",
    "AvatarDialogHalfImagePath": "SpriteOutput/AvatarBattleDetailIcon/1006.png",
    "UltraSkillCutInPrefabPath": "UI/Battle/UltraSkillCutIn/UltraSkillCutIn_Silwolf.prefab",
    "UIAvatarModelPath": "Characters/CharacterPrefabs/Manikin/Silwolf_00/Manikin_Girl_Silwolf_00.prefab",
    "ManikinJsonPath": "Config/ConfigCharacter/Manikin/Manikin_Silwolf_00_Config.json",
    "AvatarDesc": {
      "hash": 371857150
    },
    "AIPath": "Config/ConfigAI/Avatar_ComplexSkilll_AutoFight_AI.json",
    "SkilltreePrefabPath": "UI/Avatar/Widget/WarlockSkillTreeGroup.prefab",
    "DamageTypeResistance": [],
    "Release": true,
    "SideAvatarHeadIconPath": "SpriteOutput/AvatarIconTeam/1006.png",
    "WaitingAvatarHeadIconPath": "SpriteOutput/AvatarIconTeam/1006.png",
    "AvatarCutinImgPath": "SpriteOutput/DrawCardFigures/1006.png",
    "AvatarCutinBgImgPath": "SpriteOutput/AvatarCutinBg/1006.png",
    "AvatarCutinFrontImgPath": "SpriteOutput/AvatarImgFront/1006.png",
    "AvatarCutinIntroText": {
      "hash": -1553257941
    },
    "GachaResultOffset": [
      -76.1,
      6.4,
      0.67
    ],
    "AvatarDropOffset": [
      -36.4,
      -20.0999966,
      0.858,
      -34.4,
      -19.1,
      0.64,
      -36.4,
      -20.1,
      0.858
    ],
    "AvatarTrialOffset": []
  },
  "1008": {
    "AvatarID": 1008,
    "AvatarName": {
      "hash": 2517536
    },
    "AvatarFullName": {
      "hash": 1185245652
    },
    "AdventurePlayerID": 1008,
    "AvatarVOTag": "arlan",
    "Rarity": "CombatPowerAvatarRarityType4",
    "JsonPath": "Config/ConfigCharacter/Avatar/Avatar_Arlan_00_Config.json",
    "NatureID": 0,
    "DamageType": "Thunder",
    "SPNeed": {
      "RawValue": 515396075520
    },
    "ExpGroup": 2,
    "MaxPromotion": 5,
    "MaxRank": 6,
    "RankIDList": [
      100801,
      100802,
      100803,
      100804,
      100805,
      100806
    ],
    "RewardList": [
      {
        "ItemID": 11008,
        "ItemNum": 1
      },
      {
        "ItemID": 252,
        "ItemNum": 2
      }
    ],
    "RewardListMax": [
      {
        "ItemID": 252,
        "ItemNum": 5
      }
    ],
    "SkillList": [
      100801,
      100802,
      100803,
      100804,
      100806,
      100807
    ],
    "AvatarBaseType": "Warrior",
    "DefaultAvatarModelPath": "Characters/CharacterPrefabs/Avatar/Arlan_00/Avatar_Arlan_00.prefab",
    "DefaultAvatarHeadIconPath": "SpriteOutput/AvatarIcon/1008.png",
    "AvatarSideIconPath": "SpriteOutput/AvatarRoundIcon/1008.png",
    "ActionAvatarHeadIconPath": "SpriteOutput/AvatarIconTeam/1008B.png",
    "AvatarBaseTypeIconPath": "",
    "AvatarDialogHalfImagePath": "SpriteOutput/AvatarBattleDetailIcon/1008.png",
    "UltraSkillCutInPrefabPath": "UI/Battle/UltraSkillCutIn/UltraSkillCutIn_Arlan.prefab",
    "UIAvatarModelPath": "Characters/CharacterPrefabs/Manikin/Arlan_00/Manikin_Boy_Arlan_00.prefab",
    "ManikinJsonPath": "Config/ConfigCharacter/Manikin/Manikin_Arlan_00_Config.json",
    "AvatarDesc": {
      "hash": 371857150
    },
    "AIPath": "Config/ConfigAI/Avatar_ComplexSkilll_AutoFight_AI.json",
    "SkilltreePrefabPath": "UI/Avatar/Widget/WarriorSkillTreeGroup.prefab",
    "DamageTypeResistance": [],
    "Release": true,
    "SideAvatarHeadIconPath": "SpriteOutput/AvatarIconTeam/1008.png",
    "WaitingAvatarHeadIconPath": "SpriteOutput/AvatarIconTeam/1008.png",
    "AvatarCutinImgPath": "SpriteOutput/DrawCardFigures/1008.png",
    "AvatarCutinBgImgPath": "SpriteOutput/AvatarCutinBg/1008.png",
    "AvatarCutinFrontImgPath": "SpriteOutput/AvatarImgFront/1008.png",
    "AvatarCutinIntroText": {
      "hash": -1553257935
    },
    "GachaResultOffset": [
      -78.0,
      -16.0,
      0.82
    ],
    "AvatarDropOffset": [
      -32.4,
      -28.1,
      0.99,
      -32.4,
      -28.1,
      0.742,
      -32.4,
      -28.1,
      0.99
    ],
    "AvatarTrialOffset": []
  },
  "1009": {
    "AvatarID": 1009,
    "AvatarName": {
      "hash": 2517537
    },
    "AvatarFullName": {
      "hash": 1138827395
    },
    "AdventurePlayerID": 1009,
    "AvatarVOTag": "asta",
    "Rarity": "CombatPowerAvatarRarityType4",
    "JsonPath": "Config/ConfigCharacter/Avatar/Avatar_Asta_00_Config.json",
    "NatureID": 0,
    "DamageType": "Fire",
    "SPNeed": {
      "RawValue": 515396075520
    },
    "ExpGroup": 2,
    "MaxPromotion": 5,
    "MaxRank": 6,
    "RankIDList": [
      100901,
      100902,
      100903,
      100904,
      100905,
      100906
    ],
    "RewardList": [
      {
        "ItemID": 11009,
        "ItemNum": 1
      },
      {
        "ItemID": 252,
        "ItemNum": 2
      }
    ],
    "RewardListMax": [
      {
        "ItemID": 252,
        "ItemNum": 5
      }
    ],
    "SkillList": [
      100901,
      100902,
      100903,
      100904,
      100906,
      100907
    ],
    "AvatarBaseType": "Shaman",
    "DefaultAvatarModelPath": "Characters/CharacterPrefabs/Avatar/Asta_00/Avatar_Asta_00.prefab",
    "DefaultAvatarHeadIconPath": "SpriteOutput/AvatarIcon/1009.png",
    "AvatarSideIconPath": "SpriteOutput/AvatarRoundIcon/1009.png",
    "ActionAvatarHeadIconPath": "SpriteOutput/AvatarIconTeam/1009B.png",
    "AvatarBaseTypeIconPath": "",
    "AvatarDialogHalfImagePath": "SpriteOutput/AvatarBattleDetailIcon/1009.png",
    "UltraSkillCutInPrefabPath": "UI/Battle/UltraSkillCutIn/UltraSkillCutIn_Asta.prefab",
    "UIAvatarModelPath": "Characters/CharacterPrefabs/Manikin/Asta_00/Manikin_Maid_Asta_00.prefab",
    "ManikinJsonPath": "Config/ConfigCharacter/Manikin/Manikin_Asta_00_Config.json",
    "AvatarDesc": {
      "hash": 371857150
    },
    "AIPath": "Config/ConfigAI/Avatar_ComplexSkilll_AutoFight_AI.json",
    "SkilltreePrefabPath": "UI/Avatar/Widget/ShamanSkillTreeGroup.prefab",
    "DamageTypeResistance": [],
    "Release": true,
    "SideAvatarHeadIconPath": "SpriteOutput/AvatarIconTeam/1009.png",
    "WaitingAvatarHeadIconPath": "SpriteOutput/AvatarIconTeam/1009.png",
    "AvatarCutinImgPath": "SpriteOutput/DrawCardFigures/1009.png",
    "AvatarCutinBgImgPath": "SpriteOutput/AvatarCutinBg/1009.png",
    "AvatarCutinFrontImgPath": "SpriteOutput/AvatarImgFront/1009.png",
    "AvatarCutinIntroText": {
      "hash": -1553257934
    },
    "GachaResultOffset": [
      75.0,
      -50.0,
      0.79
    ],
    "AvatarDropOffset": [
      -71.4,
      -44.1,
      0.875,
      -76.4,
      -44.1,
      0.675,
      -59.4,
      -44.1,
      0.83
    ],
    "AvatarTrialOffset": []
  },
  "1013": {
    "AvatarID": 1013,
    "AvatarName": {
      "hash": 1568601488
    },
    "AvatarFullName": {
      "hash": -683608126
    },
    "AdventurePlayerID": 1013,
    "AvatarVOTag": "herta",
    "Rarity": "CombatPowerAvatarRarityType4",
    "JsonPath": "Config/ConfigCharacter/Avatar/Avatar_Herta_00_Config.json",
    "NatureID": 0,
    "DamageType": "Ice",
    "SPNeed": {
      "RawValue": 429496729600
    },
    "ExpGroup": 2,
    "MaxPromotion": 5,
    "MaxRank": 6,
    "RankIDList": [
      101301,
      101302,
      101303,
      101304,
      101305,
      101306
    ],
    "RewardList": [
      {
        "ItemID": 11013,
        "ItemNum": 1
      },
      {
        "ItemID": 252,
        "ItemNum": 2
      }
    ],
    "RewardListMax": [
      {
        "ItemID": 252,
        "ItemNum": 5
      }
    ],
    "SkillList": [
      101301,
      101302,
      101303,
      101304,
      101306,
      101307
    ],
    "AvatarBaseType": "Mage",
    "DefaultAvatarModelPath": "Characters/CharacterPrefabs/Avatar/Herta_00/Avatar_Herta_00.prefab",
    "DefaultAvatarHeadIconPath": "SpriteOutput/AvatarIcon/1013.png",
    "AvatarSideIconPath": "SpriteOutput/AvatarRoundIcon/1013.png",
    "ActionAvatarHeadIconPath": "SpriteOutput/AvatarIconTeam/1013B.png",
    "AvatarBaseTypeIconPath": "",
    "AvatarDialogHalfImagePath": "SpriteOutput/AvatarBattleDetailIcon/1013.png",
    "UltraSkillCutInPrefabPath": "UI/Battle/UltraSkillCutIn/UltraSkillCutIn_Herta.prefab",
    "UIAvatarModelPath": "Characters/CharacterPrefabs/Manikin/Herta_00/Manikin_Girl_Herta_00.prefab",
    "ManikinJsonPath": "Config/ConfigCharacter/Manikin/Manikin_Herta_00_Config.json",
    "AvatarDesc": {
      "hash": 371857150
    },
    "AIPath": "Config/ConfigAI/Avatar_ComplexSkilll_AutoFight_AI.json",
    "SkilltreePrefabPath": "UI/Avatar/Widget/MageSkillTreeGroup.prefab",
    "DamageTypeResistance": [],
    "Release": true,
    "SideAvatarHeadIconPath": "SpriteOutput/AvatarIconTeam/1013.png",
    "WaitingAvatarHeadIconPath": "SpriteOutput/AvatarIconTeam/1013.png",
    "AvatarCutinImgPath": "SpriteOutput/DrawCardFigures/1013.png",
    "AvatarCutinBgImgPath": "SpriteOutput/AvatarCutinBg/1013.png",
    "AvatarCutinFrontImgPath": "SpriteOutput/AvatarImgFront/1013.png",
    "AvatarCutinIntroText": {
      "hash": 1175625411
    },
    "GachaResultOffset": [
      75.0,
      -120.0,
      0.55
    ],
    "AvatarDropOffset": [
      -57.4,
      -127.1,
      0.85,
      -57.4,
      -125.1,
      0.64,
      -57.4,
      -127.1,
      0.85
    ],
    "AvatarTrialOffset": []
  },
  "1101": {
    "AvatarID": 1101,
    "AvatarName": {
      "hash": 2517640
    },
    "AvatarFullName": {
      "hash": 1695376073
    },
    "AdventurePlayerID": 1101,
    "AvatarVOTag": "bronya",
    "Rarity": "CombatPowerAvatarRarityType5",
    "JsonPath": "Config/ConfigCharacter/Avatar/Avatar_Bronya_00_Config.json",
    "NatureID": 0,
    "DamageType": "Wind",
    "SPNeed": {
      "RawValue": 515396075520
    },
    "ExpGroup": 1,
    "MaxPromotion": 5,
    "MaxRank": 6,
    "RankIDList": [
      110101,
      110102,
      110103,
      110104,
      110105,
      110106
    ],
    "RewardList": [
      {
        "ItemID": 11101,
        "ItemNum": 1
      },
      {
        "ItemID": 252,
        "ItemNum": 20
      }
    ],
    "RewardListMax": [
      {
        "ItemID": 252,
        "ItemNum": 50
      }
    ],
    "SkillList": [
      110101,
      110102,
      110103,
      110104,
      110106,
      110107
    ],
    "AvatarBaseType": "Shaman",
    "DefaultAvatarModelPath": "Characters/CharacterPrefabs/Avatar/Bronya_00/Avatar_Bronya_00.prefab",
    "DefaultAvatarHeadIconPath": "SpriteOutput/AvatarIcon/1101.png",
    "AvatarSideIconPath": "SpriteOutput/AvatarRoundIcon/1101.png",
    "ActionAvatarHeadIconPath": "SpriteOutput/AvatarIconTeam/1101B.png",
    "AvatarBaseTypeIconPath": "",
    "AvatarDialogHalfImagePath": "SpriteOutput/AvatarBattleDetailIcon/1101.png",
    "UltraSkillCutInPrefabPath": "UI/Battle/UltraSkillCutIn/UltraSkillCutIn_Bronya.prefab",
    "UIAvatarModelPath": "Characters/CharacterPrefabs/Manikin/Bronya_00/Manikin_Maid_Bronya_00.prefab",
    "ManikinJsonPath": "Config/ConfigCharacter/Manikin/Manikin_Bronya_00_Config.json",
    "AvatarDesc": {
      "hash": 371857150
    },
    "AIPath": "Config/ConfigAI/Avatar_ComplexSkilll_AutoFight_AI.json",
    "SkilltreePrefabPath": "UI/Avatar/Widget/ShamanSkillTreeGroup.prefab",
    "DamageTypeResistance": [],
    "Release": true,
    "SideAvatarHeadIconPath": "SpriteOutput/AvatarIconTeam/1101.png",
    "WaitingAvatarHeadIconPath": "SpriteOutput/AvatarIconTeam/1101.png",
    "AvatarCutinImgPath": "SpriteOutput/DrawCardFigures/1101.png",
    "AvatarCutinBgImgPath": "SpriteOutput/AvatarCutinBg/1101.png",
    "AvatarCutinFrontImgPath": "SpriteOutput/AvatarImgFront/1101.png",
    "AvatarCutinIntroText": {
      "hash": -1553257847
    },
    "GachaResultOffset": [
      114.2,
      -50.8,
      0.96
    ],
    "AvatarDropOffset": [
      -39.4,
      12.9,
      1.035,
      -39.4,
      12.9,
      0.776,
      -39.4,
      12.9,
      1.035
    ],
    "AvatarTrialOffset": []
  },
  "1102": {
    "AvatarID": 1102,
    "AvatarName": {
      "hash": 2517643
    },
    "AvatarFullName": {
      "hash": -327370702
    },
    "AdventurePlayerID": 1102,
    "AvatarVOTag": "seele",
    "Rarity": "CombatPowerAvatarRarityType5",
    "JsonPath": "Config/ConfigCharacter/Avatar/Avatar_Seele_00_Config.json",
    "NatureID": 0,
    "DamageType": "Quantum",
    "SPNeed": {
      "RawValue": 515396075520
    },
    "ExpGroup": 1,
    "MaxPromotion": 5,
    "MaxRank": 6,
    "RankIDList": [
      110201,
      110202,
      110203,
      110204,
      110205,
      110206
    ],
    "RewardList": [
      {
        "ItemID": 11102,
        "ItemNum": 1
      },
      {
        "ItemID": 252,
        "ItemNum": 20
      }
    ],
    "RewardListMax": [
      {
        "ItemID": 252,
        "ItemNum": 50
      }
    ],
    "SkillList": [
      110201,
      110202,
      110203,
      110204,
      110206,
      110207
    ],
    "AvatarBaseType": "Rogue",
    "DefaultAvatarModelPath": "Characters/CharacterPrefabs/Avatar/Seele_00/Avatar_Seele_00.prefab",
    "DefaultAvatarHeadIconPath": "SpriteOutput/AvatarIcon/1102.png",
    "AvatarSideIconPath": "SpriteOutput/AvatarRoundIcon/1102.png",
    "ActionAvatarHeadIconPath": "SpriteOutput/AvatarIconTeam/1102B.png",
    "AvatarBaseTypeIconPath": "",
    "AvatarDialogHalfImagePath": "SpriteOutput/AvatarBattleDetailIcon/1102.png",
    "UltraSkillCutInPrefabPath": "UI/Battle/UltraSkillCutIn/UltraSkillCutIn_Seele.prefab",
    "UIAvatarModelPath": "Characters/CharacterPrefabs/Manikin/Seele_00/Manikin_Maid_Seele_00.prefab",
    "ManikinJsonPath": "Config/ConfigCharacter/Manikin/Manikin_Seele_00_Config.json",
    "AvatarDesc": {
      "hash": 371857150
    },
    "AIPath": "Config/ConfigAI/Avatar_ComplexSkilll_AutoFight_AI.json",
    "SkilltreePrefabPath": "UI/Avatar/Widget/RogueSkillTreeGroup.prefab",
    "DamageTypeResistance": [],
    "Release": true,
    "SideAvatarHeadIconPath": "SpriteOutput/AvatarIconTeam/1102.png",
    "WaitingAvatarHeadIconPath": "SpriteOutput/AvatarIconTeam/1102.png",
    "AvatarCutinImgPath": "SpriteOutput/DrawCardFigures/1102.png",
    "AvatarCutinBgImgPath": "SpriteOutput/AvatarCutinBg/1102.png",
    "AvatarCutinFrontImgPath": "SpriteOutput/AvatarImgFront/1102.png",
    "AvatarCutinIntroText": {
      "hash": -1553257848
    },
    "GachaResultOffset": [
      271.0,
      304.0,
      0.9
    ],
    "AvatarDropOffset": [
      32.6,
      167.9,
      1.08,
      32.6,
      167.9,
      0.81,
      32.6,
      167.9,
      1.08
    ],
    "AvatarTrialOffset": []
  },
  "1103": {
    "AvatarID": 1103,
    "AvatarName": {
      "hash": 2517642
    },
    "AvatarFullName": {
      "hash": -748459673
    },
    "AdventurePlayerID": 1103,
    "AvatarVOTag": "serval",
    "Rarity": "CombatPowerAvatarRarityType4",
    "JsonPath": "Config/ConfigCharacter/Avatar/Avatar_Serval_00_Config.json",
    "NatureID": 0,
    "DamageType": "Thunder",
    "SPNeed": {
      "RawValue": 429496729600
    },
    "ExpGroup": 2,
    "MaxPromotion": 5,
    "MaxRank": 6,
    "RankIDList": [
      110301,
      110302,
      110303,
      110304,
      110305,
      110306
    ],
    "RewardList": [
      {
        "ItemID": 11103,
        "ItemNum": 1
      },
      {
        "ItemID": 252,
        "ItemNum": 2
      }
    ],
    "RewardListMax": [
      {
        "ItemID": 252,
        "ItemNum": 5
      }
    ],
    "SkillList": [
      110301,
      110302,
      110303,
      110304,
      110306,
      110307
    ],
    "AvatarBaseType": "Mage",
    "DefaultAvatarModelPath": "Characters/CharacterPrefabs/Avatar/Serval_00/Avatar_Serval_00.prefab",
    "DefaultAvatarHeadIconPath": "SpriteOutput/AvatarIcon/1103.png",
    "AvatarSideIconPath": "SpriteOutput/AvatarRoundIcon/1103.png",
    "ActionAvatarHeadIconPath": "SpriteOutput/AvatarIconTeam/1103B.png",
    "AvatarBaseTypeIconPath": "",
    "AvatarDialogHalfImagePath": "SpriteOutput/AvatarBattleDetailIcon/1103.png",
    "UltraSkillCutInPrefabPath": "UI/Battle/UltraSkillCutIn/UltraSkillCutIn_Serval.prefab",
    "UIAvatarModelPath": "Characters/CharacterPrefabs/Manikin/Serval_00/Manikin_Lady_Serval_00.prefab",
    "ManikinJsonPath": "Config/ConfigCharacter/Manikin/Manikin_Serval_00_Config.json",
    "AvatarDesc": {
      "hash": 371857150
    },
    "AIPath": "Config/ConfigAI/Avatar_ComplexSkilll_AutoFight_AI.json",
    "SkilltreePrefabPath": "UI/Avatar/Widget/MageSkillTreeGroup.prefab",
    "DamageTypeResistance": [],
    "Release": true,
    "SideAvatarHeadIconPath": "SpriteOutput/AvatarIconTeam/1103.png",
    "WaitingAvatarHeadIconPath": "SpriteOutput/AvatarIconTeam/1103.png",
    "AvatarCutinImgPath": "SpriteOutput/DrawCardFigures/1103.png",
    "AvatarCutinBgImgPath": "SpriteOutput/AvatarCutinBg/1103.png",
    "AvatarCutinFrontImgPath": "SpriteOutput/AvatarImgFront/1103.png",
    "AvatarCutinIntroText": {
      "hash": -1553257849
    },
    "GachaResultOffset": [
      37.1,
      -20.8,
      0.89
    ],
    "AvatarDropOffset": [
      -90.4,
      -18.1,
      0.9,
      -90.4,
      -18.1,
      0.675,
      -90.4,
      -18.1,
      0.9
    ],
    "AvatarTrialOffset": []
  },
  "1104": {
    "AvatarID": 1104,
    "AvatarName": {
      "hash": 2517645
    },
    "AvatarFullName": {
      "hash": 2027198969
    },
    "AdventurePlayerID": 1104,
    "AvatarVOTag": "gepard",
    "Rarity": "CombatPowerAvatarRarityType5",
    "JsonPath": "Config/ConfigCharacter/Avatar/Avatar_Gepard_00_Config.json",
    "NatureID": 0,
    "DamageType": "Ice",
    "SPNeed": {
      "RawValue": 386547056640
    },
    "ExpGroup": 1,
    "MaxPromotion": 5,
    "MaxRank": 6,
    "RankIDList": [
      110401,
      110402,
      110403,
      110404,
      110405,
      110406
    ],
    "RewardList": [
      {
        "ItemID": 11104,
        "ItemNum": 1
      },
      {
        "ItemID": 252,
        "ItemNum": 20
      }
    ],
    "RewardListMax": [
      {
        "ItemID": 252,
        "ItemNum": 50
      }
    ],
    "SkillList": [
      110401,
      110402,
      110403,
      110404,
      110406,
      110407
    ],
    "AvatarBaseType": "Knight",
    "DefaultAvatarModelPath": "Characters/CharacterPrefabs/Avatar/Gepard_00/Avatar_Gepard_00.prefab",
    "DefaultAvatarHeadIconPath": "SpriteOutput/AvatarIcon/1104.png",
    "AvatarSideIconPath": "SpriteOutput/AvatarRoundIcon/1104.png",
    "ActionAvatarHeadIconPath": "SpriteOutput/AvatarIconTeam/1104B.png",
    "AvatarBaseTypeIconPath": "",
    "AvatarDialogHalfImagePath": "SpriteOutput/AvatarBattleDetailIcon/1104.png",
    "UltraSkillCutInPrefabPath": "UI/Battle/UltraSkillCutIn/UltraSkillCutIn_Gepard.prefab",
    "UIAvatarModelPath": "Characters/CharacterPrefabs/Manikin/Gepard_00/Manikin_Male_Gepard_00.prefab",
    "ManikinJsonPath": "Config/ConfigCharacter/Manikin/Manikin_Gepard_00_Config.json",
    "AvatarDesc": {
      "hash": 371857150
    },
    "AIPath": "Config/ConfigAI/Avatar_ComplexSkilll_AutoFight_AI.json",
    "SkilltreePrefabPath": "UI/Avatar/Widget/KnightSkillTreeGroup.prefab",
    "DamageTypeResistance": [],
    "Release": true,
    "SideAvatarHeadIconPath": "SpriteOutput/AvatarIconTeam/1104.png",
    "WaitingAvatarHeadIconPath": "SpriteOutput/AvatarIconTeam/1104.png",
    "AvatarCutinImgPath": "SpriteOutput/DrawCardFigures/1104.png",
    "AvatarCutinBgImgPath": "SpriteOutput/AvatarCutinBg/1104.png",
    "AvatarCutinFrontImgPath": "SpriteOutput/AvatarImgFront/1104.png",
    "AvatarCutinIntroText": {
      "hash": -1553257842
    },
    "GachaResultOffset": [
      -61.8,
      31.9,
      0.94
    ],
    "AvatarDropOffset": [
      -172.4,
      59.9,
      1.115,
      -179.4,
      60.9,
      0.839,
      -178.4,
      59.9,
      1.115
    ],
    "AvatarTrialOffset": []
  },
  "1105": {
    "AvatarID": 1105,
    "AvatarName": {
      "hash": 2517644
    },
    "AvatarFullName": {
      "hash": -1244252722
    },
    "AdventurePlayerID": 1105,
    "AvatarVOTag": "natasha",
    "Rarity": "CombatPowerAvatarRarityType4",
    "JsonPath": "Config/ConfigCharacter/Avatar/Avatar_Natasha_00_Config.json",
    "NatureID": 0,
    "DamageType": "Physical",
    "SPNeed": {
      "RawValue": 343597383680
    },
    "ExpGroup": 2,
    "MaxPromotion": 5,
    "MaxRank": 6,
    "RankIDList": [
      110501,
      110502,
      110503,
      110504,
      110505,
      110506
    ],
    "RewardList": [
      {
        "ItemID": 11105,
        "ItemNum": 1
      },
      {
        "ItemID": 252,
        "ItemNum": 2
      }
    ],
    "RewardListMax": [
      {
        "ItemID": 252,
        "ItemNum": 5
      }
    ],
    "SkillList": [
      110501,
      110502,
      110503,
      110504,
      110506,
      110507
    ],
    "AvatarBaseType": "Priest",
    "DefaultAvatarModelPath": "Characters/CharacterPrefabs/Avatar/Natasha_00/Avatar_Natasha_00.prefab",
    "DefaultAvatarHeadIconPath": "SpriteOutput/AvatarIcon/1105.png",
    "AvatarSideIconPath": "SpriteOutput/AvatarRoundIcon/1105.png",
    "ActionAvatarHeadIconPath": "SpriteOutput/AvatarIconTeam/1105B.png",
    "AvatarBaseTypeIconPath": "",
    "AvatarDialogHalfImagePath": "SpriteOutput/AvatarBattleDetailIcon/1105.png",
    "UltraSkillCutInPrefabPath": "UI/Battle/UltraSkillCutIn/UltraSkillCutIn_Natasha.prefab",
    "UIAvatarModelPath": "Characters/CharacterPrefabs/Manikin/Natasha_00/Manikin_Lady_Natasha_00.prefab",
    "ManikinJsonPath": "Config/ConfigCharacter/Manikin/Manikin_Natasha_00_Config.json",
    "AvatarDesc": {
      "hash": 371857150
    },
    "AIPath": "Config/ConfigAI/Avatar_ComplexSkilll_AutoFight_AI.json",
    "SkilltreePrefabPath": "UI/Avatar/Widget/PriestSkillTreeGroup.prefab",
    "DamageTypeResistance": [],
    "Release": true,
    "SideAvatarHeadIconPath": "SpriteOutput/AvatarIconTeam/1105.png",
    "WaitingAvatarHeadIconPath": "SpriteOutput/AvatarIconTeam/1105.png",
    "AvatarCutinImgPath": "SpriteOutput/DrawCardFigures/1105.png",
    "AvatarCutinBgImgPath": "SpriteOutput/AvatarCutinBg/1105.png",
    "AvatarCutinFrontImgPath": "SpriteOutput/AvatarImgFront/1105.png",
    "AvatarCutinIntroText": {
      "hash": -1553257843
    },
    "GachaResultOffset": [
      96.0,
      -157.0,
      0.67
    ],
    "AvatarDropOffset": [
      -46.12,
      -97.14,
      0.896,
      -46.12,
      -97.14,
      0.6720001,
      -46.12,
      -97.14,
      0.896
    ],
    "AvatarTrialOffset": []
  },
  "1106": {
    "AvatarID": 1106,
    "AvatarName": {
      "hash": 2517647
    },
    "AvatarFullName": {
      "hash": -562028418
    },
    "AdventurePlayerID": 1106,
    "AvatarVOTag": "pela",
    "Rarity": "CombatPowerAvatarRarityType4",
    "JsonPath": "Config/ConfigCharacter/Avatar/Avatar_Pela_00_Config.json",
    "NatureID": 0,
    "DamageType": "Ice",
    "SPNeed": {
      "RawValue": 515396075520
    },
    "ExpGroup": 2,
    "MaxPromotion": 5,
    "MaxRank": 6,
    "RankIDList": [
      110601,
      110602,
      110603,
      110604,
      110605,
      110606
    ],
    "RewardList": [
      {
        "ItemID": 11106,
        "ItemNum": 1
      },
      {
        "ItemID": 252,
        "ItemNum": 2
      }
    ],
    "RewardListMax": [
      {
        "ItemID": 252,
        "ItemNum": 5
      }
    ],
    "SkillList": [
      110601,
      110602,
      110603,
      110604,
      110606,
      110607
    ],
    "AvatarBaseType": "Warlock",
    "DefaultAvatarModelPath": "Characters/CharacterPrefabs/Avatar/Pela_00/Avatar_Pela_00.prefab",
    "DefaultAvatarHeadIconPath": "SpriteOutput/AvatarIcon/1106.png",
    "AvatarSideIconPath": "SpriteOutput/AvatarRoundIcon/1106.png",
    "ActionAvatarHeadIconPath": "SpriteOutput/AvatarIconTeam/1106B.png",
    "AvatarBaseTypeIconPath": "",
    "AvatarDialogHalfImagePath": "SpriteOutput/AvatarBattleDetailIcon/1106.png",
    "UltraSkillCutInPrefabPath": "UI/Battle/UltraSkillCutIn/UltraSkillCutIn_Pela.prefab",
    "UIAvatarModelPath": "Characters/CharacterPrefabs/Manikin/Pela_00/Manikin_Girl_Pela_00.prefab",
    "ManikinJsonPath": "Config/ConfigCharacter/Manikin/Manikin_Pela_00_Config.json",
    "AvatarDesc": {
      "hash": 371857150
    },
    "AIPath": "Config/ConfigAI/Avatar_ComplexSkilll_AutoFight_AI.json",
    "SkilltreePrefabPath": "UI/Avatar/Widget/WarlockSkillTreeGroup.prefab",
    "DamageTypeResistance": [],
    "Release": true,
    "SideAvatarHeadIconPath": "SpriteOutput/AvatarIconTeam/1106.png",
    "WaitingAvatarHeadIconPath": "SpriteOutput/AvatarIconTeam/1106.png",
    "AvatarCutinImgPath": "SpriteOutput/DrawCardFigures/1106.png",
    "AvatarCutinBgImgPath": "SpriteOutput/AvatarCutinBg/1106.png",
    "AvatarCutinFrontImgPath": "SpriteOutput/AvatarImgFront/1106.png",
    "AvatarCutinIntroText": {
      "hash": -1553257844
    },
    "GachaResultOffset": [
      196.6,
      -4.6,
      0.83
    ],
    "AvatarDropOffset": [
      7.6,
      5.9,
      0.945,
      8.6,
      4.9,
      0.708,
      7.6,
      5.9,
      0.945
    ],
    "AvatarTrialOffset": []
  },
  "1107": {
    "AvatarID": 1107,
    "AvatarName": {
      "hash": 2517646
    },
    "AvatarFullName": {
      "hash": 304527861
    },
    "AdventurePlayerID": 1107,
    "AvatarVOTag": "clara",
    "Rarity": "CombatPowerAvatarRarityType5",
    "JsonPath": "Config/ConfigCharacter/Avatar/Avatar_Klara_00_Config.json",
    "NatureID": 0,
    "DamageType": "Physical",
    "SPNeed": {
      "RawValue": 515396075520
    },
    "ExpGroup": 1,
    "MaxPromotion": 5,
    "MaxRank": 6,
    "RankIDList": [
      110701,
      110702,
      110703,
      110704,
      110705,
      110706
    ],
    "RewardList": [
      {
        "ItemID": 11107,
        "ItemNum": 1
      },
      {
        "ItemID": 252,
        "ItemNum": 20
      }
    ],
    "RewardListMax": [
      {
        "ItemID": 252,
        "ItemNum": 50
      }
    ],
    "SkillList": [
      110701,
      110702,
      110703,
      110704,
      110706,
      110707
    ],
    "AvatarBaseType": "Warrior",
    "DefaultAvatarModelPath": "Characters/CharacterPrefabs/Avatar/Klara_00/Avatar_Klara_00.prefab",
    "DefaultAvatarHeadIconPath": "SpriteOutput/AvatarIcon/1107.png",
    "AvatarSideIconPath": "SpriteOutput/AvatarRoundIcon/1107.png",
    "ActionAvatarHeadIconPath": "SpriteOutput/AvatarIconTeam/1107B.png",
    "AvatarBaseTypeIconPath": "",
    "AvatarDialogHalfImagePath": "SpriteOutput/AvatarBattleDetailIcon/1107.png",
    "UltraSkillCutInPrefabPath": "UI/Battle/UltraSkillCutIn/UltraSkillCutIn_Klara.prefab",
    "UIAvatarModelPath": "Characters/CharacterPrefabs/Manikin/Klara_00/Manikin_Girl_Klara_00.prefab",
    "ManikinJsonPath": "Config/ConfigCharacter/Manikin/Manikin_Klara_00_Config.json",
    "AvatarDesc": {
      "hash": 371857150
    },
    "AIPath": "Config/ConfigAI/Avatar_ComplexSkilll_AutoFight_AI.json",
    "SkilltreePrefabPath": "UI/Avatar/Widget/WarriorSkillTreeGroup.prefab",
    "DamageTypeResistance": [],
    "Release": true,
    "SideAvatarHeadIconPath": "SpriteOutput/AvatarIconTeam/1107.png",
    "WaitingAvatarHeadIconPath": "SpriteOutput/AvatarIconTeam/1107.png",
    "AvatarCutinImgPath": "SpriteOutput/DrawCardFigures/1107.png",
    "AvatarCutinBgImgPath": "SpriteOutput/AvatarCutinBg/1107.png",
    "AvatarCutinFrontImgPath": "SpriteOutput/AvatarImgFront/1107.png",
    "AvatarCutinIntroText": {
      "hash": -1553257845
    },
    "GachaResultOffset": [
      262.4,
      -113.6,
      0.78
    ],
    "AvatarDropOffset": [
      19.6,
      -100.1,
      0.945,
      18.6,
      -100.1,
      0.70875,
      19.6,
      -100.1,
      0.945
    ],
    "AvatarTrialOffset": []
  },
  "1108": {
    "AvatarID": 1108,
    "AvatarName": {
      "hash": 2517633
    },
    "AvatarFullName": {
      "hash": -2088319272
    },
    "AdventurePlayerID": 1108,
    "AvatarVOTag": "sampo",
    "Rarity": "CombatPowerAvatarRarityType4",
    "JsonPath": "Config/ConfigCharacter/Avatar/Avatar_Sampo_00_Config.json",
    "NatureID": 0,
    "DamageType": "Wind",
    "SPNeed": {
      "RawValue": 515396075520
    },
    "ExpGroup": 2,
    "MaxPromotion": 5,
    "MaxRank": 6,
    "RankIDList": [
      110801,
      110802,
      110803,
      110804,
      110805,
      110806
    ],
    "RewardList": [
      {
        "ItemID": 11108,
        "ItemNum": 1
      },
      {
        "ItemID": 252,
        "ItemNum": 2
      }
    ],
    "RewardListMax": [
      {
        "ItemID": 252,
        "ItemNum": 5
      }
    ],
    "SkillList": [
      110801,
      110802,
      110803,
      110804,
      110806,
      110807
    ],
    "AvatarBaseType": "Warlock",
    "DefaultAvatarModelPath": "Characters/CharacterPrefabs/Avatar/Sampo_00/Avatar_Sampo_00.prefab",
    "DefaultAvatarHeadIconPath": "SpriteOutput/AvatarIcon/1108.png",
    "AvatarSideIconPath": "SpriteOutput/AvatarRoundIcon/1108.png",
    "ActionAvatarHeadIconPath": "SpriteOutput/AvatarIconTeam/1108B.png",
    "AvatarBaseTypeIconPath": "",
    "AvatarDialogHalfImagePath": "SpriteOutput/AvatarBattleDetailIcon/1108.png",
    "UltraSkillCutInPrefabPath": "UI/Battle/UltraSkillCutIn/UltraSkillCutIn_Sampo.prefab",
    "UIAvatarModelPath": "Characters/CharacterPrefabs/Manikin/Sampo_00/Manikin_Male_Sampo_00.prefab",
    "ManikinJsonPath": "Config/ConfigCharacter/Manikin/Manikin_Sampo_00_Config.json",
    "AvatarDesc": {
      "hash": 371857150
    },
    "AIPath": "Config/ConfigAI/Avatar_ComplexSkilll_AutoFight_AI.json",
    "SkilltreePrefabPath": "UI/Avatar/Widget/WarlockSkillTreeGroup.prefab",
    "DamageTypeResistance": [],
    "Release": true,
    "SideAvatarHeadIconPath": "SpriteOutput/AvatarIconTeam/1108.png",
    "WaitingAvatarHeadIconPath": "SpriteOutput/AvatarIconTeam/1108.png",
    "AvatarCutinImgPath": "SpriteOutput/DrawCardFigures/1108.png",
    "AvatarCutinBgImgPath": "SpriteOutput/AvatarCutinBg/1108.png",
    "AvatarCutinFrontImgPath": "SpriteOutput/AvatarImgFront/1108.png",
    "AvatarCutinIntroText": {
      "hash": -1553257838
    },
    "GachaResultOffset": [
      82.0,
      -117.0,
      0.69
    ],
    "AvatarDropOffset": [
      -43.4,
      -71.1,
      0.925,
      -41.4,
      -70.1,
      0.69,
      56.6,
      -71.1,
      0.925
    ],
    "AvatarTrialOffset": []
  },
  "1109": {
    "AvatarID": 1109,
    "AvatarName": {
      "hash": 2517632
    },
    "AvatarFullName": {
      "hash": 963907623
    },
    "AdventurePlayerID": 1109,
    "AvatarVOTag": "hook",
    "Rarity": "CombatPowerAvatarRarityType4",
    "JsonPath": "Config/ConfigCharacter/Avatar/Avatar_Hook_00_Config.json",
    "NatureID": 0,
    "DamageType": "Fire",
    "SPNeed": {
      "RawValue": 429496729600
    },
    "ExpGroup": 2,
    "MaxPromotion": 5,
    "MaxRank": 6,
    "RankIDList": [
      110901,
      110902,
      110903,
      110904,
      110905,
      110906
    ],
    "RewardList": [
      {
        "ItemID": 11109,
        "ItemNum": 1
      },
      {
        "ItemID": 252,
        "ItemNum": 2
      }
    ],
    "RewardListMax": [
      {
        "ItemID": 252,
        "ItemNum": 5
      }
    ],
    "SkillList": [
      110901,
      110902,
      110903,
      110904,
      110906,
      110907,
      110909
    ],
    "AvatarBaseType": "Warrior",
    "DefaultAvatarModelPath": "Characters/CharacterPrefabs/Avatar/Hook_00/Avatar_Hook_00.prefab",
    "DefaultAvatarHeadIconPath": "SpriteOutput/AvatarIcon/1109.png",
    "AvatarSideIconPath": "SpriteOutput/AvatarRoundIcon/1109.png",
    "ActionAvatarHeadIconPath": "SpriteOutput/AvatarIconTeam/1109B.png",
    "AvatarBaseTypeIconPath": "",
    "AvatarDialogHalfImagePath": "SpriteOutput/AvatarBattleDetailIcon/1109.png",
    "UltraSkillCutInPrefabPath": "UI/Battle/UltraSkillCutIn/UltraSkillCutIn_Hook.prefab",
    "UIAvatarModelPath": "Characters/CharacterPrefabs/Manikin/Hook_00/Manikin_Kid_Hook_00.prefab",
    "ManikinJsonPath": "Config/ConfigCharacter/Manikin/Manikin_Hook_00_Config.json",
    "AvatarDesc": {
      "hash": 371857150
    },
    "AIPath": "Config/ConfigAI/Avatar_ComplexSkilll_AutoFight_AI.json",
    "SkilltreePrefabPath": "UI/Avatar/Widget/WarriorSkillTreeGroup.prefab",
    "DamageTypeResistance": [],
    "Release": true,
    "SideAvatarHeadIconPath": "SpriteOutput/AvatarIconTeam/1109.png",
    "WaitingAvatarHeadIconPath": "SpriteOutput/AvatarIconTeam/1109.png",
    "AvatarCutinImgPath": "SpriteOutput/DrawCardFigures/1109.png",
    "AvatarCutinBgImgPath": "SpriteOutput/AvatarCutinBg/1109.png",
    "AvatarCutinFrontImgPath": "SpriteOutput/AvatarImgFront/1109.png",
    "AvatarCutinIntroText": {
      "hash": -1553257839
    },
    "GachaResultOffset": [
      99.0,
      114.0,
      0.62
    ],
    "AvatarDropOffset": [
      -1.4,
      -0.1,
      0.91,
      -2.4,
      -0.1,
      0.68,
      -1.4,
      -0.1,
      0.91
    ],
    "AvatarTrialOffset": []
  },
  "8001": {
    "AvatarID": 8001,
    "AvatarName": {
      "hash": -1576862826
    },
    "AvatarFullName": {
      "hash": -1461075445
    },
    "AdventurePlayerID": 8001,
    "AvatarVOTag": "playerboy",
    "Rarity": "CombatPowerAvatarRarityType5",
    "JsonPath": "Config/ConfigCharacter/Avatar/Avatar_PlayerBoy_00_Config.json",
    "NatureID": 0,
    "DamageType": "Physical",
    "SPNeed": {
      "RawValue": 515396075520
    },
    "ExpGroup": 1,
    "MaxPromotion": 5,
    "MaxRank": 6,
    "RankIDList": [
      800101,
      800102,
      800103,
      800104,
      800105,
      800106
    ],
    "RewardList": [
      {
        "ItemID": 18001,
        "ItemNum": 1
      },
      {
        "ItemID": 252,
        "ItemNum": 20
      }
    ],
    "RewardListMax": [
      {
        "ItemID": 252,
        "ItemNum": 50
      }
    ],
    "SkillList": [
      800101,
      800102,
      800103,
      800104,
      800106,
      800107,
      800108,
      800109
    ],
    "AvatarBaseType": "Warrior",
    "DefaultAvatarModelPath": "Characters/CharacterPrefabs/Avatar/PlayerBoy_00/Avatar_PlayerBoy_00.prefab",
    "DefaultAvatarHeadIconPath": "SpriteOutput/AvatarIcon/8001.png",
    "AvatarSideIconPath": "SpriteOutput/AvatarRoundIcon/8001.png",
    "ActionAvatarHeadIconPath": "SpriteOutput/AvatarIconTeam/8001B.png",
    "AvatarBaseTypeIconPath": "",
    "AvatarDialogHalfImagePath": "SpriteOutput/AvatarBattleDetailIcon/8001.png",
    "UltraSkillCutInPrefabPath": "UI/Battle/UltraSkillCutIn/UltraSkillCutIn_Player.prefab",
    "UIAvatarModelPath": "Characters/CharacterPrefabs/Manikin/PlayerBoy_00/Manikin_Lad_PlayerBoy_00.prefab",
    "ManikinJsonPath": "Config/ConfigCharacter/Manikin/Manikin_PlayerBoy_00_Config.json",
    "AvatarDesc": {
      "hash": 371857150
    },
    "AIPath": "Config/ConfigAI/Avatar_ComplexSkilll_AutoFight_AI.json",
    "SkilltreePrefabPath": "UI/Avatar/Widget/WarriorSkillTreeGroup.prefab",
    "DamageTypeResistance": [],
    "Release": true,
    "SideAvatarHeadIconPath": "SpriteOutput/AvatarIconTeam/8001.png",
    "WaitingAvatarHeadIconPath": "SpriteOutput/AvatarIconTeam/8001.png",
    "AvatarCutinImgPath": "SpriteOutput/DrawCardFigures/8001.png",
    "AvatarCutinBgImgPath": "SpriteOutput/AvatarCutinBg/8001.png",
    "AvatarCutinFrontImgPath": "",
    "AvatarCutinIntroText": {
      "hash": -1378596035
    },
    "GachaResultOffset": [
      -125.0,
      -40.0,
      0.8
    ],
    "AvatarDropOffset": [],
    "AvatarTrialOffset": []
  },
  "8002": {
    "AvatarID": 8002,
    "AvatarName": {
      "hash": -1576862825
    },
    "AvatarFullName": {
      "hash": 802741703
    },
    "AdventurePlayerID": 8002,
    "AvatarVOTag": "playergirl",
    "Rarity": "CombatPowerAvatarRarityType5",
    "JsonPath": "Config/ConfigCharacter/Avatar/Avatar_PlayerGirl_00_Config.json",
    "NatureID": 0,
    "DamageType": "Physical",
    "SPNeed": {
      "RawValue": 515396075520
    },
    "ExpGroup": 1,
    "MaxPromotion": 5,
    "MaxRank": 6,
    "RankIDList": [
      800201,
      800202,
      800203,
      800204,
      800205,
      800206
    ],
    "RewardList": [
      {
        "ItemID": 18001,
        "ItemNum": 1
      },
      {
        "ItemID": 252,
        "ItemNum": 20
      }
    ],
    "RewardListMax": [
      {
        "ItemID": 252,
        "ItemNum": 50
      }
    ],
    "SkillList": [
      800201,
      800202,
      800203,
      800204,
      800206,
      800207,
      800208,
      800209
    ],
    "AvatarBaseType": "Warrior",
    "DefaultAvatarModelPath": "Characters/CharacterPrefabs/Avatar/PlayerGirl_00/Avatar_PlayerGirl_00.prefab",
    "DefaultAvatarHeadIconPath": "SpriteOutput/AvatarIcon/8002.png",
    "AvatarSideIconPath": "SpriteOutput/AvatarRoundIcon/8002.png",
    "ActionAvatarHeadIconPath": "SpriteOutput/AvatarIconTeam/8002B.png",
    "AvatarBaseTypeIconPath": "",
    "AvatarDialogHalfImagePath": "SpriteOutput/AvatarBattleDetailIcon/8002.png",
    "UltraSkillCutInPrefabPath": "UI/Battle/UltraSkillCutIn/UltraSkillCutIn_Player_Female.prefab",
    "UIAvatarModelPath": "Characters/CharacterPrefabs/Manikin/PlayerGirl_00/Manikin_Miss_PlayerGirl_00.prefab",
    "ManikinJsonPath": "Config/ConfigCharacter/Manikin/Manikin_PlayerGirl_00_Config.json",
    "AvatarDesc": {
      "hash": 371857150
    },
    "AIPath": "Config/ConfigAI/Avatar_ComplexSkilll_AutoFight_AI.json",
    "SkilltreePrefabPath": "UI/Avatar/Widget/WarriorSkillTreeGroup.prefab",
    "DamageTypeResistance": [],
    "Release": true,
    "SideAvatarHeadIconPath": "SpriteOutput/AvatarIconTeam/8002.png",
    "WaitingAvatarHeadIconPath": "SpriteOutput/AvatarIconTeam/8002.png",
    "AvatarCutinImgPath": "SpriteOutput/DrawCardFigures/8002.png",
    "AvatarCutinBgImgPath": "SpriteOutput/AvatarCutinBg/8002.png",
    "AvatarCutinFrontImgPath": "",
    "AvatarCutinIntroText": {
      "hash": -1378596038
    },
    "GachaResultOffset": [],
    "AvatarDropOffset": [],
    "AvatarTrialOffset": []
  },
  "8003": {
    "AvatarID": 8003,
    "AvatarName": {
      "hash": -1576862824
    },
    "AvatarFullName": {
      "hash": -1461075445
    },
    "AdventurePlayerID": 8003,
    "AvatarVOTag": "playerboy2",
    "Rarity": "CombatPowerAvatarRarityType5",
    "JsonPath": "Config/ConfigCharacter/Avatar/Avatar_PlayerBoy_10_Config.json",
    "NatureID": 0,
    "DamageType": "Fire",
    "SPNeed": {
      "RawValue": 515396075520
    },
    "ExpGroup": 1,
    "MaxPromotion": 5,
    "MaxRank": 6,
    "RankIDList": [
      800301,
      800302,
      800303,
      800304,
      800305,
      800306
    ],
    "RewardList": [
      {
        "ItemID": 18003,
        "ItemNum": 1
      },
      {
        "ItemID": 252,
        "ItemNum": 20
      }
    ],
    "RewardListMax": [
      {
        "ItemID": 252,
        "ItemNum": 50
      }
    ],
    "SkillList": [
      800301,
      800302,
      800303,
      800304,
      800306,
      800307,
      800308
    ],
    "AvatarBaseType": "Knight",
    "DefaultAvatarModelPath": "Characters/CharacterPrefabs/Avatar/PlayerBoy_10/Avatar_PlayerBoy_10.prefab",
    "DefaultAvatarHeadIconPath": "SpriteOutput/AvatarIcon/8003.png",
    "AvatarSideIconPath": "SpriteOutput/AvatarRoundIcon/8003.png",
    "ActionAvatarHeadIconPath": "SpriteOutput/AvatarIconTeam/8003B.png",
    "AvatarBaseTypeIconPath": "",
    "AvatarDialogHalfImagePath": "SpriteOutput/AvatarBattleDetailIcon/8003.png",
    "UltraSkillCutInPrefabPath": "UI/Battle/UltraSkillCutIn/UltraSkillCutIn_Player_01.prefab",
    "UIAvatarModelPath": "Characters/CharacterPrefabs/Manikin/PlayerBoy_00/Manikin_Lad_PlayerBoy_00.prefab",
    "ManikinJsonPath": "Config/ConfigCharacter/Manikin/Manikin_PlayerBoy_00_Config.json",
    "AvatarDesc": {
      "hash": 371857150
    },
    "AIPath": "Config/ConfigAI/Avatar_ComplexSkilll_AutoFight_AI.json",
    "SkilltreePrefabPath": "UI/Avatar/Widget/KnightSkillTreeGroup.prefab",
    "DamageTypeResistance": [],
    "Release": true,
    "SideAvatarHeadIconPath": "SpriteOutput/AvatarIconTeam/8003.png",
    "WaitingAvatarHeadIconPath": "SpriteOutput/AvatarIconTeam/8003.png",
    "AvatarCutinImgPath": "SpriteOutput/DrawCardFigures/8003.png",
    "AvatarCutinBgImgPath": "SpriteOutput/AvatarCutinBg/8003.png",
    "AvatarCutinFrontImgPath": "SpriteOutput/AvatarImgFront/8003.png",
    "AvatarCutinIntroText": {
      "hash": -1378596037
    },
    "GachaResultOffset": [],
    "AvatarDropOffset": [],
    "AvatarTrialOffset": []
  },
  "8004": {
    "AvatarID": 8004,
    "AvatarName": {
      "hash": -1576862823
    },
    "AvatarFullName": {
      "hash": 802741703
    },
    "AdventurePlayerID": 8004,
    "AvatarVOTag": "playergirl2",
    "Rarity": "CombatPowerAvatarRarityType5",
    "JsonPath": "Config/ConfigCharacter/Avatar/Avatar_PlayerGirl_10_Config.json",
    "NatureID": 0,
    "DamageType": "Fire",
    "SPNeed": {
      "RawValue": 515396075520
    },
    "ExpGroup": 1,
    "MaxPromotion": 5,
    "MaxRank": 6,
    "RankIDList": [
      800401,
      800402,
      800403,
      800404,
      800405,
      800406
    ],
    "RewardList": [
      {
        "ItemID": 18003,
        "ItemNum": 1
      },
      {
        "ItemID": 252,
        "ItemNum": 20
      }
    ],
    "RewardListMax": [
      {
        "ItemID": 252,
        "ItemNum": 50
      }
    ],
    "SkillList": [
      800401,
      800402,
      800403,
      800404,
      800406,
      800407,
      800408
    ],
    "AvatarBaseType": "Knight",
    "DefaultAvatarModelPath": "Characters/CharacterPrefabs/Avatar/PlayerGirl_10/Avatar_PlayerGirl_10.prefab",
    "DefaultAvatarHeadIconPath": "SpriteOutput/AvatarIcon/8004.png",
    "AvatarSideIconPath": "SpriteOutput/AvatarRoundIcon/8004.png",
    "ActionAvatarHeadIconPath": "SpriteOutput/AvatarIconTeam/8004B.png",
    "AvatarBaseTypeIconPath": "",
    "AvatarDialogHalfImagePath": "SpriteOutput/AvatarBattleDetailIcon/8004.png",
    "UltraSkillCutInPrefabPath": "UI/Battle/UltraSkillCutIn/UltraSkillCutIn_Player_Female_01.prefab",
    "UIAvatarModelPath": "Characters/CharacterPrefabs/Manikin/PlayerGirl_00/Manikin_Miss_PlayerGirl_00.prefab",
    "ManikinJsonPath": "Config/ConfigCharacter/Manikin/Manikin_PlayerGirl_00_Config.json",
    "AvatarDesc": {
      "hash": 371857150
    },
    "AIPath": "Config/ConfigAI/Avatar_ComplexSkilll_AutoFight_AI.json",
    "SkilltreePrefabPath": "UI/Avatar/Widget/KnightSkillTreeGroup.prefab",
    "DamageTypeResistance": [],
    "Release": true,
    "SideAvatarHeadIconPath": "SpriteOutput/AvatarIconTeam/8004.png",
    "WaitingAvatarHeadIconPath": "SpriteOutput/AvatarIconTeam/8004.png",
    "AvatarCutinImgPath": "SpriteOutput/DrawCardFigures/8004.png",
    "AvatarCutinBgImgPath": "SpriteOutput/AvatarCutinBg/8004.png",
    "AvatarCutinFrontImgPath": "SpriteOutput/AvatarImgFront/8004.png",
    "AvatarCutinIntroText": {
      "hash": -1378596032
    },
    "GachaResultOffset": [],
    "AvatarDropOffset": [],
    "AvatarTrialOffset": []
  },
  "1203": {
    "AvatarID": 1203,
    "AvatarName": {
      "hash": 2517609
    },
    "AvatarFullName": {
      "hash": -1111281336
    },
    "AdventurePlayerID": 1203,
    "AvatarVOTag": "luocha",
    "Rarity": "CombatPowerAvatarRarityType5",
    "JsonPath": "Config/ConfigCharacter/Avatar/Avatar_Luocha_00_Config.json",
    "NatureID": 0,
    "DamageType": "Imaginary",
    "SPNeed": {
      "RawValue": 429496729600
    },
    "ExpGroup": 1,
    "MaxPromotion": 5,
    "MaxRank": 6,
    "RankIDList": [
      120301,
      120302,
      120303,
      120304,
      120305,
      120306
    ],
    "RewardList": [
      {
        "ItemID": 11203,
        "ItemNum": 1
      },
      {
        "ItemID": 252,
        "ItemNum": 20
      }
    ],
    "RewardListMax": [
      {
        "ItemID": 252,
        "ItemNum": 50
      }
    ],
    "SkillList": [
      120301,
      120302,
      120303,
      120304,
      120306,
      120307
    ],
    "AvatarBaseType": "Priest",
    "DefaultAvatarModelPath": "Characters/CharacterPrefabs/Avatar/Luocha_00/Avatar_Luocha_00.prefab",
    "DefaultAvatarHeadIconPath": "SpriteOutput/AvatarIcon/1203.png",
    "AvatarSideIconPath": "SpriteOutput/AvatarRoundIcon/1203.png",
    "ActionAvatarHeadIconPath": "SpriteOutput/AvatarIconTeam/1203B.png",
    "AvatarBaseTypeIconPath": "",
    "AvatarDialogHalfImagePath": "SpriteOutput/AvatarBattleDetailIcon/1203.png",
    "UltraSkillCutInPrefabPath": "UI/Battle/UltraSkillCutIn/UltraSkillCutIn_LuoCha.prefab",
    "UIAvatarModelPath": "Characters/CharacterPrefabs/Manikin/Luocha_00/Manikin_Male_Luocha_00.prefab",
    "ManikinJsonPath": "Config/ConfigCharacter/Manikin/Manikin_Luocha_00_Config.json",
    "AvatarDesc": {
      "hash": 371857150
    },
    "AIPath": "Config/ConfigAI/Avatar_ComplexSkilll_AutoFight_AI.json",
    "SkilltreePrefabPath": "UI/Avatar/Widget/PriestSkillTreeGroup.prefab",
    "DamageTypeResistance": [],
    "Release": false,
    "SideAvatarHeadIconPath": "SpriteOutput/AvatarIconTeam/1203.png",
    "WaitingAvatarHeadIconPath": "SpriteOutput/AvatarIconTeam/1203.png",
    "AvatarCutinImgPath": "SpriteOutput/DrawCardFigures/1203.png",
    "AvatarCutinBgImgPath": "SpriteOutput/AvatarCutinBg/1203.png",
    "AvatarCutinFrontImgPath": "SpriteOutput/AvatarImgFront/1203.png",
    "AvatarCutinIntroText": {
      "hash": -1553258006
    },
    "GachaResultOffset": [
      77.1,
      -163.0,
      0.67
    ],
    "AvatarDropOffset": [
      -54.4,
      -106.100014,
      0.9,
      -55.4,
      -110.100014,
      0.675,
      -54.4,
      -106.1,
      0.9
    ],
    "AvatarTrialOffset": []
  },
  "1204": {
    "AvatarID": 1204,
    "AvatarName": {
      "hash": 2517614
    },
    "AvatarFullName": {
      "hash": 753361161
    },
    "AdventurePlayerID": 1204,
    "AvatarVOTag": "jingyuan",
    "Rarity": "CombatPowerAvatarRarityType5",
    "JsonPath": "Config/ConfigCharacter/Avatar/Avatar_JingYuan_00_Config.json",
    "NatureID": 0,
    "DamageType": "Thunder",
    "SPNeed": {
      "RawValue": 601295421440
    },
    "ExpGroup": 1,
    "MaxPromotion": 5,
    "MaxRank": 6,
    "RankIDList": [
      120401,
      120402,
      120403,
      120404,
      120405,
      120406
    ],
    "RewardList": [
      {
        "ItemID": 11204,
        "ItemNum": 1
      },
      {
        "ItemID": 252,
        "ItemNum": 20
      }
    ],
    "RewardListMax": [
      {
        "ItemID": 252,
        "ItemNum": 50
      }
    ],
    "SkillList": [
      120401,
      120402,
      120403,
      120404,
      120406,
      120407
    ],
    "AvatarBaseType": "Mage",
    "DefaultAvatarModelPath": "Characters/CharacterPrefabs/Avatar/JingYuan_00/Avatar_JingYuan_00.prefab",
    "DefaultAvatarHeadIconPath": "SpriteOutput/AvatarIcon/1204.png",
    "AvatarSideIconPath": "SpriteOutput/AvatarRoundIcon/1204.png",
    "ActionAvatarHeadIconPath": "SpriteOutput/AvatarIconTeam/1204B.png",
    "AvatarBaseTypeIconPath": "",
    "AvatarDialogHalfImagePath": "SpriteOutput/AvatarBattleDetailIcon/1204.png",
    "UltraSkillCutInPrefabPath": "UI/Battle/UltraSkillCutIn/UltraSkillCutIn_JingYuan.prefab",
    "UIAvatarModelPath": "Characters/CharacterPrefabs/Manikin/JingYuan_00/Manikin_Male_JingYuan_00.prefab",
    "ManikinJsonPath": "Config/ConfigCharacter/Manikin/Manikin_JingYuan_00_Config.json",
    "AvatarDesc": {
      "hash": 371857150
    },
    "AIPath": "Config/ConfigAI/Avatar_ComplexSkilll_AutoFight_AI.json",
    "SkilltreePrefabPath": "UI/Avatar/Widget/MageSkillTreeGroup.prefab",
    "DamageTypeResistance": [],
    "Release": false,
    "SideAvatarHeadIconPath": "SpriteOutput/AvatarIconTeam/1204.png",
    "WaitingAvatarHeadIconPath": "SpriteOutput/AvatarIconTeam/1204.png",
    "AvatarCutinImgPath": "SpriteOutput/DrawCardFigures/1204.png",
    "AvatarCutinBgImgPath": "SpriteOutput/AvatarCutinBg/1204.png",
    "AvatarCutinFrontImgPath": "SpriteOutput/AvatarImgFront/1204.png",
    "AvatarCutinIntroText": {
      "hash": -1553258005
    },
    "GachaResultOffset": [
      98.0,
      -71.7,
      0.78
    ],
    "AvatarDropOffset": [
      -28.4,
      -27.1,
      0.9,
      -28.4,
      -27.1,
      0.675,
      -28.4,
      -27.1,
      0.9
    ],
    "AvatarTrialOffset": []
  },
  "1205": {
    "AvatarID": 1205,
    "AvatarName": {
      "hash": 2517615
    },
    "AvatarFullName": {
      "hash": -1273337479
    },
    "AdventurePlayerID": 1205,
    "AvatarVOTag": "blade",
    "Rarity": "CombatPowerAvatarRarityType5",
    "JsonPath": "Config/ConfigCharacter/Avatar/Avatar_Ren_00_Config.json",
    "NatureID": 0,
    "DamageType": "Wind",
    "SPNeed": {
      "RawValue": 515396075520
    },
    "ExpGroup": 1,
    "MaxPromotion": 5,
    "MaxRank": 6,
    "RankIDList": [
      120501,
      120502,
      120503,
      120504,
      120505,
      120506
    ],
    "RewardList": [
      {
        "ItemID": 11205,
        "ItemNum": 1
      },
      {
        "ItemID": 252,
        "ItemNum": 20
      }
    ],
    "RewardListMax": [
      {
        "ItemID": 252,
        "ItemNum": 50
      }
    ],
    "SkillList": [
      120501,
      120502,
      120503,
      120504,
      120506,
      120507,
      120508
    ],
    "AvatarBaseType": "Warrior",
    "DefaultAvatarModelPath": "Characters/CharacterPrefabs/Avatar/Ren_00/Avatar_Ren_00.prefab",
    "DefaultAvatarHeadIconPath": "SpriteOutput/AvatarIcon/1205.png",
    "AvatarSideIconPath": "SpriteOutput/AvatarRoundIcon/1205.png",
    "ActionAvatarHeadIconPath": "SpriteOutput/AvatarIconTeam/1205B.png",
    "AvatarBaseTypeIconPath": "",
    "AvatarDialogHalfImagePath": "SpriteOutput/AvatarBattleDetailIcon/1205.png",
    "UltraSkillCutInPrefabPath": "UI/Battle/UltraSkillCutIn/UltraSkillCutIn_Ren.prefab",
    "UIAvatarModelPath": "Characters/CharacterPrefabs/Manikin/Ren_00/Manikin_Male_Ren_00.prefab",
    "ManikinJsonPath": "Config/ConfigCharacter/Manikin/Manikin_Ren_00_Config.json",
    "AvatarDesc": {
      "hash": 371857150
    },
    "AIPath": "Config/ConfigAI/Avatar_ComplexSkilll_AutoFight_AI.json",
    "SkilltreePrefabPath": "UI/Avatar/Widget/WarriorSkillTreeGroup.prefab",
    "DamageTypeResistance": [],
    "Release": false,
    "SideAvatarHeadIconPath": "SpriteOutput/AvatarIconTeam/1205.png",
    "WaitingAvatarHeadIconPath": "SpriteOutput/AvatarIconTeam/1205.png",
    "AvatarCutinImgPath": "SpriteOutput/DrawCardFigures/1205.png",
    "AvatarCutinBgImgPath": "SpriteOutput/AvatarCutinBg/1205.png",
    "AvatarCutinFrontImgPath": "SpriteOutput/AvatarImgFront/1205.png",
    "AvatarCutinIntroText": {
      "hash": -1553258004
    },
    "GachaResultOffset": [
      75.0,
      -379.0,
      0.87
    ],
    "AvatarDropOffset": [
      -72.4,
      -103.1,
      0.77,
      -71.4,
      -104.1,
      0.582,
      -74.4,
      -104.1,
      0.779
    ],
    "AvatarTrialOffset": []
  },
  "1206": {
    "AvatarID": 1206,
    "AvatarName": {
      "hash": 2517612
    },
    "AvatarFullName": {
      "hash": -1520733615
    },
    "AdventurePlayerID": 1206,
    "AvatarVOTag": "sushang",
    "Rarity": "CombatPowerAvatarRarityType4",
    "JsonPath": "Config/ConfigCharacter/Avatar/Avatar_Sushang_00_Config.json",
    "NatureID": 0,
    "DamageType": "Physical",
    "SPNeed": {
      "RawValue": 472446402560
    },
    "ExpGroup": 2,
    "MaxPromotion": 5,
    "MaxRank": 6,
    "RankIDList": [
      120601,
      120602,
      120603,
      120604,
      120605,
      120606
    ],
    "RewardList": [
      {
        "ItemID": 11206,
        "ItemNum": 1
      },
      {
        "ItemID": 252,
        "ItemNum": 2
      }
    ],
    "RewardListMax": [
      {
        "ItemID": 252,
        "ItemNum": 5
      }
    ],
    "SkillList": [
      120601,
      120602,
      120603,
      120604,
      120606,
      120607
    ],
    "AvatarBaseType": "Rogue",
    "DefaultAvatarModelPath": "Characters/CharacterPrefabs/Avatar/Sushang_00/Avatar_Sushang_00.prefab",
    "DefaultAvatarHeadIconPath": "SpriteOutput/AvatarIcon/1206.png",
    "AvatarSideIconPath": "SpriteOutput/AvatarRoundIcon/1206.png",
    "ActionAvatarHeadIconPath": "SpriteOutput/AvatarIconTeam/1206B.png",
    "AvatarBaseTypeIconPath": "",
    "AvatarDialogHalfImagePath": "SpriteOutput/AvatarBattleDetailIcon/1206.png",
    "UltraSkillCutInPrefabPath": "UI/Battle/UltraSkillCutIn/UltraSkillCutIn_Sushang.prefab",
    "UIAvatarModelPath": "Characters/CharacterPrefabs/Manikin/Sushang_00/Manikin_Maid_Sushang_00.prefab",
    "ManikinJsonPath": "Config/ConfigCharacter/Manikin/Manikin_Sushang_00_Config.json",
    "AvatarDesc": {
      "hash": 371857150
    },
    "AIPath": "Config/ConfigAI/Avatar_ComplexSkilll_AutoFight_AI.json",
    "SkilltreePrefabPath": "UI/Avatar/Widget/RogueSkillTreeGroup.prefab",
    "DamageTypeResistance": [],
    "Release": false,
    "SideAvatarHeadIconPath": "SpriteOutput/AvatarIconTeam/1206.png",
    "WaitingAvatarHeadIconPath": "SpriteOutput/AvatarIconTeam/1206.png",
    "AvatarCutinImgPath": "SpriteOutput/DrawCardFigures/1206.png",
    "AvatarCutinBgImgPath": "SpriteOutput/AvatarCutinBg/1206.png",
    "AvatarCutinFrontImgPath": "SpriteOutput/AvatarImgFront/1206.png",
    "AvatarCutinIntroText": {
      "hash": -1553258003
    },
    "GachaResultOffset": [
      93.0,
      -54.0,
      0.87
    ],
    "AvatarDropOffset": [
      -32.4,
      -24.1,
      1.092,
      -28.4,
      -22.1,
      0.816,
      -35.4,
      -30.1,
      0.779
    ],
    "AvatarTrialOffset": []
  },
  "9070": {
    "AvatarID": 9070,
    "AvatarName": {
      "hash": -790496749
    },
    "AvatarFullName": {
      "hash": -871204762
    },
    "AdventurePlayerID": 1104,
    "AvatarVOTag": "test",
    "Rarity": "CombatPowerAvatarRarityType4",
    "JsonPath": "Config/ConfigCharacter/Avatar/Avatar_Colossus_00_Config.json",
    "NatureID": 0,
    "DamageType": "Fire",
    "SPNeed": {
      "RawValue": 429496729600
    },
    "ExpGroup": 2,
    "MaxPromotion": 5,
    "MaxRank": 0,
    "RankIDList": [],
    "RewardList": [
      {
        "ItemID": 19070,
        "ItemNum": 1
      },
      {
        "ItemID": 252,
        "ItemNum": 2
      }
    ],
    "RewardListMax": [
      {
        "ItemID": 252,
        "ItemNum": 5
      }
    ],
    "SkillList": [
      907001,
      907002,
      907003,
      907004
    ],
    "AvatarBaseType": "Knight",
    "DefaultAvatarModelPath": "Characters/CharacterPrefabs/Avatar/Colossus_00/Avatar_W1_Colossus_00.prefab",
    "DefaultAvatarHeadIconPath": "SpriteOutput/AvatarIcon/1104.png",
    "AvatarSideIconPath": "SpriteOutput/AvatarRoundIcon/999.png",
    "ActionAvatarHeadIconPath": "SpriteOutput/AvatarIconTeam/999B.png",
    "AvatarBaseTypeIconPath": "",
    "AvatarDialogHalfImagePath": "SpriteOutput/AvatarBattleDetailIcon/999.png",
    "UltraSkillCutInPrefabPath": "UI/Battle/UltraSkillCutIn/UltraSkillCutIn_Test999.prefab",
    "UIAvatarModelPath": "Characters/CharacterPrefabs/Manikin/Gepard_00/Manikin_Male_Gepard_00.prefab",
    "ManikinJsonPath": "Config/ConfigCharacter/Manikin/Manikin_Asta_00_Config.json",
    "AvatarDesc": {
      "hash": 371857150
    },
    "AIPath": "Config/ConfigAI/Avatar_ComplexSkilll_AutoFight_AI.json",
    "SkilltreePrefabPath": "UI/Avatar/Widget/KnightSkillTreeGroup.prefab",
    "DamageTypeResistance": [],
    "Release": false,
    "SideAvatarHeadIconPath": "SpriteOutput/AvatarIconTeam/999.png",
    "WaitingAvatarHeadIconPath": "SpriteOutput/AvatarIconTeam/999.png",
    "AvatarCutinImgPath": "SpriteOutput/AvatarCutinFigures/1104.png",
    "AvatarCutinBgImgPath": "SpriteOutput/AvatarCutinBg/1104.png",
    "AvatarCutinFrontImgPath": "SpriteOutput/AvatarImgFront/1104.png",
    "AvatarCutinIntroText": {
      "hash": -1116474010
    },
    "GachaResultOffset": [],
    "AvatarDropOffset": [],
    "AvatarTrialOffset": []
  },
  "9075": {
    "AvatarID": 9075,
    "AvatarName": {
      "hash": -790496744
    },
    "AvatarFullName": {
      "hash": -871204762
    },
    "AdventurePlayerID": 1104,
    "AvatarVOTag": "test",
    "Rarity": "CombatPowerAvatarRarityType4",
    "JsonPath": "Config/ConfigCharacter/Avatar/Avatar_Colossus_00_Config.json",
    "NatureID": 0,
    "DamageType": "Fire",
    "SPNeed": {
      "RawValue": 429496729600
    },
    "ExpGroup": 2,
    "MaxPromotion": 5,
    "MaxRank": 0,
    "RankIDList": [],
    "RewardList": [
      {
        "ItemID": 19075,
        "ItemNum": 1
      },
      {
        "ItemID": 252,
        "ItemNum": 2
      }
    ],
    "RewardListMax": [
      {
        "ItemID": 252,
        "ItemNum": 5
      }
    ],
    "SkillList": [
      907501,
      907502,
      907503,
      907504
    ],
    "AvatarBaseType": "Knight",
    "DefaultAvatarModelPath": "Characters/CharacterPrefabs/Avatar/Colossus_00/Avatar_W1_Colossus_00.prefab",
    "DefaultAvatarHeadIconPath": "SpriteOutput/AvatarIcon/1104.png",
    "AvatarSideIconPath": "SpriteOutput/AvatarRoundIcon/999.png",
    "ActionAvatarHeadIconPath": "SpriteOutput/AvatarIconTeam/999B.png",
    "AvatarBaseTypeIconPath": "",
    "AvatarDialogHalfImagePath": "SpriteOutput/AvatarBattleDetailIcon/999.png",
    "UltraSkillCutInPrefabPath": "UI/Battle/UltraSkillCutIn/UltraSkillCutIn_Test999.prefab",
    "UIAvatarModelPath": "Characters/CharacterPrefabs/Manikin/Gepard_00/Manikin_Male_Gepard_00.prefab",
    "ManikinJsonPath": "Config/ConfigCharacter/Manikin/Manikin_Asta_00_Config.json",
    "AvatarDesc": {
      "hash": 371857150
    },
    "AIPath": "Config/ConfigAI/Avatar_ComplexSkilll_AutoFight_AI.json",
    "SkilltreePrefabPath": "UI/Avatar/Widget/KnightSkillTreeGroup.prefab",
    "DamageTypeResistance": [],
    "Release": false,
    "SideAvatarHeadIconPath": "SpriteOutput/AvatarIconTeam/999.png",
    "WaitingAvatarHeadIconPath": "SpriteOutput/AvatarIconTeam/999.png",
    "AvatarCutinImgPath": "SpriteOutput/AvatarCutinFigures/1104.png",
    "AvatarCutinBgImgPath": "SpriteOutput/AvatarCutinBg/1104.png",
    "AvatarCutinFrontImgPath": "SpriteOutput/AvatarImgFront/1104.png",
    "AvatarCutinIntroText": {
      "hash": -1116474005
    },
    "GachaResultOffset": [],
    "AvatarDropOffset": [],
    "AvatarTrialOffset": []
  },
  "9998": {
    "AvatarID": 9998,
    "AvatarName": {
      "hash": -1240835602
    },
    "AvatarFullName": {
      "hash": -871204762
    },
    "AdventurePlayerID": 9998,
    "AvatarVOTag": "test",
    "Rarity": "CombatPowerAvatarRarityType5",
    "JsonPath": "Config/ConfigCharacter/WhiteBox/Avatar/Avatar_Test_00_Config.json",
    "NatureID": 0,
    "DamageType": "Fire",
    "SPNeed": {
      "RawValue": 472446402560
    },
    "ExpGroup": 1,
    "MaxPromotion": 5,
    "MaxRank": 0,
    "RankIDList": [],
    "RewardList": [
      {
        "ItemID": 19998,
        "ItemNum": 1
      },
      {
        "ItemID": 252,
        "ItemNum": 20
      }
    ],
    "RewardListMax": [
      {
        "ItemID": 252,
        "ItemNum": 50
      }
    ],
    "SkillList": [
      999801,
      999802,
      999803,
      999804,
      999806,
      999807
    ],
    "AvatarBaseType": "Mage",
    "DefaultAvatarModelPath": "Characters/CharacterPrefabs/Avatar/Pela_00/Avatar_Pela_00.prefab",
    "DefaultAvatarHeadIconPath": "SpriteOutput/AvatarIcon/999.png",
    "AvatarSideIconPath": "SpriteOutput/AvatarRoundIcon/999.png",
    "ActionAvatarHeadIconPath": "SpriteOutput/AvatarIconTeam/999B.png",
    "AvatarBaseTypeIconPath": "",
    "AvatarDialogHalfImagePath": "SpriteOutput/AvatarBattleDetailIcon/999.png",
    "UltraSkillCutInPrefabPath": "UI/Battle/UltraSkillCutIn/UltraSkillCutIn_Test999.prefab",
    "UIAvatarModelPath": "Characters/CharacterPrefabs/Manikin/Pela_00/Manikin_Girl_Pela_00.prefab",
    "ManikinJsonPath": "Config/ConfigCharacter/Manikin/Manikin_Asta_00_Config.json",
    "AvatarDesc": {
      "hash": 371857150
    },
    "AIPath": "Config/ConfigAI/Avatar_ComplexSkilll_AutoFight_AI.json",
    "SkilltreePrefabPath": "UI/Avatar/Widget/MageSkillTreeGroup.prefab",
    "DamageTypeResistance": [],
    "Release": false,
    "SideAvatarHeadIconPath": "SpriteOutput/AvatarIconTeam/999.png",
    "WaitingAvatarHeadIconPath": "SpriteOutput/AvatarIconTeam/999.png",
    "AvatarCutinImgPath": "SpriteOutput/AvatarCutinFigures/1106.png",
    "AvatarCutinBgImgPath": "SpriteOutput/AvatarCutinBg/1106.png",
    "AvatarCutinFrontImgPath": "SpriteOutput/AvatarImgFront/1106.png",
    "AvatarCutinIntroText": {
      "hash": -309904603
    },
    "GachaResultOffset": [],
    "AvatarDropOffset": [],
    "AvatarTrialOffset": []
  }
}