{
  "11001": {
    "ScoringID": 11001,
    "ScoringType": "Scoring",
    "AbilityName": "StageAbility_Scoring_11001",
    "DisplayTypeList": [
      "SettleOnly"
    ],
    "BonusDesc": {
      "hash": 349738042
    },
    "BonusSimpleDesc": {
      "hash": 2065469444
    },
    "ParamList": [],
    "BonusScore": 1200,
    "ScoreRuleDesc": {
      "hash": 911269728
    },
    "GameModeGroup": 0
  },
  "11002": {
    "ScoringID": 11002,
    "ScoringType": "Scoring",
    "AbilityName": "StageAbility_Scoring_11002",
    "DisplayTypeList": [
      "SettleOnly"
    ],
    "BonusDesc": {
      "hash": 349738045
    },
    "BonusSimpleDesc": {
      "hash": 2065469447
    },
    "ParamList": [],
    "BonusScore": 2000,
    "ScoreRuleDesc": {
      "hash": 911269731
    },
    "GameModeGroup": 0
  },
  "11003": {
    "ScoringID": 11003,
    "ScoringType": "Scoring",
    "AbilityName": "StageAbility_Scoring_11003",
    "DisplayTypeList": [
      "SettleOnly"
    ],
    "BonusDesc": {
      "hash": 349738044
    },
    "BonusSimpleDesc": {
      "hash": 2065469446
    },
    "ParamList": [],
    "BonusScore": 200,
    "ScoreRuleDesc": {
      "hash": 911269730
    },
    "GameModeGroup": 0
  },
  "11004": {
    "ScoringID": 11004,
    "ScoringType": "Scoring",
    "AbilityName": "StageAbility_Scoring_11004",
    "DisplayTypeList": [
      "ShowTimes"
    ],
    "BonusDesc": {
      "hash": 349738039
    },
    "BonusSimpleDesc": {
      "hash": 2065469449
    },
    "ParamList": [],
    "BonusScore": 200,
    "ScoreRuleDesc": {
      "hash": 911269725
    },
    "GameModeGroup": 0
  },
  "11011": {
    "ScoringID": 11011,
    "ScoringType": "Scoring",
    "AbilityName": "StageAbility_Scoring_11011",
    "DisplayTypeList": [
      "ShowTimes"
    ],
    "BonusDesc": {
      "hash": 1915821983
    },
    "BonusSimpleDesc": {
      "hash": -663413911
    },
    "ParamList": [],
    "BonusScore": 120,
    "ScoreRuleDesc": {
      "hash": -1817613627
    },
    "GameModeGroup": 0
  },
  "11012": {
    "ScoringID": 11012,
    "ScoringType": "Scoring",
    "AbilityName": "StageAbility_Scoring_11012",
    "DisplayTypeList": [
      "ShowTimes"
    ],
    "BonusDesc": {
      "hash": 1915821986
    },
    "BonusSimpleDesc": {
      "hash": -663413908
    },
    "ParamList": [
      3.0
    ],
    "BonusScore": 1500,
    "ScoreRuleDesc": {
      "hash": -1817613624
    },
    "GameModeGroup": 0
  },
  "11013": {
    "ScoringID": 11013,
    "ScoringType": "Scoring",
    "AbilityName": "StageAbility_Scoring_11013",
    "DisplayTypeList": [],
    "BonusDesc": {
      "hash": 1915821985
    },
    "BonusSimpleDesc": {
      "hash": -663413909
    },
    "ParamList": [],
    "BonusScore": 1,
    "ScoreRuleDesc": {
      "hash": -1817613625
    },
    "GameModeGroup": 0
  },
  "11021": {
    "ScoringID": 11021,
    "ScoringType": "Scoring",
    "AbilityName": "StageAbility_Scoring_11021",
    "DisplayTypeList": [
      "ShowTimes"
    ],
    "BonusDesc": {
      "hash": 1512537456
    },
    "BonusSimpleDesc": {
      "hash": 902670030
    },
    "ParamList": [],
    "BonusScore": 200,
    "ScoreRuleDesc": {
      "hash": -251529686
    },
    "GameModeGroup": 0
  },
  "11022": {
    "ScoringID": 11022,
    "ScoringType": "Scoring",
    "AbilityName": "StageAbility_Scoring_11022",
    "DisplayTypeList": [
      "ShowTimes"
    ],
    "BonusDesc": {
      "hash": 1512537459
    },
    "BonusSimpleDesc": {
      "hash": 902670033
    },
    "ParamList": [],
    "BonusScore": 400,
    "ScoreRuleDesc": {
      "hash": -251529683
    },
    "GameModeGroup": 0
  },
  "11023": {
    "ScoringID": 11023,
    "ScoringType": "Scoring",
    "AbilityName": "StageAbility_Scoring_11023",
    "DisplayTypeList": [
      "ShowTimes"
    ],
    "BonusDesc": {
      "hash": 1512537458
    },
    "BonusSimpleDesc": {
      "hash": 902670032
    },
    "ParamList": [],
    "BonusScore": 1000,
    "ScoreRuleDesc": {
      "hash": -251529684
    },
    "GameModeGroup": 0
  },
  "11031": {
    "ScoringID": 11031,
    "ScoringType": "Scoring",
    "AbilityName": "StageAbility_Scoring_11031",
    "DisplayTypeList": [
      "ShowTimes"
    ],
    "BonusDesc": {
      "hash": -1216345899
    },
    "BonusSimpleDesc": {
      "hash": -1826213325
    },
    "ParamList": [],
    "BonusScore": 500,
    "ScoreRuleDesc": {
      "hash": 1314554255
    },
    "GameModeGroup": 0
  },
  "11032": {
    "ScoringID": 11032,
    "ScoringType": "Scoring",
    "AbilityName": "StageAbility_Scoring_11032",
    "DisplayTypeList": [
      "ShowTimes"
    ],
    "BonusDesc": {
      "hash": -1216345896
    },
    "BonusSimpleDesc": {
      "hash": -1826213322
    },
    "ParamList": [],
    "BonusScore": 2000,
    "ScoreRuleDesc": {
      "hash": 1314554258
    },
    "GameModeGroup": 0
  },
  "11033": {
    "ScoringID": 11033,
    "ScoringType": "Scoring",
    "AbilityName": "StageAbility_Scoring_11033",
    "DisplayTypeList": [
      "ShowTimes"
    ],
    "BonusDesc": {
      "hash": -1216345897
    },
    "BonusSimpleDesc": {
      "hash": -1826213323
    },
    "ParamList": [],
    "BonusScore": 3000,
    "ScoreRuleDesc": {
      "hash": 1314554257
    },
    "GameModeGroup": 0
  },
  "11041": {
    "ScoringID": 11041,
    "ScoringType": "Scoring",
    "AbilityName": "StageAbility_Scoring_11041",
    "DisplayTypeList": [
      "ShowTimes"
    ],
    "BonusDesc": {
      "hash": -1619630426
    },
    "BonusSimpleDesc": {
      "hash": 96100976
    },
    "ParamList": [],
    "BonusScore": 150,
    "ScoreRuleDesc": {
      "hash": -1058098740
    },
    "GameModeGroup": 0
  },
  "11042": {
    "ScoringID": 11042,
    "ScoringType": "Scoring",
    "AbilityName": "StageAbility_Scoring_11042",
    "DisplayTypeList": [
      "ShowTimes"
    ],
    "BonusDesc": {
      "hash": -1619630423
    },
    "BonusSimpleDesc": {
      "hash": 96100979
    },
    "ParamList": [
      5.0
    ],
    "BonusScore": 2000,
    "ScoreRuleDesc": {
      "hash": -1058098737
    },
    "GameModeGroup": 0
  },
  "11043": {
    "ScoringID": 11043,
    "ScoringType": "Scoring",
    "AbilityName": "StageAbility_Scoring_11043",
    "DisplayTypeList": [
      "ShowTimes"
    ],
    "BonusDesc": {
      "hash": -1619630424
    },
    "BonusSimpleDesc": {
      "hash": 96100978
    },
    "ParamList": [],
    "BonusScore": 3000,
    "ScoreRuleDesc": {
      "hash": -1058098738
    },
    "GameModeGroup": 0
  },
  "11051": {
    "ScoringID": 11051,
    "ScoringType": "Scoring",
    "AbilityName": "StageAbility_Scoring_11051",
    "DisplayTypeList": [
      "ShowTimes"
    ],
    "BonusDesc": {
      "hash": -53546485
    },
    "BonusSimpleDesc": {
      "hash": 1662184917
    },
    "ParamList": [],
    "BonusScore": 120,
    "ScoreRuleDesc": {
      "hash": 507985201
    },
    "GameModeGroup": 0
  },
  "11052": {
    "ScoringID": 11052,
    "ScoringType": "Scoring",
    "AbilityName": "StageAbility_Scoring_11052",
    "DisplayTypeList": [
      "ShowTimes"
    ],
    "BonusDesc": {
      "hash": -53546482
    },
    "BonusSimpleDesc": {
      "hash": 1662184920
    },
    "ParamList": [],
    "BonusScore": 500,
    "ScoreRuleDesc": {
      "hash": 507985204
    },
    "GameModeGroup": 0
  },
  "11053": {
    "ScoringID": 11053,
    "ScoringType": "Scoring",
    "AbilityName": "StageAbility_Scoring_11053",
    "DisplayTypeList": [],
    "BonusDesc": {
      "hash": -53546483
    },
    "BonusSimpleDesc": {
      "hash": 1662184919
    },
    "ParamList": [],
    "BonusScore": 1,
    "ScoreRuleDesc": {
      "hash": 507985203
    },
    "GameModeGroup": 0
  },
  "11061": {
    "ScoringID": 11061,
    "ScoringType": "Scoring",
    "AbilityName": "StageAbility_Scoring_11061",
    "DisplayTypeList": [
      "ShowTimes"
    ],
    "BonusDesc": {
      "hash": -456831012
    },
    "BonusSimpleDesc": {
      "hash": -1066698438
    },
    "ParamList": [],
    "BonusScore": 400,
    "ScoreRuleDesc": {
      "hash": 2074069142
    },
    "GameModeGroup": 0
  },
  "11062": {
    "ScoringID": 11062,
    "ScoringType": "Scoring",
    "AbilityName": "StageAbility_Scoring_11062",
    "DisplayTypeList": [
      "ShowTimes"
    ],
    "BonusDesc": {
      "hash": -456831009
    },
    "BonusSimpleDesc": {
      "hash": -1066698435
    },
    "ParamList": [],
    "BonusScore": 3000,
    "ScoreRuleDesc": {
      "hash": 2074069145
    },
    "GameModeGroup": 0
  },
  "11063": {
    "ScoringID": 11063,
    "ScoringType": "Scoring",
    "AbilityName": "StageAbility_Scoring_11063",
    "DisplayTypeList": [
      "ShowTimes"
    ],
    "BonusDesc": {
      "hash": -456831010
    },
    "BonusSimpleDesc": {
      "hash": -1066698436
    },
    "ParamList": [],
    "BonusScore": 1000,
    "ScoreRuleDesc": {
      "hash": 2074069144
    },
    "GameModeGroup": 0
  },
  "11071": {
    "ScoringID": 11071,
    "ScoringType": "Scoring",
    "AbilityName": "StageAbility_Scoring_11071",
    "DisplayTypeList": [
      "ShowTimes"
    ],
    "BonusDesc": {
      "hash": 1109252929
    },
    "BonusSimpleDesc": {
      "hash": 499385503
    },
    "ParamList": [
      0.5
    ],
    "BonusScore": 250,
    "ScoreRuleDesc": {
      "hash": -654814213
    },
    "GameModeGroup": 0
  },
  "11072": {
    "ScoringID": 11072,
    "ScoringType": "Scoring",
    "AbilityName": "StageAbility_Scoring_11072",
    "DisplayTypeList": [
      "ShowTimes"
    ],
    "BonusDesc": {
      "hash": 1109252932
    },
    "BonusSimpleDesc": {
      "hash": 499385506
    },
    "ParamList": [],
    "BonusScore": 400,
    "ScoreRuleDesc": {
      "hash": -654814210
    },
    "GameModeGroup": 0
  },
  "11073": {
    "ScoringID": 11073,
    "ScoringType": "Scoring",
    "AbilityName": "StageAbility_Scoring_11073",
    "DisplayTypeList": [
      "ShowTimes"
    ],
    "BonusDesc": {
      "hash": 1109252931
    },
    "BonusSimpleDesc": {
      "hash": 499385505
    },
    "ParamList": [
      0.5
    ],
    "BonusScore": 3000,
    "ScoreRuleDesc": {
      "hash": -654814211
    },
    "GameModeGroup": 0
  },
  "11081": {
    "ScoringID": 11081,
    "ScoringType": "Scoring",
    "AbilityName": "StageAbility_Scoring_11081",
    "DisplayTypeList": [
      "ShowTimes"
    ],
    "BonusDesc": {
      "hash": -6492318
    },
    "BonusSimpleDesc": {
      "hash": 1709239084
    },
    "ParamList": [],
    "BonusScore": 100,
    "ScoreRuleDesc": {
      "hash": 555039368
    },
    "GameModeGroup": 0
  },
  "11082": {
    "ScoringID": 11082,
    "ScoringType": "Scoring",
    "AbilityName": "StageAbility_Scoring_11082",
    "DisplayTypeList": [
      "ShowTimes"
    ],
    "BonusDesc": {
      "hash": -6492315
    },
    "BonusSimpleDesc": {
      "hash": 1709239087
    },
    "ParamList": [],
    "BonusScore": 50,
    "ScoreRuleDesc": {
      "hash": 555039371
    },
    "GameModeGroup": 0
  },
  "11083": {
    "ScoringID": 11083,
    "ScoringType": "Scoring",
    "AbilityName": "StageAbility_Scoring_11083",
    "DisplayTypeList": [],
    "BonusDesc": {
      "hash": -6492316
    },
    "BonusSimpleDesc": {
      "hash": 1709239086
    },
    "ParamList": [],
    "BonusScore": 1,
    "ScoreRuleDesc": {
      "hash": 555039370
    },
    "GameModeGroup": 0
  },
  "20001": {
    "ScoringID": 20001,
    "ScoringType": "Quest",
    "AbilityName": "StageAbility_Scoring_20001",
    "DisplayTypeList": [],
    "BonusDesc": {
      "hash": 371857150
    },
    "BonusSimpleDesc": {
      "hash": 371857150
    },
    "ParamList": [],
    "BonusScore": 0,
    "ScoreRuleDesc": {
      "hash": 371857150
    },
    "GameModeGroup": 1001
  },
  "20002": {
    "ScoringID": 20002,
    "ScoringType": "Quest",
    "AbilityName": "StageAbility_Scoring_20002",
    "DisplayTypeList": [],
    "BonusDesc": {
      "hash": 371857150
    },
    "BonusSimpleDesc": {
      "hash": 371857150
    },
    "ParamList": [],
    "BonusScore": 0,
    "ScoreRuleDesc": {
      "hash": 371857150
    },
    "GameModeGroup": 1001
  },
  "20003": {
    "ScoringID": 20003,
    "ScoringType": "Quest",
    "AbilityName": "StageAbility_Scoring_20003",
    "DisplayTypeList": [],
    "BonusDesc": {
      "hash": 371857150
    },
    "BonusSimpleDesc": {
      "hash": 371857150
    },
    "ParamList": [],
    "BonusScore": 0,
    "ScoreRuleDesc": {
      "hash": 371857150
    },
    "GameModeGroup": 1001
  },
  "20004": {
    "ScoringID": 20004,
    "ScoringType": "Quest",
    "AbilityName": "StageAbility_Scoring_20004",
    "DisplayTypeList": [],
    "BonusDesc": {
      "hash": 371857150
    },
    "BonusSimpleDesc": {
      "hash": 371857150
    },
    "ParamList": [],
    "BonusScore": 0,
    "ScoreRuleDesc": {
      "hash": 371857150
    },
    "GameModeGroup": 1001
  },
  "20005": {
    "ScoringID": 20005,
    "ScoringType": "Quest",
    "AbilityName": "StageAbility_Scoring_20005",
    "DisplayTypeList": [],
    "BonusDesc": {
      "hash": 371857150
    },
    "BonusSimpleDesc": {
      "hash": 371857150
    },
    "ParamList": [],
    "BonusScore": 0,
    "ScoreRuleDesc": {
      "hash": 371857150
    },
    "GameModeGroup": 1001
  },
  "20006": {
    "ScoringID": 20006,
    "ScoringType": "Quest",
    "AbilityName": "StageAbility_Scoring_20006",
    "DisplayTypeList": [],
    "BonusDesc": {
      "hash": 371857150
    },
    "BonusSimpleDesc": {
      "hash": 371857150
    },
    "ParamList": [],
    "BonusScore": 0,
    "ScoreRuleDesc": {
      "hash": 371857150
    },
    "GameModeGroup": 1001
  },
  "20007": {
    "ScoringID": 20007,
    "ScoringType": "Quest",
    "AbilityName": "StageAbility_Scoring_20007",
    "DisplayTypeList": [],
    "BonusDesc": {
      "hash": 371857150
    },
    "BonusSimpleDesc": {
      "hash": 371857150
    },
    "ParamList": [],
    "BonusScore": 0,
    "ScoreRuleDesc": {
      "hash": 371857150
    },
    "GameModeGroup": 1001
  },
  "20008": {
    "ScoringID": 20008,
    "ScoringType": "Quest",
    "AbilityName": "StageAbility_Scoring_20008",
    "DisplayTypeList": [],
    "BonusDesc": {
      "hash": 371857150
    },
    "BonusSimpleDesc": {
      "hash": 371857150
    },
    "ParamList": [],
    "BonusScore": 0,
    "ScoreRuleDesc": {
      "hash": 371857150
    },
    "GameModeGroup": 1001
  },
  "20009": {
    "ScoringID": 20009,
    "ScoringType": "Quest",
    "AbilityName": "StageAbility_Scoring_20009",
    "DisplayTypeList": [],
    "BonusDesc": {
      "hash": 371857150
    },
    "BonusSimpleDesc": {
      "hash": 371857150
    },
    "ParamList": [],
    "BonusScore": 0,
    "ScoreRuleDesc": {
      "hash": 371857150
    },
    "GameModeGroup": 1001
  },
  "20010": {
    "ScoringID": 20010,
    "ScoringType": "Quest",
    "AbilityName": "StageAbility_Scoring_20010",
    "DisplayTypeList": [],
    "BonusDesc": {
      "hash": 371857150
    },
    "BonusSimpleDesc": {
      "hash": 371857150
    },
    "ParamList": [],
    "BonusScore": 0,
    "ScoreRuleDesc": {
      "hash": 371857150
    },
    "GameModeGroup": 1001
  },
  "20011": {
    "ScoringID": 20011,
    "ScoringType": "Quest",
    "AbilityName": "StageAbility_Scoring_20011",
    "DisplayTypeList": [],
    "BonusDesc": {
      "hash": 371857150
    },
    "BonusSimpleDesc": {
      "hash": 371857150
    },
    "ParamList": [],
    "BonusScore": 0,
    "ScoreRuleDesc": {
      "hash": 371857150
    },
    "GameModeGroup": 1001
  },
  "20012": {
    "ScoringID": 20012,
    "ScoringType": "Quest",
    "AbilityName": "StageAbility_Scoring_20012",
    "DisplayTypeList": [],
    "BonusDesc": {
      "hash": 371857150
    },
    "BonusSimpleDesc": {
      "hash": 371857150
    },
    "ParamList": [],
    "BonusScore": 0,
    "ScoreRuleDesc": {
      "hash": 371857150
    },
    "GameModeGroup": 1001
  },
  "20013": {
    "ScoringID": 20013,
    "ScoringType": "Quest",
    "AbilityName": "StageAbility_Scoring_20013",
    "DisplayTypeList": [],
    "BonusDesc": {
      "hash": 371857150
    },
    "BonusSimpleDesc": {
      "hash": 371857150
    },
    "ParamList": [],
    "BonusScore": 0,
    "ScoreRuleDesc": {
      "hash": 371857150
    },
    "GameModeGroup": 1001
  },
  "20014": {
    "ScoringID": 20014,
    "ScoringType": "Quest",
    "AbilityName": "StageAbility_Scoring_20014",
    "DisplayTypeList": [],
    "BonusDesc": {
      "hash": 371857150
    },
    "BonusSimpleDesc": {
      "hash": 371857150
    },
    "ParamList": [],
    "BonusScore": 0,
    "ScoreRuleDesc": {
      "hash": 371857150
    },
    "GameModeGroup": 1001
  },
  "20015": {
    "ScoringID": 20015,
    "ScoringType": "Quest",
    "AbilityName": "StageAbility_Scoring_20015",
    "DisplayTypeList": [],
    "BonusDesc": {
      "hash": 371857150
    },
    "BonusSimpleDesc": {
      "hash": 371857150
    },
    "ParamList": [],
    "BonusScore": 0,
    "ScoreRuleDesc": {
      "hash": 371857150
    },
    "GameModeGroup": 1001
  },
  "20016": {
    "ScoringID": 20016,
    "ScoringType": "Quest",
    "AbilityName": "StageAbility_Scoring_20016",
    "DisplayTypeList": [],
    "BonusDesc": {
      "hash": 371857150
    },
    "BonusSimpleDesc": {
      "hash": 371857150
    },
    "ParamList": [],
    "BonusScore": 0,
    "ScoreRuleDesc": {
      "hash": 371857150
    },
    "GameModeGroup": 1001
  },
  "20017": {
    "ScoringID": 20017,
    "ScoringType": "Quest",
    "AbilityName": "StageAbility_Scoring_20017",
    "DisplayTypeList": [],
    "BonusDesc": {
      "hash": 371857150
    },
    "BonusSimpleDesc": {
      "hash": 371857150
    },
    "ParamList": [],
    "BonusScore": 0,
    "ScoreRuleDesc": {
      "hash": 371857150
    },
    "GameModeGroup": 1001
  },
  "20018": {
    "ScoringID": 20018,
    "ScoringType": "Quest",
    "AbilityName": "StageAbility_Scoring_20018",
    "DisplayTypeList": [],
    "BonusDesc": {
      "hash": 371857150
    },
    "BonusSimpleDesc": {
      "hash": 371857150
    },
    "ParamList": [],
    "BonusScore": 0,
    "ScoreRuleDesc": {
      "hash": 371857150
    },
    "GameModeGroup": 1001
  },
  "20019": {
    "ScoringID": 20019,
    "ScoringType": "Quest",
    "AbilityName": "StageAbility_Scoring_20019",
    "DisplayTypeList": [],
    "BonusDesc": {
      "hash": 371857150
    },
    "BonusSimpleDesc": {
      "hash": 371857150
    },
    "ParamList": [],
    "BonusScore": 0,
    "ScoreRuleDesc": {
      "hash": 371857150
    },
    "GameModeGroup": 1001
  },
  "20020": {
    "ScoringID": 20020,
    "ScoringType": "Quest",
    "AbilityName": "StageAbility_Scoring_20020",
    "DisplayTypeList": [],
    "BonusDesc": {
      "hash": 371857150
    },
    "BonusSimpleDesc": {
      "hash": 371857150
    },
    "ParamList": [],
    "BonusScore": 0,
    "ScoreRuleDesc": {
      "hash": 371857150
    },
    "GameModeGroup": 1001
  },
  "20021": {
    "ScoringID": 20021,
    "ScoringType": "Quest",
    "AbilityName": "StageAbility_Scoring_20021",
    "DisplayTypeList": [],
    "BonusDesc": {
      "hash": 371857150
    },
    "BonusSimpleDesc": {
      "hash": 371857150
    },
    "ParamList": [],
    "BonusScore": 0,
    "ScoreRuleDesc": {
      "hash": 371857150
    },
    "GameModeGroup": 1001
  },
  "20022": {
    "ScoringID": 20022,
    "ScoringType": "Quest",
    "AbilityName": "StageAbility_Scoring_20022",
    "DisplayTypeList": [],
    "BonusDesc": {
      "hash": 371857150
    },
    "BonusSimpleDesc": {
      "hash": 371857150
    },
    "ParamList": [],
    "BonusScore": 0,
    "ScoreRuleDesc": {
      "hash": 371857150
    },
    "GameModeGroup": 1001
  },
  "20023": {
    "ScoringID": 20023,
    "ScoringType": "Quest",
    "AbilityName": "StageAbility_Scoring_20023",
    "DisplayTypeList": [],
    "BonusDesc": {
      "hash": 371857150
    },
    "BonusSimpleDesc": {
      "hash": 371857150
    },
    "ParamList": [],
    "BonusScore": 0,
    "ScoreRuleDesc": {
      "hash": 371857150
    },
    "GameModeGroup": 1001
  },
  "20024": {
    "ScoringID": 20024,
    "ScoringType": "Quest",
    "AbilityName": "StageAbility_Scoring_20024",
    "DisplayTypeList": [],
    "BonusDesc": {
      "hash": 371857150
    },
    "BonusSimpleDesc": {
      "hash": 371857150
    },
    "ParamList": [],
    "BonusScore": 0,
    "ScoreRuleDesc": {
      "hash": 371857150
    },
    "GameModeGroup": 1001
  },
  "20025": {
    "ScoringID": 20025,
    "ScoringType": "Quest",
    "AbilityName": "StageAbility_Scoring_20025",
    "DisplayTypeList": [],
    "BonusDesc": {
      "hash": 371857150
    },
    "BonusSimpleDesc": {
      "hash": 371857150
    },
    "ParamList": [],
    "BonusScore": 0,
    "ScoreRuleDesc": {
      "hash": 371857150
    },
    "GameModeGroup": 1001
  },
  "20026": {
    "ScoringID": 20026,
    "ScoringType": "Quest",
    "AbilityName": "StageAbility_Scoring_20026",
    "DisplayTypeList": [],
    "BonusDesc": {
      "hash": 371857150
    },
    "BonusSimpleDesc": {
      "hash": 371857150
    },
    "ParamList": [],
    "BonusScore": 0,
    "ScoreRuleDesc": {
      "hash": 371857150
    },
    "GameModeGroup": 1001
  },
  "20027": {
    "ScoringID": 20027,
    "ScoringType": "Quest",
    "AbilityName": "StageAbility_Scoring_20027",
    "DisplayTypeList": [],
    "BonusDesc": {
      "hash": 371857150
    },
    "BonusSimpleDesc": {
      "hash": 371857150
    },
    "ParamList": [],
    "BonusScore": 0,
    "ScoreRuleDesc": {
      "hash": 371857150
    },
    "GameModeGroup": 1001
  },
  "20028": {
    "ScoringID": 20028,
    "ScoringType": "Quest",
    "AbilityName": "StageAbility_Scoring_20028",
    "DisplayTypeList": [],
    "BonusDesc": {
      "hash": 371857150
    },
    "BonusSimpleDesc": {
      "hash": 371857150
    },
    "ParamList": [],
    "BonusScore": 0,
    "ScoreRuleDesc": {
      "hash": 371857150
    },
    "GameModeGroup": 1001
  },
  "20029": {
    "ScoringID": 20029,
    "ScoringType": "Quest",
    "AbilityName": "StageAbility_Scoring_20029",
    "DisplayTypeList": [],
    "BonusDesc": {
      "hash": 371857150
    },
    "BonusSimpleDesc": {
      "hash": 371857150
    },
    "ParamList": [],
    "BonusScore": 0,
    "ScoreRuleDesc": {
      "hash": 371857150
    },
    "GameModeGroup": 1001
  },
  "20030": {
    "ScoringID": 20030,
    "ScoringType": "Quest",
    "AbilityName": "StageAbility_Scoring_20030",
    "DisplayTypeList": [],
    "BonusDesc": {
      "hash": 371857150
    },
    "BonusSimpleDesc": {
      "hash": 371857150
    },
    "ParamList": [],
    "BonusScore": 0,
    "ScoreRuleDesc": {
      "hash": 371857150
    },
    "GameModeGroup": 1001
  },
  "30001": {
    "ScoringID": 30001,
    "ScoringType": "Quest",
    "AbilityName": "",
    "DisplayTypeList": [],
    "BonusDesc": {
      "hash": 371857150
    },
    "BonusSimpleDesc": {
      "hash": 371857150
    },
    "ParamList": [],
    "BonusScore": 0,
    "ScoreRuleDesc": {
      "hash": 371857150
    },
    "GameModeGroup": 0
  },
  "30002": {
    "ScoringID": 30002,
    "ScoringType": "Quest",
    "AbilityName": "",
    "DisplayTypeList": [],
    "BonusDesc": {
      "hash": 371857150
    },
    "BonusSimpleDesc": {
      "hash": 371857150
    },
    "ParamList": [],
    "BonusScore": 0,
    "ScoreRuleDesc": {
      "hash": 371857150
    },
    "GameModeGroup": 0
  },
  "30003": {
    "ScoringID": 30003,
    "ScoringType": "Quest",
    "AbilityName": "",
    "DisplayTypeList": [],
    "BonusDesc": {
      "hash": 371857150
    },
    "BonusSimpleDesc": {
      "hash": 371857150
    },
    "ParamList": [],
    "BonusScore": 0,
    "ScoreRuleDesc": {
      "hash": 371857150
    },
    "GameModeGroup": 0
  },
  "30004": {
    "ScoringID": 30004,
    "ScoringType": "Quest",
    "AbilityName": "",
    "DisplayTypeList": [],
    "BonusDesc": {
      "hash": 371857150
    },
    "BonusSimpleDesc": {
      "hash": 371857150
    },
    "ParamList": [],
    "BonusScore": 0,
    "ScoreRuleDesc": {
      "hash": 371857150
    },
    "GameModeGroup": 0
  },
  "30005": {
    "ScoringID": 30005,
    "ScoringType": "Quest",
    "AbilityName": "",
    "DisplayTypeList": [],
    "BonusDesc": {
      "hash": 371857150
    },
    "BonusSimpleDesc": {
      "hash": 371857150
    },
    "ParamList": [],
    "BonusScore": 0,
    "ScoreRuleDesc": {
      "hash": 371857150
    },
    "GameModeGroup": 0
  },
  "30006": {
    "ScoringID": 30006,
    "ScoringType": "Quest",
    "AbilityName": "",
    "DisplayTypeList": [],
    "BonusDesc": {
      "hash": 371857150
    },
    "BonusSimpleDesc": {
      "hash": 371857150
    },
    "ParamList": [],
    "BonusScore": 0,
    "ScoreRuleDesc": {
      "hash": 371857150
    },
    "GameModeGroup": 0
  },
  "30007": {
    "ScoringID": 30007,
    "ScoringType": "Quest",
    "AbilityName": "",
    "DisplayTypeList": [],
    "BonusDesc": {
      "hash": 371857150
    },
    "BonusSimpleDesc": {
      "hash": 371857150
    },
    "ParamList": [],
    "BonusScore": 0,
    "ScoreRuleDesc": {
      "hash": 371857150
    },
    "GameModeGroup": 0
  },
  "30008": {
    "ScoringID": 30008,
    "ScoringType": "Quest",
    "AbilityName": "",
    "DisplayTypeList": [],
    "BonusDesc": {
      "hash": 371857150
    },
    "BonusSimpleDesc": {
      "hash": 371857150
    },
    "ParamList": [],
    "BonusScore": 0,
    "ScoreRuleDesc": {
      "hash": 371857150
    },
    "GameModeGroup": 0
  },
  "30009": {
    "ScoringID": 30009,
    "ScoringType": "Quest",
    "AbilityName": "",
    "DisplayTypeList": [],
    "BonusDesc": {
      "hash": 371857150
    },
    "BonusSimpleDesc": {
      "hash": 371857150
    },
    "ParamList": [],
    "BonusScore": 0,
    "ScoreRuleDesc": {
      "hash": 371857150
    },
    "GameModeGroup": 0
  },
  "30010": {
    "ScoringID": 30010,
    "ScoringType": "Quest",
    "AbilityName": "",
    "DisplayTypeList": [],
    "BonusDesc": {
      "hash": 371857150
    },
    "BonusSimpleDesc": {
      "hash": 371857150
    },
    "ParamList": [],
    "BonusScore": 0,
    "ScoreRuleDesc": {
      "hash": 371857150
    },
    "GameModeGroup": 0
  },
  "30011": {
    "ScoringID": 30011,
    "ScoringType": "Quest",
    "AbilityName": "",
    "DisplayTypeList": [],
    "BonusDesc": {
      "hash": 371857150
    },
    "BonusSimpleDesc": {
      "hash": 371857150
    },
    "ParamList": [],
    "BonusScore": 0,
    "ScoreRuleDesc": {
      "hash": 371857150
    },
    "GameModeGroup": 0
  },
  "30012": {
    "ScoringID": 30012,
    "ScoringType": "Quest",
    "AbilityName": "",
    "DisplayTypeList": [],
    "BonusDesc": {
      "hash": 371857150
    },
    "BonusSimpleDesc": {
      "hash": 371857150
    },
    "ParamList": [],
    "BonusScore": 0,
    "ScoreRuleDesc": {
      "hash": 371857150
    },
    "GameModeGroup": 0
  },
  "30013": {
    "ScoringID": 30013,
    "ScoringType": "Quest",
    "AbilityName": "",
    "DisplayTypeList": [],
    "BonusDesc": {
      "hash": 371857150
    },
    "BonusSimpleDesc": {
      "hash": 371857150
    },
    "ParamList": [],
    "BonusScore": 0,
    "ScoreRuleDesc": {
      "hash": 371857150
    },
    "GameModeGroup": 0
  },
  "30014": {
    "ScoringID": 30014,
    "ScoringType": "Quest",
    "AbilityName": "",
    "DisplayTypeList": [],
    "BonusDesc": {
      "hash": 371857150
    },
    "BonusSimpleDesc": {
      "hash": 371857150
    },
    "ParamList": [],
    "BonusScore": 0,
    "ScoreRuleDesc": {
      "hash": 371857150
    },
    "GameModeGroup": 0
  },
  "30015": {
    "ScoringID": 30015,
    "ScoringType": "Quest",
    "AbilityName": "",
    "DisplayTypeList": [],
    "BonusDesc": {
      "hash": 371857150
    },
    "BonusSimpleDesc": {
      "hash": 371857150
    },
    "ParamList": [],
    "BonusScore": 0,
    "ScoreRuleDesc": {
      "hash": 371857150
    },
    "GameModeGroup": 0
  }
}