{
  "10012001": {
    "ActivityRewardID": 10012001,
    "RewardIconPath": "",
    "Count": 8000,
    "Reward": 3100001
  },
  "10012002": {
    "ActivityRewardID": 10012002,
    "RewardIconPath": "",
    "Count": 16000,
    "Reward": 3100002
  },
  "10012003": {
    "ActivityRewardID": 10012003,
    "RewardIconPath": "",
    "Count": 24000,
    "Reward": 3100003
  },
  "10012004": {
    "ActivityRewardID": 10012004,
    "RewardIconPath": "",
    "Count": 32000,
    "Reward": 3100004
  },
  "10012005": {
    "ActivityRewardID": 10012005,
    "RewardIconPath": "",
    "Count": 40000,
    "Reward": 3100005
  },
  "10012006": {
    "ActivityRewardID": 10012006,
    "RewardIconPath": "",
    "Count": 48000,
    "Reward": 3100006
  },
  "10012007": {
    "ActivityRewardID": 10012007,
    "RewardIconPath": "",
    "Count": 56000,
    "Reward": 3100007
  },
  "10012008": {
    "ActivityRewardID": 10012008,
    "RewardIconPath": "",
    "Count": 64000,
    "Reward": 3100008
  },
  "10012009": {
    "ActivityRewardID": 10012009,
    "RewardIconPath": "",
    "Count": 72000,
    "Reward": 3100009
  },
  "10012010": {
    "ActivityRewardID": 10012010,
    "RewardIconPath": "",
    "Count": 80000,
    "Reward": 3100010
  },
  "10012011": {
    "ActivityRewardID": 10012011,
    "RewardIconPath": "",
    "Count": 88000,
    "Reward": 3100011
  }
}