{
  "1": {
    "CurrencyID": 1,
    "GotoID": 0
  },
  "2": {
    "CurrencyID": 2,
    "GotoID": 0
  },
  "3": {
    "CurrencyID": 3,
    "GotoID": 0
  },
  "11": {
    "CurrencyID": 11,
    "GotoID": 1700
  },
  "900001": {
    "CurrencyID": 900001,
    "GotoID": 0
  },
  "120001": {
    "CurrencyID": 120001,
    "GotoID": 0
  },
  "120002": {
    "CurrencyID": 120002,
    "GotoID": 0
  },
  "101": {
    "CurrencyID": 101,
    "GotoID": 0
  },
  "102": {
    "CurrencyID": 102,
    "GotoID": 0
  },
  "31": {
    "CurrencyID": 31,
    "GotoID": 0
  },
  "32": {
    "CurrencyID": 32,
    "GotoID": 0
  },
  "33": {
    "CurrencyID": 33,
    "GotoID": 0
  },
  "251": {
    "CurrencyID": 251,
    "GotoID": 0
  },
  "252": {
    "CurrencyID": 252,
    "GotoID": 0
  }
}