{
  "3010201": {
    "ID": 3010201,
    "DailyMissionType": 3,
    "GroupID": 30102,
    "UnlockMainMission": 1010201,
    "UnlockPrestigeID": 101,
    "PrestigeLevelMin": 1,
    "PrestigeLevelMax": 999,
    "IconPath": "SpriteOutput/TabIcon/Quest/QuestDailyIcon.png"
  },
  "3010202": {
    "ID": 3010202,
    "DailyMissionType": 3,
    "GroupID": 30102,
    "UnlockMainMission": 1010201,
    "UnlockPrestigeID": 101,
    "PrestigeLevelMin": 1,
    "PrestigeLevelMax": 999,
    "IconPath": "SpriteOutput/TabIcon/Quest/QuestDailyIcon.png"
  },
  "3010203": {
    "ID": 3010203,
    "DailyMissionType": 3,
    "GroupID": 30102,
    "UnlockMainMission": 1010201,
    "UnlockPrestigeID": 101,
    "PrestigeLevelMin": 1,
    "PrestigeLevelMax": 999,
    "IconPath": "SpriteOutput/TabIcon/Quest/QuestDailyIcon.png"
  },
  "3010204": {
    "ID": 3010204,
    "DailyMissionType": 3,
    "GroupID": 30102,
    "UnlockMainMission": 1010201,
    "UnlockPrestigeID": 101,
    "PrestigeLevelMin": 1,
    "PrestigeLevelMax": 999,
    "IconPath": "SpriteOutput/TabIcon/Quest/QuestDailyIcon.png"
  },
  "3010205": {
    "ID": 3010205,
    "DailyMissionType": 3,
    "GroupID": 30102,
    "UnlockMainMission": 1010201,
    "UnlockPrestigeID": 101,
    "PrestigeLevelMin": 1,
    "PrestigeLevelMax": 999,
    "IconPath": "SpriteOutput/TabIcon/Quest/QuestDailyIcon.png"
  },
  "3010206": {
    "ID": 3010206,
    "DailyMissionType": 3,
    "GroupID": 30102,
    "UnlockMainMission": 1010201,
    "UnlockPrestigeID": 101,
    "PrestigeLevelMin": 1,
    "PrestigeLevelMax": 999,
    "IconPath": "SpriteOutput/TabIcon/Quest/QuestDailyIcon.png"
  },
  "3010207": {
    "ID": 3010207,
    "DailyMissionType": 3,
    "GroupID": 30102,
    "UnlockMainMission": 1010201,
    "UnlockPrestigeID": 101,
    "PrestigeLevelMin": 1,
    "PrestigeLevelMax": 999,
    "IconPath": "SpriteOutput/TabIcon/Quest/QuestDailyIcon.png"
  },
  "3010208": {
    "ID": 3010208,
    "DailyMissionType": 3,
    "GroupID": 30102,
    "UnlockMainMission": 1010201,
    "UnlockPrestigeID": 101,
    "PrestigeLevelMin": 1,
    "PrestigeLevelMax": 999,
    "IconPath": "SpriteOutput/TabIcon/Quest/QuestDailyIcon.png"
  },
  "3010209": {
    "ID": 3010209,
    "DailyMissionType": 3,
    "GroupID": 30102,
    "UnlockMainMission": 1010201,
    "UnlockPrestigeID": 101,
    "PrestigeLevelMin": 1,
    "PrestigeLevelMax": 999,
    "IconPath": "SpriteOutput/TabIcon/Quest/QuestDailyIcon.png"
  },
  "3010210": {
    "ID": 3010210,
    "DailyMissionType": 3,
    "GroupID": 30102,
    "UnlockMainMission": 1010201,
    "UnlockPrestigeID": 101,
    "PrestigeLevelMin": 1,
    "PrestigeLevelMax": 999,
    "IconPath": "SpriteOutput/TabIcon/Quest/QuestDailyIcon.png"
  },
  "3010211": {
    "ID": 3010211,
    "DailyMissionType": 3,
    "GroupID": 30102,
    "UnlockMainMission": 1010201,
    "UnlockPrestigeID": 101,
    "PrestigeLevelMin": 1,
    "PrestigeLevelMax": 999,
    "IconPath": "SpriteOutput/TabIcon/Quest/QuestDailyIcon.png"
  },
  "3010212": {
    "ID": 3010212,
    "DailyMissionType": 3,
    "GroupID": 30102,
    "UnlockMainMission": 1010201,
    "UnlockPrestigeID": 101,
    "PrestigeLevelMin": 1,
    "PrestigeLevelMax": 999,
    "IconPath": "SpriteOutput/TabIcon/Quest/QuestDailyIcon.png"
  },
  "3010213": {
    "ID": 3010213,
    "DailyMissionType": 3,
    "GroupID": 30102,
    "UnlockMainMission": 1010201,
    "UnlockPrestigeID": 101,
    "PrestigeLevelMin": 1,
    "PrestigeLevelMax": 999,
    "IconPath": "SpriteOutput/TabIcon/Quest/QuestDailyIcon.png"
  },
  "3010214": {
    "ID": 3010214,
    "DailyMissionType": 3,
    "GroupID": 30102,
    "UnlockMainMission": 1010201,
    "UnlockPrestigeID": 101,
    "PrestigeLevelMin": 1,
    "PrestigeLevelMax": 999,
    "IconPath": "SpriteOutput/TabIcon/Quest/QuestDailyIcon.png"
  },
  "3000101": {
    "ID": 3000101,
    "DailyMissionType": 1,
    "GroupID": 30103,
    "UnlockMainMission": 1010302,
    "UnlockPrestigeID": 101,
    "PrestigeLevelMin": 1,
    "PrestigeLevelMax": 999,
    "IconPath": "SpriteOutput/TabIcon/Quest/QuestDailyIcon.png"
  },
  "3000201": {
    "ID": 3000201,
    "DailyMissionType": 1,
    "GroupID": 30103,
    "UnlockMainMission": 1010302,
    "UnlockPrestigeID": 101,
    "PrestigeLevelMin": 1,
    "PrestigeLevelMax": 999,
    "IconPath": "SpriteOutput/TabIcon/Quest/QuestDailyIcon.png"
  },
  "3010301": {
    "ID": 3010301,
    "DailyMissionType": 1,
    "GroupID": 30104,
    "UnlockMainMission": 1010302,
    "UnlockPrestigeID": 101,
    "PrestigeLevelMin": 1,
    "PrestigeLevelMax": 999,
    "IconPath": "SpriteOutput/TabIcon/Quest/QuestDailyIcon.png"
  },
  "3010901": {
    "ID": 3010901,
    "DailyMissionType": 1,
    "GroupID": 30104,
    "UnlockMainMission": 1010902,
    "UnlockPrestigeID": 101,
    "PrestigeLevelMin": 1,
    "PrestigeLevelMax": 999,
    "IconPath": "SpriteOutput/TabIcon/Quest/QuestDailyIcon.png"
  },
  "3011301": {
    "ID": 3011301,
    "DailyMissionType": 1,
    "GroupID": 30104,
    "UnlockMainMission": 1011301,
    "UnlockPrestigeID": 101,
    "PrestigeLevelMin": 1,
    "PrestigeLevelMax": 999,
    "IconPath": "SpriteOutput/TabIcon/Quest/QuestDailyIcon.png"
  },
  "3010102": {
    "ID": 3010102,
    "DailyMissionType": 2,
    "GroupID": 30109,
    "UnlockMainMission": 1010101,
    "UnlockPrestigeID": 101,
    "PrestigeLevelMin": 1,
    "PrestigeLevelMax": 999,
    "IconPath": "SpriteOutput/TabIcon/Quest/QuestDailyIcon.png"
  },
  "3000521": {
    "ID": 3000521,
    "DailyMissionType": 2,
    "GroupID": 30107,
    "UnlockMainMission": 2000105,
    "UnlockPrestigeID": 101,
    "PrestigeLevelMin": 1,
    "PrestigeLevelMax": 999,
    "IconPath": "SpriteOutput/TabIcon/Quest/QuestDailyIcon.png"
  },
  "3000522": {
    "ID": 3000522,
    "DailyMissionType": 2,
    "GroupID": 30108,
    "UnlockMainMission": 2000113,
    "UnlockPrestigeID": 101,
    "PrestigeLevelMin": 1,
    "PrestigeLevelMax": 999,
    "IconPath": "SpriteOutput/TabIcon/Quest/QuestDailyIcon.png"
  },
  "3000523": {
    "ID": 3000523,
    "DailyMissionType": 2,
    "GroupID": 30108,
    "UnlockMainMission": 2000113,
    "UnlockPrestigeID": 101,
    "PrestigeLevelMin": 1,
    "PrestigeLevelMax": 999,
    "IconPath": "SpriteOutput/TabIcon/Quest/QuestDailyIcon.png"
  },
  "3000524": {
    "ID": 3000524,
    "DailyMissionType": 2,
    "GroupID": 30108,
    "UnlockMainMission": 2000113,
    "UnlockPrestigeID": 101,
    "PrestigeLevelMin": 1,
    "PrestigeLevelMax": 999,
    "IconPath": "SpriteOutput/TabIcon/Quest/QuestDailyIcon.png"
  },
  "3000525": {
    "ID": 3000525,
    "DailyMissionType": 2,
    "GroupID": 30108,
    "UnlockMainMission": 2000113,
    "UnlockPrestigeID": 101,
    "PrestigeLevelMin": 1,
    "PrestigeLevelMax": 999,
    "IconPath": "SpriteOutput/TabIcon/Quest/QuestDailyIcon.png"
  },
  "3000526": {
    "ID": 3000526,
    "DailyMissionType": 2,
    "GroupID": 30108,
    "UnlockMainMission": 2000113,
    "UnlockPrestigeID": 101,
    "PrestigeLevelMin": 1,
    "PrestigeLevelMax": 999,
    "IconPath": "SpriteOutput/TabIcon/Quest/QuestDailyIcon.png"
  },
  "3000527": {
    "ID": 3000527,
    "DailyMissionType": 2,
    "GroupID": 30108,
    "UnlockMainMission": 2000113,
    "UnlockPrestigeID": 101,
    "PrestigeLevelMin": 1,
    "PrestigeLevelMax": 999,
    "IconPath": "SpriteOutput/TabIcon/Quest/QuestDailyIcon.png"
  },
  "3010421": {
    "ID": 3010421,
    "DailyMissionType": 2,
    "GroupID": 30105,
    "UnlockMainMission": 1010902,
    "UnlockPrestigeID": 101,
    "PrestigeLevelMin": 1,
    "PrestigeLevelMax": 999,
    "IconPath": "SpriteOutput/TabIcon/Quest/QuestDailyIcon.png"
  },
  "3010422": {
    "ID": 3010422,
    "DailyMissionType": 2,
    "GroupID": 30105,
    "UnlockMainMission": 1010902,
    "UnlockPrestigeID": 101,
    "PrestigeLevelMin": 1,
    "PrestigeLevelMax": 999,
    "IconPath": "SpriteOutput/TabIcon/Quest/QuestDailyIcon.png"
  },
  "3010423": {
    "ID": 3010423,
    "DailyMissionType": 2,
    "GroupID": 30105,
    "UnlockMainMission": 2010501,
    "UnlockPrestigeID": 101,
    "PrestigeLevelMin": 1,
    "PrestigeLevelMax": 999,
    "IconPath": "SpriteOutput/TabIcon/Quest/QuestDailyIcon.png"
  },
  "3011011": {
    "ID": 3011011,
    "DailyMissionType": 3,
    "GroupID": 30106,
    "UnlockMainMission": 2010501,
    "UnlockPrestigeID": 101,
    "PrestigeLevelMin": 1,
    "PrestigeLevelMax": 999,
    "IconPath": "SpriteOutput/TabIcon/Quest/QuestDailyIcon.png"
  },
  "3011012": {
    "ID": 3011012,
    "DailyMissionType": 3,
    "GroupID": 30106,
    "UnlockMainMission": 2010501,
    "UnlockPrestigeID": 101,
    "PrestigeLevelMin": 1,
    "PrestigeLevelMax": 999,
    "IconPath": "SpriteOutput/TabIcon/Quest/QuestDailyIcon.png"
  },
  "3011013": {
    "ID": 3011013,
    "DailyMissionType": 3,
    "GroupID": 30106,
    "UnlockMainMission": 2010501,
    "UnlockPrestigeID": 101,
    "PrestigeLevelMin": 1,
    "PrestigeLevelMax": 999,
    "IconPath": "SpriteOutput/TabIcon/Quest/QuestDailyIcon.png"
  },
  "3011111": {
    "ID": 3011111,
    "DailyMissionType": 3,
    "GroupID": 30106,
    "UnlockMainMission": 1011403,
    "UnlockPrestigeID": 101,
    "PrestigeLevelMin": 1,
    "PrestigeLevelMax": 999,
    "IconPath": "SpriteOutput/TabIcon/Quest/QuestDailyIcon.png"
  },
  "3011112": {
    "ID": 3011112,
    "DailyMissionType": 3,
    "GroupID": 30106,
    "UnlockMainMission": 1011403,
    "UnlockPrestigeID": 101,
    "PrestigeLevelMin": 1,
    "PrestigeLevelMax": 999,
    "IconPath": "SpriteOutput/TabIcon/Quest/QuestDailyIcon.png"
  },
  "3011113": {
    "ID": 3011113,
    "DailyMissionType": 3,
    "GroupID": 30106,
    "UnlockMainMission": 1011403,
    "UnlockPrestigeID": 101,
    "PrestigeLevelMin": 1,
    "PrestigeLevelMax": 999,
    "IconPath": "SpriteOutput/TabIcon/Quest/QuestDailyIcon.png"
  }
}