{
  "900003": {
    "ID": 900003,
    "LimitTime": 60,
    "IsBeginPrepare": true,
    "IsCancellable": true
  },
  "900004": {
    "ID": 900004,
    "LimitTime": 10,
    "IsBeginPrepare": false,
    "IsCancellable": true
  },
  "900005": {
    "ID": 900005,
    "LimitTime": 60,
    "IsBeginPrepare": false,
    "IsCancellable": true
  },
  "900008": {
    "ID": 900008,
    "LimitTime": 30,
    "IsBeginPrepare": false,
    "IsCancellable": true
  },
  "900011": {
    "ID": 900011,
    "LimitTime": 0,
    "IsBeginPrepare": false,
    "IsCancellable": false
  },
  "900012": {
    "ID": 900012,
    "LimitTime": 0,
    "IsBeginPrepare": false,
    "IsCancellable": false
  },
  "900015": {
    "ID": 900015,
    "LimitTime": 0,
    "IsBeginPrepare": false,
    "IsCancellable": false
  }
}