{
  "1001:4:1": {
    "ExpeditionID": 1001,
    "Duration": 4,
    "AvatarNum": 1,
    "RewardID": 114111,
    "ExtraRewardID": 0
  },
  "1001:4:2": {
    "ExpeditionID": 1001,
    "Duration": 4,
    "AvatarNum": 2,
    "RewardID": 114111,
    "ExtraRewardID": 115111
  },
  "1001:8:1": {
    "ExpeditionID": 1001,
    "Duration": 8,
    "AvatarNum": 1,
    "RewardID": 114112,
    "ExtraRewardID": 0
  },
  "1001:8:2": {
    "ExpeditionID": 1001,
    "Duration": 8,
    "AvatarNum": 2,
    "RewardID": 114112,
    "ExtraRewardID": 115112
  },
  "1001:12:1": {
    "ExpeditionID": 1001,
    "Duration": 12,
    "AvatarNum": 1,
    "RewardID": 114113,
    "ExtraRewardID": 0
  },
  "1001:12:2": {
    "ExpeditionID": 1001,
    "Duration": 12,
    "AvatarNum": 2,
    "RewardID": 114113,
    "ExtraRewardID": 115113
  },
  "1001:20:1": {
    "ExpeditionID": 1001,
    "Duration": 20,
    "AvatarNum": 1,
    "RewardID": 114115,
    "ExtraRewardID": 0
  },
  "1001:20:2": {
    "ExpeditionID": 1001,
    "Duration": 20,
    "AvatarNum": 2,
    "RewardID": 114115,
    "ExtraRewardID": 115115
  },
  "1002:4:1": {
    "ExpeditionID": 1002,
    "Duration": 4,
    "AvatarNum": 1,
    "RewardID": 114121,
    "ExtraRewardID": 0
  },
  "1002:4:2": {
    "ExpeditionID": 1002,
    "Duration": 4,
    "AvatarNum": 2,
    "RewardID": 114121,
    "ExtraRewardID": 115121
  },
  "1002:8:1": {
    "ExpeditionID": 1002,
    "Duration": 8,
    "AvatarNum": 1,
    "RewardID": 114122,
    "ExtraRewardID": 0
  },
  "1002:8:2": {
    "ExpeditionID": 1002,
    "Duration": 8,
    "AvatarNum": 2,
    "RewardID": 114122,
    "ExtraRewardID": 115122
  },
  "1002:12:1": {
    "ExpeditionID": 1002,
    "Duration": 12,
    "AvatarNum": 1,
    "RewardID": 114123,
    "ExtraRewardID": 0
  },
  "1002:12:2": {
    "ExpeditionID": 1002,
    "Duration": 12,
    "AvatarNum": 2,
    "RewardID": 114123,
    "ExtraRewardID": 115123
  },
  "1002:20:1": {
    "ExpeditionID": 1002,
    "Duration": 20,
    "AvatarNum": 1,
    "RewardID": 114125,
    "ExtraRewardID": 0
  },
  "1002:20:2": {
    "ExpeditionID": 1002,
    "Duration": 20,
    "AvatarNum": 2,
    "RewardID": 114125,
    "ExtraRewardID": 115125
  },
  "1003:4:1": {
    "ExpeditionID": 1003,
    "Duration": 4,
    "AvatarNum": 1,
    "RewardID": 114131,
    "ExtraRewardID": 0
  },
  "1003:4:2": {
    "ExpeditionID": 1003,
    "Duration": 4,
    "AvatarNum": 2,
    "RewardID": 114131,
    "ExtraRewardID": 115131
  },
  "1003:8:1": {
    "ExpeditionID": 1003,
    "Duration": 8,
    "AvatarNum": 1,
    "RewardID": 114132,
    "ExtraRewardID": 0
  },
  "1003:8:2": {
    "ExpeditionID": 1003,
    "Duration": 8,
    "AvatarNum": 2,
    "RewardID": 114132,
    "ExtraRewardID": 115132
  },
  "1003:12:1": {
    "ExpeditionID": 1003,
    "Duration": 12,
    "AvatarNum": 1,
    "RewardID": 114133,
    "ExtraRewardID": 0
  },
  "1003:12:2": {
    "ExpeditionID": 1003,
    "Duration": 12,
    "AvatarNum": 2,
    "RewardID": 114133,
    "ExtraRewardID": 115133
  },
  "1003:20:1": {
    "ExpeditionID": 1003,
    "Duration": 20,
    "AvatarNum": 1,
    "RewardID": 114135,
    "ExtraRewardID": 0
  },
  "1003:20:2": {
    "ExpeditionID": 1003,
    "Duration": 20,
    "AvatarNum": 2,
    "RewardID": 114135,
    "ExtraRewardID": 115135
  },
  "1004:4:1": {
    "ExpeditionID": 1004,
    "Duration": 4,
    "AvatarNum": 1,
    "RewardID": 114141,
    "ExtraRewardID": 0
  },
  "1004:4:2": {
    "ExpeditionID": 1004,
    "Duration": 4,
    "AvatarNum": 2,
    "RewardID": 114141,
    "ExtraRewardID": 115141
  },
  "1004:8:1": {
    "ExpeditionID": 1004,
    "Duration": 8,
    "AvatarNum": 1,
    "RewardID": 114142,
    "ExtraRewardID": 0
  },
  "1004:8:2": {
    "ExpeditionID": 1004,
    "Duration": 8,
    "AvatarNum": 2,
    "RewardID": 114142,
    "ExtraRewardID": 115142
  },
  "1004:12:1": {
    "ExpeditionID": 1004,
    "Duration": 12,
    "AvatarNum": 1,
    "RewardID": 114143,
    "ExtraRewardID": 0
  },
  "1004:12:2": {
    "ExpeditionID": 1004,
    "Duration": 12,
    "AvatarNum": 2,
    "RewardID": 114143,
    "ExtraRewardID": 115143
  },
  "1004:20:1": {
    "ExpeditionID": 1004,
    "Duration": 20,
    "AvatarNum": 1,
    "RewardID": 114145,
    "ExtraRewardID": 0
  },
  "1004:20:2": {
    "ExpeditionID": 1004,
    "Duration": 20,
    "AvatarNum": 2,
    "RewardID": 114145,
    "ExtraRewardID": 115145
  },
  "2001:4:1": {
    "ExpeditionID": 2001,
    "Duration": 4,
    "AvatarNum": 1,
    "RewardID": 114211,
    "ExtraRewardID": 0
  },
  "2001:4:2": {
    "ExpeditionID": 2001,
    "Duration": 4,
    "AvatarNum": 2,
    "RewardID": 114211,
    "ExtraRewardID": 115211
  },
  "2001:8:1": {
    "ExpeditionID": 2001,
    "Duration": 8,
    "AvatarNum": 1,
    "RewardID": 114212,
    "ExtraRewardID": 0
  },
  "2001:8:2": {
    "ExpeditionID": 2001,
    "Duration": 8,
    "AvatarNum": 2,
    "RewardID": 114212,
    "ExtraRewardID": 115212
  },
  "2001:12:1": {
    "ExpeditionID": 2001,
    "Duration": 12,
    "AvatarNum": 1,
    "RewardID": 114213,
    "ExtraRewardID": 0
  },
  "2001:12:2": {
    "ExpeditionID": 2001,
    "Duration": 12,
    "AvatarNum": 2,
    "RewardID": 114213,
    "ExtraRewardID": 115213
  },
  "2001:20:1": {
    "ExpeditionID": 2001,
    "Duration": 20,
    "AvatarNum": 1,
    "RewardID": 114215,
    "ExtraRewardID": 0
  },
  "2001:20:2": {
    "ExpeditionID": 2001,
    "Duration": 20,
    "AvatarNum": 2,
    "RewardID": 114215,
    "ExtraRewardID": 115215
  },
  "3001:4:1": {
    "ExpeditionID": 3001,
    "Duration": 4,
    "AvatarNum": 1,
    "RewardID": 114311,
    "ExtraRewardID": 0
  },
  "3001:4:2": {
    "ExpeditionID": 3001,
    "Duration": 4,
    "AvatarNum": 2,
    "RewardID": 114311,
    "ExtraRewardID": 115311
  },
  "3001:8:1": {
    "ExpeditionID": 3001,
    "Duration": 8,
    "AvatarNum": 1,
    "RewardID": 114312,
    "ExtraRewardID": 0
  },
  "3001:8:2": {
    "ExpeditionID": 3001,
    "Duration": 8,
    "AvatarNum": 2,
    "RewardID": 114312,
    "ExtraRewardID": 115312
  },
  "3001:12:1": {
    "ExpeditionID": 3001,
    "Duration": 12,
    "AvatarNum": 1,
    "RewardID": 114313,
    "ExtraRewardID": 0
  },
  "3001:12:2": {
    "ExpeditionID": 3001,
    "Duration": 12,
    "AvatarNum": 2,
    "RewardID": 114313,
    "ExtraRewardID": 115313
  },
  "3001:20:1": {
    "ExpeditionID": 3001,
    "Duration": 20,
    "AvatarNum": 1,
    "RewardID": 114315,
    "ExtraRewardID": 0
  },
  "3001:20:2": {
    "ExpeditionID": 3001,
    "Duration": 20,
    "AvatarNum": 2,
    "RewardID": 114315,
    "ExtraRewardID": 115315
  },
  "4001:4:1": {
    "ExpeditionID": 4001,
    "Duration": 4,
    "AvatarNum": 1,
    "RewardID": 114411,
    "ExtraRewardID": 0
  },
  "4001:4:2": {
    "ExpeditionID": 4001,
    "Duration": 4,
    "AvatarNum": 2,
    "RewardID": 114411,
    "ExtraRewardID": 115411
  },
  "4001:8:1": {
    "ExpeditionID": 4001,
    "Duration": 8,
    "AvatarNum": 1,
    "RewardID": 114412,
    "ExtraRewardID": 0
  },
  "4001:8:2": {
    "ExpeditionID": 4001,
    "Duration": 8,
    "AvatarNum": 2,
    "RewardID": 114412,
    "ExtraRewardID": 115412
  },
  "4001:12:1": {
    "ExpeditionID": 4001,
    "Duration": 12,
    "AvatarNum": 1,
    "RewardID": 114413,
    "ExtraRewardID": 0
  },
  "4001:12:2": {
    "ExpeditionID": 4001,
    "Duration": 12,
    "AvatarNum": 2,
    "RewardID": 114413,
    "ExtraRewardID": 115413
  },
  "4001:20:1": {
    "ExpeditionID": 4001,
    "Duration": 20,
    "AvatarNum": 1,
    "RewardID": 114415,
    "ExtraRewardID": 0
  },
  "4001:20:2": {
    "ExpeditionID": 4001,
    "Duration": 20,
    "AvatarNum": 2,
    "RewardID": 114415,
    "ExtraRewardID": 115415
  },
  "5001:4:1": {
    "ExpeditionID": 5001,
    "Duration": 4,
    "AvatarNum": 1,
    "RewardID": 114511,
    "ExtraRewardID": 0
  },
  "5001:4:2": {
    "ExpeditionID": 5001,
    "Duration": 4,
    "AvatarNum": 2,
    "RewardID": 114511,
    "ExtraRewardID": 115511
  },
  "5001:8:1": {
    "ExpeditionID": 5001,
    "Duration": 8,
    "AvatarNum": 1,
    "RewardID": 114512,
    "ExtraRewardID": 0
  },
  "5001:8:2": {
    "ExpeditionID": 5001,
    "Duration": 8,
    "AvatarNum": 2,
    "RewardID": 114512,
    "ExtraRewardID": 115512
  },
  "5001:12:1": {
    "ExpeditionID": 5001,
    "Duration": 12,
    "AvatarNum": 1,
    "RewardID": 114513,
    "ExtraRewardID": 0
  },
  "5001:12:2": {
    "ExpeditionID": 5001,
    "Duration": 12,
    "AvatarNum": 2,
    "RewardID": 114513,
    "ExtraRewardID": 115513
  },
  "5001:20:1": {
    "ExpeditionID": 5001,
    "Duration": 20,
    "AvatarNum": 1,
    "RewardID": 114515,
    "ExtraRewardID": 0
  },
  "5001:20:2": {
    "ExpeditionID": 5001,
    "Duration": 20,
    "AvatarNum": 2,
    "RewardID": 114515,
    "ExtraRewardID": 115515
  },
  "5002:4:1": {
    "ExpeditionID": 5002,
    "Duration": 4,
    "AvatarNum": 1,
    "RewardID": 114521,
    "ExtraRewardID": 0
  },
  "5002:4:2": {
    "ExpeditionID": 5002,
    "Duration": 4,
    "AvatarNum": 2,
    "RewardID": 114521,
    "ExtraRewardID": 115521
  },
  "5002:8:1": {
    "ExpeditionID": 5002,
    "Duration": 8,
    "AvatarNum": 1,
    "RewardID": 114522,
    "ExtraRewardID": 0
  },
  "5002:8:2": {
    "ExpeditionID": 5002,
    "Duration": 8,
    "AvatarNum": 2,
    "RewardID": 114522,
    "ExtraRewardID": 115522
  },
  "5002:12:1": {
    "ExpeditionID": 5002,
    "Duration": 12,
    "AvatarNum": 1,
    "RewardID": 114523,
    "ExtraRewardID": 0
  },
  "5002:12:2": {
    "ExpeditionID": 5002,
    "Duration": 12,
    "AvatarNum": 2,
    "RewardID": 114523,
    "ExtraRewardID": 115523
  },
  "5002:20:1": {
    "ExpeditionID": 5002,
    "Duration": 20,
    "AvatarNum": 1,
    "RewardID": 114525,
    "ExtraRewardID": 0
  },
  "5002:20:2": {
    "ExpeditionID": 5002,
    "Duration": 20,
    "AvatarNum": 2,
    "RewardID": 114525,
    "ExtraRewardID": 115525
  },
  "5003:4:1": {
    "ExpeditionID": 5003,
    "Duration": 4,
    "AvatarNum": 1,
    "RewardID": 114531,
    "ExtraRewardID": 0
  },
  "5003:4:2": {
    "ExpeditionID": 5003,
    "Duration": 4,
    "AvatarNum": 2,
    "RewardID": 114531,
    "ExtraRewardID": 115531
  },
  "5003:8:1": {
    "ExpeditionID": 5003,
    "Duration": 8,
    "AvatarNum": 1,
    "RewardID": 114532,
    "ExtraRewardID": 0
  },
  "5003:8:2": {
    "ExpeditionID": 5003,
    "Duration": 8,
    "AvatarNum": 2,
    "RewardID": 114532,
    "ExtraRewardID": 115532
  },
  "5003:12:1": {
    "ExpeditionID": 5003,
    "Duration": 12,
    "AvatarNum": 1,
    "RewardID": 114533,
    "ExtraRewardID": 0
  },
  "5003:12:2": {
    "ExpeditionID": 5003,
    "Duration": 12,
    "AvatarNum": 2,
    "RewardID": 114533,
    "ExtraRewardID": 115533
  },
  "5003:20:1": {
    "ExpeditionID": 5003,
    "Duration": 20,
    "AvatarNum": 1,
    "RewardID": 114535,
    "ExtraRewardID": 0
  },
  "5003:20:2": {
    "ExpeditionID": 5003,
    "Duration": 20,
    "AvatarNum": 2,
    "RewardID": 114535,
    "ExtraRewardID": 115535
  }
}