{
  "1": {
    "GroupID": 1,
    "Name": {
      "hash": 822723971
    },
    "IconPath": "SpriteOutput/ItemIcon/110111.png"
  },
  "2": {
    "GroupID": 2,
    "Name": {
      "hash": 822723970
    },
    "IconPath": "SpriteOutput/ItemIcon/213.png"
  },
  "3": {
    "GroupID": 3,
    "Name": {
      "hash": 822723969
    },
    "IconPath": "SpriteOutput/ItemIcon/222.png"
  },
  "4": {
    "GroupID": 4,
    "Name": {
      "hash": 822723976
    },
    "IconPath": "SpriteOutput/ItemIcon/2.png"
  },
  "5": {
    "GroupID": 5,
    "Name": {
      "hash": 822723975
    },
    "IconPath": "SpriteOutput/ItemIcon/180002.png"
  }
}