{
  "2001:0": {
    "ID": 2001,
    "WorldLevel": 0,
    "MappingInfoID": 2001,
    "DropList": [
      1000899,
      1000339,
      2003015,
      2003103
    ],
    "StaminaCost": 30
  },
  "2001:1": {
    "ID": 2001,
    "WorldLevel": 1,
    "MappingInfoID": 2001,
    "DropList": [
      1000899,
      1000389,
      2003111
    ],
    "StaminaCost": 30
  },
  "2001:2": {
    "ID": 2001,
    "WorldLevel": 2,
    "MappingInfoID": 2001,
    "DropList": [
      1000899,
      1000404,
      2003116
    ],
    "StaminaCost": 30
  },
  "2001:3": {
    "ID": 2001,
    "WorldLevel": 3,
    "MappingInfoID": 2001,
    "DropList": [
      1000899,
      1000409,
      1001020,
      2003204
    ],
    "StaminaCost": 30
  },
  "2001:4": {
    "ID": 2001,
    "WorldLevel": 4,
    "MappingInfoID": 2001,
    "DropList": [
      1000899,
      1000409,
      1001020,
      2003204
    ],
    "StaminaCost": 30
  },
  "1101:0": {
    "ID": 1101,
    "WorldLevel": 0,
    "MappingInfoID": 1101,
    "DropList": [
      1000909,
      1000403,
      980000,
      1004210,
      910051
    ],
    "StaminaCost": 30
  },
  "1101:1": {
    "ID": 1101,
    "WorldLevel": 1,
    "MappingInfoID": 1101,
    "DropList": [
      1000909,
      1000405,
      980001,
      1004210,
      910052
    ],
    "StaminaCost": 30
  },
  "1101:2": {
    "ID": 1101,
    "WorldLevel": 2,
    "MappingInfoID": 1101,
    "DropList": [
      1000909,
      1000407,
      980000,
      980001,
      1004211,
      910053
    ],
    "StaminaCost": 30
  },
  "1101:3": {
    "ID": 1101,
    "WorldLevel": 3,
    "MappingInfoID": 1101,
    "DropList": [
      1000909,
      1000409,
      980002,
      1004212,
      910054
    ],
    "StaminaCost": 30
  },
  "1101:4": {
    "ID": 1101,
    "WorldLevel": 4,
    "MappingInfoID": 1101,
    "DropList": [
      1000909,
      1000411,
      980000,
      980002,
      1004212,
      910055
    ],
    "StaminaCost": 30
  },
  "1101:5": {
    "ID": 1101,
    "WorldLevel": 5,
    "MappingInfoID": 1101,
    "DropList": [
      1000909,
      1000413,
      980001,
      980002,
      1004213,
      910056
    ],
    "StaminaCost": 30
  },
  "1101:6": {
    "ID": 1101,
    "WorldLevel": 6,
    "MappingInfoID": 1101,
    "DropList": [
      1000909,
      1000415,
      980002,
      980002,
      1004213,
      910057
    ],
    "StaminaCost": 30
  },
  "1102:0": {
    "ID": 1102,
    "WorldLevel": 0,
    "MappingInfoID": 1102,
    "DropList": [
      1000909,
      1000403,
      980000,
      1004200,
      910041
    ],
    "StaminaCost": 30
  },
  "1102:1": {
    "ID": 1102,
    "WorldLevel": 1,
    "MappingInfoID": 1102,
    "DropList": [
      1000909,
      1000405,
      980001,
      1004200,
      910042
    ],
    "StaminaCost": 30
  },
  "1102:2": {
    "ID": 1102,
    "WorldLevel": 2,
    "MappingInfoID": 1102,
    "DropList": [
      1000909,
      1000407,
      980000,
      980001,
      1004201,
      910043
    ],
    "StaminaCost": 30
  },
  "1102:3": {
    "ID": 1102,
    "WorldLevel": 3,
    "MappingInfoID": 1102,
    "DropList": [
      1000909,
      1000409,
      980002,
      1004202,
      910044
    ],
    "StaminaCost": 30
  },
  "1102:4": {
    "ID": 1102,
    "WorldLevel": 4,
    "MappingInfoID": 1102,
    "DropList": [
      1000909,
      1000411,
      980000,
      980002,
      1004202,
      910045
    ],
    "StaminaCost": 30
  },
  "1102:5": {
    "ID": 1102,
    "WorldLevel": 5,
    "MappingInfoID": 1102,
    "DropList": [
      1000909,
      1000413,
      980001,
      980002,
      1004203,
      910046
    ],
    "StaminaCost": 30
  },
  "1102:6": {
    "ID": 1102,
    "WorldLevel": 6,
    "MappingInfoID": 1102,
    "DropList": [
      1000909,
      1000415,
      980002,
      980002,
      1004203,
      910047
    ],
    "StaminaCost": 30
  },
  "1103:0": {
    "ID": 1103,
    "WorldLevel": 0,
    "MappingInfoID": 1103,
    "DropList": [
      1000909,
      1000403,
      980000,
      1004190,
      910031
    ],
    "StaminaCost": 30
  },
  "1103:1": {
    "ID": 1103,
    "WorldLevel": 1,
    "MappingInfoID": 1103,
    "DropList": [
      1000909,
      1000405,
      980001,
      1004190,
      910032
    ],
    "StaminaCost": 30
  },
  "1103:2": {
    "ID": 1103,
    "WorldLevel": 2,
    "MappingInfoID": 1103,
    "DropList": [
      1000909,
      1000407,
      980000,
      980001,
      1004191,
      910033
    ],
    "StaminaCost": 30
  },
  "1103:3": {
    "ID": 1103,
    "WorldLevel": 3,
    "MappingInfoID": 1103,
    "DropList": [
      1000909,
      1000409,
      980002,
      1004192,
      910034
    ],
    "StaminaCost": 30
  },
  "1103:4": {
    "ID": 1103,
    "WorldLevel": 4,
    "MappingInfoID": 1103,
    "DropList": [
      1000909,
      1000411,
      980000,
      980002,
      1004192,
      910035
    ],
    "StaminaCost": 30
  },
  "1103:5": {
    "ID": 1103,
    "WorldLevel": 5,
    "MappingInfoID": 1103,
    "DropList": [
      1000909,
      1000413,
      980001,
      980002,
      1004193,
      910036
    ],
    "StaminaCost": 30
  },
  "1103:6": {
    "ID": 1103,
    "WorldLevel": 6,
    "MappingInfoID": 1103,
    "DropList": [
      1000909,
      1000415,
      980002,
      980002,
      1004193,
      910037
    ],
    "StaminaCost": 30
  },
  "1104:0": {
    "ID": 1104,
    "WorldLevel": 0,
    "MappingInfoID": 1104,
    "DropList": [
      1000909,
      1000403,
      980000,
      1004170,
      910011
    ],
    "StaminaCost": 30
  },
  "1104:1": {
    "ID": 1104,
    "WorldLevel": 1,
    "MappingInfoID": 1104,
    "DropList": [
      1000909,
      1000405,
      980001,
      1004170,
      910012
    ],
    "StaminaCost": 30
  },
  "1104:2": {
    "ID": 1104,
    "WorldLevel": 2,
    "MappingInfoID": 1104,
    "DropList": [
      1000909,
      1000407,
      980000,
      980001,
      1004171,
      910013
    ],
    "StaminaCost": 30
  },
  "1104:3": {
    "ID": 1104,
    "WorldLevel": 3,
    "MappingInfoID": 1104,
    "DropList": [
      1000909,
      1000409,
      980002,
      1004172,
      910014
    ],
    "StaminaCost": 30
  },
  "1104:4": {
    "ID": 1104,
    "WorldLevel": 4,
    "MappingInfoID": 1104,
    "DropList": [
      1000909,
      1000411,
      980000,
      980002,
      1004172,
      910015
    ],
    "StaminaCost": 30
  },
  "1104:5": {
    "ID": 1104,
    "WorldLevel": 5,
    "MappingInfoID": 1104,
    "DropList": [
      1000909,
      1000413,
      980001,
      980002,
      1004173,
      910016
    ],
    "StaminaCost": 30
  },
  "1104:6": {
    "ID": 1104,
    "WorldLevel": 6,
    "MappingInfoID": 1104,
    "DropList": [
      1000909,
      1000415,
      980002,
      980002,
      1004173,
      910017
    ],
    "StaminaCost": 30
  },
  "1105:0": {
    "ID": 1105,
    "WorldLevel": 0,
    "MappingInfoID": 1105,
    "DropList": [
      1000909,
      1000403,
      980000,
      1004160,
      910001
    ],
    "StaminaCost": 30
  },
  "1105:1": {
    "ID": 1105,
    "WorldLevel": 1,
    "MappingInfoID": 1105,
    "DropList": [
      1000909,
      1000405,
      980001,
      1004160,
      910002
    ],
    "StaminaCost": 30
  },
  "1105:2": {
    "ID": 1105,
    "WorldLevel": 2,
    "MappingInfoID": 1105,
    "DropList": [
      1000909,
      1000407,
      980000,
      980001,
      1004161,
      910003
    ],
    "StaminaCost": 30
  },
  "1105:3": {
    "ID": 1105,
    "WorldLevel": 3,
    "MappingInfoID": 1105,
    "DropList": [
      1000909,
      1000409,
      980002,
      1004162,
      910004
    ],
    "StaminaCost": 30
  },
  "1105:4": {
    "ID": 1105,
    "WorldLevel": 4,
    "MappingInfoID": 1105,
    "DropList": [
      1000909,
      1000411,
      980000,
      980002,
      1004162,
      910005
    ],
    "StaminaCost": 30
  },
  "1105:5": {
    "ID": 1105,
    "WorldLevel": 5,
    "MappingInfoID": 1105,
    "DropList": [
      1000909,
      1000413,
      980001,
      980002,
      1004163,
      910006
    ],
    "StaminaCost": 30
  },
  "1105:6": {
    "ID": 1105,
    "WorldLevel": 6,
    "MappingInfoID": 1105,
    "DropList": [
      1000909,
      1000415,
      980002,
      980002,
      1004163,
      910007
    ],
    "StaminaCost": 30
  },
  "1106:0": {
    "ID": 1106,
    "WorldLevel": 0,
    "MappingInfoID": 1106,
    "DropList": [
      1000909,
      1000403,
      980000,
      1004180,
      910021
    ],
    "StaminaCost": 30
  },
  "1106:1": {
    "ID": 1106,
    "WorldLevel": 1,
    "MappingInfoID": 1106,
    "DropList": [
      1000909,
      1000405,
      980001,
      1004180,
      910022
    ],
    "StaminaCost": 30
  },
  "1106:2": {
    "ID": 1106,
    "WorldLevel": 2,
    "MappingInfoID": 1106,
    "DropList": [
      1000909,
      1000407,
      980000,
      980001,
      1004181,
      910023
    ],
    "StaminaCost": 30
  },
  "1106:3": {
    "ID": 1106,
    "WorldLevel": 3,
    "MappingInfoID": 1106,
    "DropList": [
      1000909,
      1000409,
      980002,
      1004182,
      910024
    ],
    "StaminaCost": 30
  },
  "1106:4": {
    "ID": 1106,
    "WorldLevel": 4,
    "MappingInfoID": 1106,
    "DropList": [
      1000909,
      1000411,
      980000,
      980002,
      1004182,
      910025
    ],
    "StaminaCost": 30
  },
  "1106:5": {
    "ID": 1106,
    "WorldLevel": 5,
    "MappingInfoID": 1106,
    "DropList": [
      1000909,
      1000413,
      980001,
      980002,
      1004183,
      910026
    ],
    "StaminaCost": 30
  },
  "1106:6": {
    "ID": 1106,
    "WorldLevel": 6,
    "MappingInfoID": 1106,
    "DropList": [
      1000909,
      1000415,
      980002,
      980002,
      1004183,
      910027
    ],
    "StaminaCost": 30
  },
  "1107:0": {
    "ID": 1107,
    "WorldLevel": 0,
    "MappingInfoID": 1107,
    "DropList": [
      1000909,
      1000403,
      980000,
      1004220,
      910061
    ],
    "StaminaCost": 30
  },
  "1107:1": {
    "ID": 1107,
    "WorldLevel": 1,
    "MappingInfoID": 1107,
    "DropList": [
      1000909,
      1000405,
      980001,
      1004220,
      910062
    ],
    "StaminaCost": 30
  },
  "1107:2": {
    "ID": 1107,
    "WorldLevel": 2,
    "MappingInfoID": 1107,
    "DropList": [
      1000909,
      1000407,
      980000,
      980001,
      1004221,
      910063
    ],
    "StaminaCost": 30
  },
  "1107:3": {
    "ID": 1107,
    "WorldLevel": 3,
    "MappingInfoID": 1107,
    "DropList": [
      1000909,
      1000409,
      980002,
      1004222,
      910064
    ],
    "StaminaCost": 30
  },
  "1107:4": {
    "ID": 1107,
    "WorldLevel": 4,
    "MappingInfoID": 1107,
    "DropList": [
      1000909,
      1000411,
      980000,
      980002,
      1004222,
      910065
    ],
    "StaminaCost": 30
  },
  "1107:5": {
    "ID": 1107,
    "WorldLevel": 5,
    "MappingInfoID": 1107,
    "DropList": [
      1000909,
      1000413,
      980001,
      980002,
      1004223,
      910066
    ],
    "StaminaCost": 30
  },
  "1107:6": {
    "ID": 1107,
    "WorldLevel": 6,
    "MappingInfoID": 1107,
    "DropList": [
      1000909,
      1000415,
      980002,
      980002,
      1004223,
      910067
    ],
    "StaminaCost": 30
  }
}