{
  "10": {
    "TypeID": 10,
    "TypeTextmapID": "ItemComposeType_10",
    "TypeIconPath": "SpriteOutput/TabIcon/Material/MaterialAllIcon.png",
    "IsMainType": true,
    "MainTypeID": 0
  },
  "12": {
    "TypeID": 12,
    "TypeTextmapID": "ItemComposeType_12",
    "TypeIconPath": "SpriteOutput/TabIcon/Material/MaterialOccupationIcon.png",
    "IsMainType": false,
    "MainTypeID": 10
  },
  "20": {
    "TypeID": 20,
    "TypeTextmapID": "ItemComposeType_20",
    "TypeIconPath": "SpriteOutput/TabIcon/Inventory/InventoryIcon.png",
    "IsMainType": true,
    "MainTypeID": 0
  },
  "21": {
    "TypeID": 21,
    "TypeTextmapID": "ItemComposeType_21",
    "TypeIconPath": "SpriteOutput/TabIcon/Inventory/InventoryIcon.png",
    "IsMainType": false,
    "MainTypeID": 20
  },
  "1": {
    "TypeID": 1,
    "TypeTextmapID": "ItemComposeType_1",
    "TypeIconPath": "SpriteOutput/TabIcon/Inventory/InventoryConsumablesIcon.png",
    "IsMainType": true,
    "MainTypeID": 0
  },
  "2": {
    "TypeID": 2,
    "TypeTextmapID": "ItemComposeType_2",
    "TypeIconPath": "SpriteOutput/TabIcon/Inventory/InventoryConsumablesIcon.png",
    "IsMainType": false,
    "MainTypeID": 1
  }
}