{
  "400001": {
    "UseDataID": 400001,
    "UseSubType": "Avatar",
    "UseTargetType": "Alive",
    "MazeBuffID": 400001,
    "MazeBuffParam": [],
    "SatietyValue": 1,
    "UseMultipleMax": 1,
    "IsCheckHP": true,
    "UseEffect": "AvatarItemIcon_Eff_Heal",
    "PreviewHPRecoveryPercent": 0.3,
    "PreviewHPRecoveryValue": 0.0,
    "IsShowItemDesc": true,
    "IsShowUseMultipleSlider": false
  },
  "400002": {
    "UseDataID": 400002,
    "UseSubType": "Avatar",
    "UseTargetType": "Alive",
    "MazeBuffID": 400002,
    "MazeBuffParam": [],
    "SatietyValue": 1,
    "UseMultipleMax": 1,
    "IsCheckHP": true,
    "UseEffect": "AvatarItemIcon_Eff_Heal",
    "PreviewHPRecoveryPercent": 1.0,
    "PreviewHPRecoveryValue": 0.0,
    "IsShowItemDesc": true,
    "IsShowUseMultipleSlider": false
  },
  "400003": {
    "UseDataID": 400003,
    "UseSubType": "External",
    "UseTargetType": "All",
    "MazeBuffID": 400003,
    "MazeBuffParam": [],
    "SatietyValue": 0,
    "UseMultipleMax": 1,
    "IsCheckHP": false,
    "UseEffect": "AvatarItemIcon_Eff_MpGet",
    "PreviewHPRecoveryPercent": 0.0,
    "PreviewHPRecoveryValue": 0.0,
    "IsShowItemDesc": true,
    "IsShowUseMultipleSlider": false
  },
  "400004": {
    "UseDataID": 400004,
    "UseSubType": "Avatar",
    "UseTargetType": "Alive",
    "MazeBuffID": 400004,
    "MazeBuffParam": [],
    "SatietyValue": 1,
    "UseMultipleMax": 1,
    "IsCheckHP": true,
    "UseEffect": "AvatarItemIcon_Eff_Heal",
    "PreviewHPRecoveryPercent": 0.12,
    "PreviewHPRecoveryValue": 200.0,
    "IsShowItemDesc": true,
    "IsShowUseMultipleSlider": false
  },
  "400005": {
    "UseDataID": 400005,
    "UseSubType": "External",
    "UseTargetType": "All",
    "MazeBuffID": 400005,
    "MazeBuffParam": [],
    "SatietyValue": 0,
    "UseMultipleMax": 1,
    "IsCheckHP": false,
    "UseEffect": "AvatarItemIcon_Eff_MpGet",
    "PreviewHPRecoveryPercent": 0.0,
    "PreviewHPRecoveryValue": 0.0,
    "IsShowItemDesc": true,
    "IsShowUseMultipleSlider": false
  },
  "400006": {
    "UseDataID": 400006,
    "UseSubType": "Avatar",
    "UseTargetType": "Dead",
    "MazeBuffID": 400006,
    "MazeBuffParam": [],
    "SatietyValue": 0,
    "UseMultipleMax": 1,
    "IsCheckHP": false,
    "UseEffect": "AvatarItemIcon_Eff_Heal",
    "PreviewHPRecoveryPercent": 0.1,
    "PreviewHPRecoveryValue": 0.0,
    "IsShowItemDesc": true,
    "IsShowUseMultipleSlider": false
  },
  "401001": {
    "UseDataID": 401001,
    "UseSubType": "Lineup",
    "UseTargetType": "All",
    "MazeBuffID": 401001,
    "MazeBuffParam": [],
    "SatietyValue": 0,
    "UseMultipleMax": 1,
    "IsCheckHP": false,
    "UseEffect": "AvatarItemIcon_Eff_DefUp",
    "PreviewHPRecoveryPercent": 0.0,
    "PreviewHPRecoveryValue": 0.0,
    "IsShowItemDesc": true,
    "IsShowUseMultipleSlider": false
  },
  "401002": {
    "UseDataID": 401002,
    "UseSubType": "Lineup",
    "UseTargetType": "All",
    "MazeBuffID": 401002,
    "MazeBuffParam": [],
    "SatietyValue": 0,
    "UseMultipleMax": 1,
    "IsCheckHP": false,
    "UseEffect": "AvatarItemIcon_Eff_AtkUp",
    "PreviewHPRecoveryPercent": 0.0,
    "PreviewHPRecoveryValue": 0.0,
    "IsShowItemDesc": true,
    "IsShowUseMultipleSlider": false
  },
  "401003": {
    "UseDataID": 401003,
    "UseSubType": "Avatar",
    "UseTargetType": "Alive",
    "MazeBuffID": 401003,
    "MazeBuffParam": [],
    "SatietyValue": 1,
    "UseMultipleMax": 1,
    "IsCheckHP": true,
    "UseEffect": "AvatarItemIcon_Eff_Heal",
    "PreviewHPRecoveryPercent": 0.2,
    "PreviewHPRecoveryValue": 450.0,
    "IsShowItemDesc": true,
    "IsShowUseMultipleSlider": false
  },
  "401004": {
    "UseDataID": 401004,
    "UseSubType": "External",
    "UseTargetType": "All",
    "MazeBuffID": 401004,
    "MazeBuffParam": [],
    "SatietyValue": 0,
    "UseMultipleMax": 1,
    "IsCheckHP": false,
    "UseEffect": "AvatarItemIcon_Eff_AtkUp",
    "PreviewHPRecoveryPercent": 0.0,
    "PreviewHPRecoveryValue": 0.0,
    "IsShowItemDesc": true,
    "IsShowUseMultipleSlider": false
  },
  "401005": {
    "UseDataID": 401005,
    "UseSubType": "External",
    "UseTargetType": "All",
    "MazeBuffID": 401005,
    "MazeBuffParam": [],
    "SatietyValue": 0,
    "UseMultipleMax": 1,
    "IsCheckHP": false,
    "UseEffect": "AvatarItemIcon_Eff_MpGet",
    "PreviewHPRecoveryPercent": 0.0,
    "PreviewHPRecoveryValue": 0.0,
    "IsShowItemDesc": true,
    "IsShowUseMultipleSlider": false
  },
  "401006": {
    "UseDataID": 401006,
    "UseSubType": "Avatar",
    "UseTargetType": "Alive",
    "MazeBuffID": 401006,
    "MazeBuffParam": [],
    "SatietyValue": 1,
    "UseMultipleMax": 1,
    "IsCheckHP": false,
    "UseEffect": "AvatarItemIcon_Eff_MpGet",
    "PreviewHPRecoveryPercent": 0.0,
    "PreviewHPRecoveryValue": 0.0,
    "IsShowItemDesc": true,
    "IsShowUseMultipleSlider": false
  },
  "402001": {
    "UseDataID": 402001,
    "UseSubType": "Avatar",
    "UseTargetType": "Alive",
    "MazeBuffID": 402001,
    "MazeBuffParam": [],
    "SatietyValue": 1,
    "UseMultipleMax": 1,
    "IsCheckHP": true,
    "UseEffect": "AvatarItemIcon_Eff_Heal",
    "PreviewHPRecoveryPercent": 0.3,
    "PreviewHPRecoveryValue": 600.0,
    "IsShowItemDesc": true,
    "IsShowUseMultipleSlider": false
  },
  "402002": {
    "UseDataID": 402002,
    "UseSubType": "External",
    "UseTargetType": "All",
    "MazeBuffID": 402002,
    "MazeBuffParam": [],
    "SatietyValue": 0,
    "UseMultipleMax": 1,
    "IsCheckHP": false,
    "UseEffect": "AvatarItemIcon_Eff_DefUp",
    "PreviewHPRecoveryPercent": 0.0,
    "PreviewHPRecoveryValue": 0.0,
    "IsShowItemDesc": true,
    "IsShowUseMultipleSlider": false
  },
  "403001": {
    "UseDataID": 403001,
    "UseSubType": "External",
    "UseTargetType": "All",
    "MazeBuffID": 403001,
    "MazeBuffParam": [],
    "SatietyValue": 0,
    "UseMultipleMax": 1,
    "IsCheckHP": false,
    "UseEffect": "AvatarItemIcon_Eff_AtkUp",
    "PreviewHPRecoveryPercent": 0.0,
    "PreviewHPRecoveryValue": 0.0,
    "IsShowItemDesc": true,
    "IsShowUseMultipleSlider": false
  },
  "403002": {
    "UseDataID": 403002,
    "UseSubType": "External",
    "UseTargetType": "All",
    "MazeBuffID": 403002,
    "MazeBuffParam": [],
    "SatietyValue": 0,
    "UseMultipleMax": 1,
    "IsCheckHP": false,
    "UseEffect": "AvatarItemIcon_Eff_AtkUp",
    "PreviewHPRecoveryPercent": 0.0,
    "PreviewHPRecoveryValue": 0.0,
    "IsShowItemDesc": true,
    "IsShowUseMultipleSlider": false
  },
  "408002": {
    "UseDataID": 408002,
    "UseSubType": "External",
    "UseTargetType": "All",
    "MazeBuffID": 408002,
    "MazeBuffParam": [],
    "SatietyValue": 0,
    "UseMultipleMax": 1,
    "IsCheckHP": false,
    "UseEffect": "AvatarItemIcon_Eff_MpGet",
    "PreviewHPRecoveryPercent": 0.0,
    "PreviewHPRecoveryValue": 0.0,
    "IsShowItemDesc": true,
    "IsShowUseMultipleSlider": false
  },
  "408003": {
    "UseDataID": 408003,
    "UseSubType": "External",
    "UseTargetType": "All",
    "MazeBuffID": 408003,
    "MazeBuffParam": [],
    "SatietyValue": 0,
    "UseMultipleMax": 1,
    "IsCheckHP": false,
    "UseEffect": "AvatarItemIcon_Eff_DefUp",
    "PreviewHPRecoveryPercent": 0.0,
    "PreviewHPRecoveryValue": 0.0,
    "IsShowItemDesc": true,
    "IsShowUseMultipleSlider": false
  },
  "408004": {
    "UseDataID": 408004,
    "UseSubType": "Avatar",
    "UseTargetType": "Alive",
    "MazeBuffID": 408004,
    "MazeBuffParam": [],
    "SatietyValue": 1,
    "UseMultipleMax": 1,
    "IsCheckHP": true,
    "UseEffect": "AvatarItemIcon_Eff_Heal",
    "PreviewHPRecoveryPercent": 1.0,
    "PreviewHPRecoveryValue": 0.0,
    "IsShowItemDesc": true,
    "IsShowUseMultipleSlider": false
  },
  "404001": {
    "UseDataID": 404001,
    "UseSubType": "Avatar",
    "UseTargetType": "Alive",
    "MazeBuffID": 404001,
    "MazeBuffParam": [],
    "SatietyValue": 0,
    "UseMultipleMax": 1,
    "IsCheckHP": false,
    "UseEffect": "AvatarItemIcon_Eff_Heal",
    "PreviewHPRecoveryPercent": 0.0,
    "PreviewHPRecoveryValue": 0.0,
    "IsShowItemDesc": true,
    "IsShowUseMultipleSlider": false
  },
  "404002": {
    "UseDataID": 404002,
    "UseSubType": "Avatar",
    "UseTargetType": "Alive",
    "MazeBuffID": 404002,
    "MazeBuffParam": [],
    "SatietyValue": 0,
    "UseMultipleMax": 1,
    "IsCheckHP": false,
    "UseEffect": "AvatarItemIcon_Eff_Heal",
    "PreviewHPRecoveryPercent": 0.0,
    "PreviewHPRecoveryValue": 0.0,
    "IsShowItemDesc": true,
    "IsShowUseMultipleSlider": false
  }
}