{
  "201": {
    "UseDataID": 201,
    "UseType": "Gift",
    "UseSubType": "Fix",
    "UseParam": [
      2001
    ],
    "UseMultipleMax": 5
  },
  "398001": {
    "UseDataID": 398001,
    "UseType": "Gift",
    "UseSubType": "Fix",
    "UseParam": [
      9000004
    ],
    "UseMultipleMax": 5
  },
  "399981": {
    "UseDataID": 399981,
    "UseType": "Gift",
    "UseSubType": "Fix",
    "UseParam": [
      9000002
    ],
    "UseMultipleMax": 99
  },
  "399982": {
    "UseDataID": 399982,
    "UseType": "Gift",
    "UseSubType": "Fix",
    "UseParam": [
      9000002
    ],
    "UseMultipleMax": 99
  },
  "399986": {
    "UseDataID": 399986,
    "UseType": "Gift",
    "UseSubType": "Fix",
    "UseParam": [
      9000003
    ],
    "UseMultipleMax": 99
  },
  "399987": {
    "UseDataID": 399987,
    "UseType": "Gift",
    "UseSubType": "Opitonal",
    "UseParam": [
      9001106,
      9001107,
      9001108,
      9001109,
      9001110,
      9001111,
      9001112,
      9001113
    ],
    "UseMultipleMax": 1
  },
  "399988": {
    "UseDataID": 399988,
    "UseType": "Gift",
    "UseSubType": "Opitonal",
    "UseParam": [
      9001114,
      9001115,
      9001116,
      9001117
    ],
    "UseMultipleMax": 1
  },
  "399989": {
    "UseDataID": 399989,
    "UseType": "Gift",
    "UseSubType": "Random",
    "UseParam": [
      999006
    ],
    "UseMultipleMax": 1
  },
  "399990": {
    "UseDataID": 399990,
    "UseType": "Gift",
    "UseSubType": "Random",
    "UseParam": [
      999005
    ],
    "UseMultipleMax": 1
  },
  "399991": {
    "UseDataID": 399991,
    "UseType": "Gift",
    "UseSubType": "Fix",
    "UseParam": [
      9000002
    ],
    "UseMultipleMax": 1
  },
  "399992": {
    "UseDataID": 399992,
    "UseType": "Gift",
    "UseSubType": "Fix",
    "UseParam": [
      9000002
    ],
    "UseMultipleMax": 1
  },
  "399993": {
    "UseDataID": 399993,
    "UseType": "Gift",
    "UseSubType": "Fix",
    "UseParam": [
      9000002
    ],
    "UseMultipleMax": 1
  },
  "399994": {
    "UseDataID": 399994,
    "UseType": "Gift",
    "UseSubType": "Fix",
    "UseParam": [
      9000002
    ],
    "UseMultipleMax": 10
  },
  "399995": {
    "UseDataID": 399995,
    "UseType": "Gift",
    "UseSubType": "Fix",
    "UseParam": [
      9000002
    ],
    "UseMultipleMax": 5
  },
  "399996": {
    "UseDataID": 399996,
    "UseType": "Gift",
    "UseSubType": "Fix",
    "UseParam": [
      9000002
    ],
    "UseMultipleMax": 5
  },
  "399997": {
    "UseDataID": 399997,
    "UseType": "Gift",
    "UseSubType": "Fix",
    "UseParam": [
      9000002
    ],
    "UseMultipleMax": 5
  },
  "399998": {
    "UseDataID": 399998,
    "UseType": "Gift",
    "UseSubType": "Fix",
    "UseParam": [
      9000002
    ],
    "UseMultipleMax": 5
  },
  "399999": {
    "UseDataID": 399999,
    "UseType": "Gift",
    "UseSubType": "Fix",
    "UseParam": [
      9000002
    ],
    "UseMultipleMax": 5
  },
  "70001": {
    "UseDataID": 70001,
    "UseType": "Gift",
    "UseSubType": "Random",
    "UseParam": [
      980000
    ],
    "UseMultipleMax": 1
  },
  "70002": {
    "UseDataID": 70002,
    "UseType": "Gift",
    "UseSubType": "Random",
    "UseParam": [
      980001
    ],
    "UseMultipleMax": 1
  },
  "70003": {
    "UseDataID": 70003,
    "UseType": "Gift",
    "UseSubType": "Random",
    "UseParam": [
      980002
    ],
    "UseMultipleMax": 1
  },
  "70011": {
    "UseDataID": 70011,
    "UseType": "Gift",
    "UseSubType": "Random",
    "UseParam": [
      820001
    ],
    "UseMultipleMax": 1
  },
  "70012": {
    "UseDataID": 70012,
    "UseType": "Gift",
    "UseSubType": "Random",
    "UseParam": [
      820002
    ],
    "UseMultipleMax": 1
  },
  "70013": {
    "UseDataID": 70013,
    "UseType": "Gift",
    "UseSubType": "Random",
    "UseParam": [
      820003
    ],
    "UseMultipleMax": 1
  },
  "70014": {
    "UseDataID": 70014,
    "UseType": "Gift",
    "UseSubType": "Random",
    "UseParam": [
      820004
    ],
    "UseMultipleMax": 1
  },
  "70021": {
    "UseDataID": 70021,
    "UseType": "Gift",
    "UseSubType": "Random",
    "UseParam": [
      820005
    ],
    "UseMultipleMax": 1
  },
  "70022": {
    "UseDataID": 70022,
    "UseType": "Gift",
    "UseSubType": "Random",
    "UseParam": [
      820006
    ],
    "UseMultipleMax": 1
  },
  "70023": {
    "UseDataID": 70023,
    "UseType": "Gift",
    "UseSubType": "Random",
    "UseParam": [
      820007
    ],
    "UseMultipleMax": 1
  },
  "70024": {
    "UseDataID": 70024,
    "UseType": "Gift",
    "UseSubType": "Random",
    "UseParam": [
      820008
    ],
    "UseMultipleMax": 1
  },
  "70031": {
    "UseDataID": 70031,
    "UseType": "Gift",
    "UseSubType": "Random",
    "UseParam": [
      820009
    ],
    "UseMultipleMax": 1
  },
  "70032": {
    "UseDataID": 70032,
    "UseType": "Gift",
    "UseSubType": "Random",
    "UseParam": [
      820010
    ],
    "UseMultipleMax": 1
  },
  "70033": {
    "UseDataID": 70033,
    "UseType": "Gift",
    "UseSubType": "Random",
    "UseParam": [
      820011
    ],
    "UseMultipleMax": 1
  },
  "70034": {
    "UseDataID": 70034,
    "UseType": "Gift",
    "UseSubType": "Random",
    "UseParam": [
      820012
    ],
    "UseMultipleMax": 1
  },
  "70041": {
    "UseDataID": 70041,
    "UseType": "Gift",
    "UseSubType": "Random",
    "UseParam": [
      820013
    ],
    "UseMultipleMax": 1
  },
  "70042": {
    "UseDataID": 70042,
    "UseType": "Gift",
    "UseSubType": "Random",
    "UseParam": [
      820014
    ],
    "UseMultipleMax": 1
  },
  "70043": {
    "UseDataID": 70043,
    "UseType": "Gift",
    "UseSubType": "Random",
    "UseParam": [
      820015
    ],
    "UseMultipleMax": 1
  },
  "70044": {
    "UseDataID": 70044,
    "UseType": "Gift",
    "UseSubType": "Random",
    "UseParam": [
      820016
    ],
    "UseMultipleMax": 1
  },
  "71000": {
    "UseDataID": 71000,
    "UseType": "Gift",
    "UseSubType": "Random",
    "UseParam": [
      800204
    ],
    "UseMultipleMax": 1
  },
  "71001": {
    "UseDataID": 71001,
    "UseType": "Gift",
    "UseSubType": "Random",
    "UseParam": [
      800214
    ],
    "UseMultipleMax": 1
  },
  "71002": {
    "UseDataID": 71002,
    "UseType": "Gift",
    "UseSubType": "Random",
    "UseParam": [
      800224
    ],
    "UseMultipleMax": 1
  },
  "71003": {
    "UseDataID": 71003,
    "UseType": "Gift",
    "UseSubType": "Random",
    "UseParam": [
      800234
    ],
    "UseMultipleMax": 1
  },
  "71004": {
    "UseDataID": 71004,
    "UseType": "Gift",
    "UseSubType": "Random",
    "UseParam": [
      800244
    ],
    "UseMultipleMax": 1
  },
  "71005": {
    "UseDataID": 71005,
    "UseType": "Gift",
    "UseSubType": "Random",
    "UseParam": [
      800254
    ],
    "UseMultipleMax": 1
  },
  "71006": {
    "UseDataID": 71006,
    "UseType": "Gift",
    "UseSubType": "Random",
    "UseParam": [
      800264
    ],
    "UseMultipleMax": 1
  },
  "71007": {
    "UseDataID": 71007,
    "UseType": "Gift",
    "UseSubType": "Random",
    "UseParam": [
      800274
    ],
    "UseMultipleMax": 1
  },
  "71008": {
    "UseDataID": 71008,
    "UseType": "Gift",
    "UseSubType": "Random",
    "UseParam": [
      800284
    ],
    "UseMultipleMax": 1
  },
  "71009": {
    "UseDataID": 71009,
    "UseType": "Gift",
    "UseSubType": "Random",
    "UseParam": [
      800294
    ],
    "UseMultipleMax": 1
  },
  "71010": {
    "UseDataID": 71010,
    "UseType": "Gift",
    "UseSubType": "Random",
    "UseParam": [
      800304
    ],
    "UseMultipleMax": 1
  },
  "71011": {
    "UseDataID": 71011,
    "UseType": "Gift",
    "UseSubType": "Random",
    "UseParam": [
      800314
    ],
    "UseMultipleMax": 1
  },
  "399984": {
    "UseDataID": 399984,
    "UseType": "Gift",
    "UseSubType": "Opitonal",
    "UseParam": [
      9001121,
      9001122,
      9001123,
      9001124,
      9001125
    ],
    "UseMultipleMax": 1
  },
  "399985": {
    "UseDataID": 399985,
    "UseType": "Gift",
    "UseSubType": "Opitonal",
    "UseParam": [
      9001131,
      9001132,
      9001133,
      9001134,
      9001135
    ],
    "UseMultipleMax": 1
  },
  "399971": {
    "UseDataID": 399971,
    "UseType": "Gift",
    "UseSubType": "Opitonal",
    "UseParam": [
      9001121,
      9001122,
      9001123,
      9001124,
      9001125,
      9001126
    ],
    "UseMultipleMax": 1
  },
  "399972": {
    "UseDataID": 399972,
    "UseType": "Gift",
    "UseSubType": "Opitonal",
    "UseParam": [
      9001131,
      9001132,
      9001133,
      9001134,
      9001135,
      9001136
    ],
    "UseMultipleMax": 1
  }
}