{
  "1": {
    "ID": 1,
    "ImprotItemHint": true,
    "NewItemHint": false
  },
  "140037": {
    "ID": 140037,
    "ImprotItemHint": true,
    "NewItemHint": false
  },
  "140071": {
    "ID": 140071,
    "ImprotItemHint": true,
    "NewItemHint": false
  },
  "140017": {
    "ID": 140017,
    "ImprotItemHint": true,
    "NewItemHint": false
  },
  "18001": {
    "ID": 18001,
    "ImprotItemHint": false,
    "NewItemHint": true
  },
  "140067": {
    "ID": 140067,
    "ImprotItemHint": true,
    "NewItemHint": true
  },
  "140021": {
    "ID": 140021,
    "ImprotItemHint": true,
    "NewItemHint": true
  },
  "140022": {
    "ID": 140022,
    "ImprotItemHint": true,
    "NewItemHint": true
  },
  "140023": {
    "ID": 140023,
    "ImprotItemHint": true,
    "NewItemHint": true
  },
  "149977": {
    "ID": 149977,
    "ImprotItemHint": true,
    "NewItemHint": true
  },
  "149978": {
    "ID": 149978,
    "ImprotItemHint": true,
    "NewItemHint": true
  },
  "149979": {
    "ID": 149979,
    "ImprotItemHint": true,
    "NewItemHint": true
  },
  "140084": {
    "ID": 140084,
    "ImprotItemHint": true,
    "NewItemHint": false
  },
  "140085": {
    "ID": 140085,
    "ImprotItemHint": true,
    "NewItemHint": false
  },
  "140086": {
    "ID": 140086,
    "ImprotItemHint": true,
    "NewItemHint": false
  },
  "140103": {
    "ID": 140103,
    "ImprotItemHint": true,
    "NewItemHint": true
  },
  "140104": {
    "ID": 140104,
    "ImprotItemHint": true,
    "NewItemHint": true
  },
  "140097": {
    "ID": 140097,
    "ImprotItemHint": true,
    "NewItemHint": true
  },
  "140083": {
    "ID": 140083,
    "ImprotItemHint": true,
    "NewItemHint": true
  },
  "140069": {
    "ID": 140069,
    "ImprotItemHint": true,
    "NewItemHint": true
  },
  "140065": {
    "ID": 140065,
    "ImprotItemHint": true,
    "NewItemHint": true
  },
  "140046": {
    "ID": 140046,
    "ImprotItemHint": true,
    "NewItemHint": true
  },
  "140111": {
    "ID": 140111,
    "ImprotItemHint": true,
    "NewItemHint": true
  },
  "140068": {
    "ID": 140068,
    "ImprotItemHint": true,
    "NewItemHint": true
  },
  "140092": {
    "ID": 140092,
    "ImprotItemHint": true,
    "NewItemHint": false
  },
  "140093": {
    "ID": 140093,
    "ImprotItemHint": true,
    "NewItemHint": false
  },
  "140094": {
    "ID": 140094,
    "ImprotItemHint": true,
    "NewItemHint": false
  },
  "140099": {
    "ID": 140099,
    "ImprotItemHint": true,
    "NewItemHint": true
  },
  "140100": {
    "ID": 140100,
    "ImprotItemHint": true,
    "NewItemHint": true
  },
  "140101": {
    "ID": 140101,
    "ImprotItemHint": true,
    "NewItemHint": true
  },
  "140098": {
    "ID": 140098,
    "ImprotItemHint": true,
    "NewItemHint": true
  },
  "140024": {
    "ID": 140024,
    "ImprotItemHint": true,
    "NewItemHint": false
  },
  "140025": {
    "ID": 140025,
    "ImprotItemHint": true,
    "NewItemHint": false
  },
  "2": {
    "ID": 2,
    "ImprotItemHint": false,
    "NewItemHint": true
  },
  "3": {
    "ID": 3,
    "ImprotItemHint": false,
    "NewItemHint": true
  },
  "31": {
    "ID": 31,
    "ImprotItemHint": false,
    "NewItemHint": true
  },
  "32": {
    "ID": 32,
    "ImprotItemHint": false,
    "NewItemHint": true
  },
  "33": {
    "ID": 33,
    "ImprotItemHint": false,
    "NewItemHint": true
  },
  "190": {
    "ID": 190,
    "ImprotItemHint": false,
    "NewItemHint": true
  },
  "191": {
    "ID": 191,
    "ImprotItemHint": false,
    "NewItemHint": true
  },
  "192": {
    "ID": 192,
    "ImprotItemHint": false,
    "NewItemHint": true
  },
  "193": {
    "ID": 193,
    "ImprotItemHint": false,
    "NewItemHint": true
  },
  "194": {
    "ID": 194,
    "ImprotItemHint": false,
    "NewItemHint": true
  },
  "195": {
    "ID": 195,
    "ImprotItemHint": false,
    "NewItemHint": true
  },
  "196": {
    "ID": 196,
    "ImprotItemHint": false,
    "NewItemHint": true
  },
  "201": {
    "ID": 201,
    "ImprotItemHint": false,
    "NewItemHint": true
  },
  "211": {
    "ID": 211,
    "ImprotItemHint": false,
    "NewItemHint": true
  },
  "212": {
    "ID": 212,
    "ImprotItemHint": false,
    "NewItemHint": true
  },
  "213": {
    "ID": 213,
    "ImprotItemHint": false,
    "NewItemHint": true
  },
  "221": {
    "ID": 221,
    "ImprotItemHint": false,
    "NewItemHint": true
  },
  "222": {
    "ID": 222,
    "ImprotItemHint": false,
    "NewItemHint": true
  },
  "231": {
    "ID": 231,
    "ImprotItemHint": false,
    "NewItemHint": true
  },
  "232": {
    "ID": 232,
    "ImprotItemHint": false,
    "NewItemHint": true
  },
  "233": {
    "ID": 233,
    "ImprotItemHint": false,
    "NewItemHint": true
  },
  "234": {
    "ID": 234,
    "ImprotItemHint": false,
    "NewItemHint": true
  },
  "235": {
    "ID": 235,
    "ImprotItemHint": false,
    "NewItemHint": true
  },
  "241": {
    "ID": 241,
    "ImprotItemHint": false,
    "NewItemHint": true
  },
  "501": {
    "ID": 501,
    "ImprotItemHint": false,
    "NewItemHint": true
  },
  "502": {
    "ID": 502,
    "ImprotItemHint": false,
    "NewItemHint": true
  },
  "110001": {
    "ID": 110001,
    "ImprotItemHint": false,
    "NewItemHint": true
  },
  "110002": {
    "ID": 110002,
    "ImprotItemHint": false,
    "NewItemHint": true
  },
  "110003": {
    "ID": 110003,
    "ImprotItemHint": false,
    "NewItemHint": true
  },
  "110011": {
    "ID": 110011,
    "ImprotItemHint": false,
    "NewItemHint": true
  },
  "110012": {
    "ID": 110012,
    "ImprotItemHint": false,
    "NewItemHint": true
  },
  "110013": {
    "ID": 110013,
    "ImprotItemHint": false,
    "NewItemHint": true
  },
  "110021": {
    "ID": 110021,
    "ImprotItemHint": false,
    "NewItemHint": true
  },
  "110022": {
    "ID": 110022,
    "ImprotItemHint": false,
    "NewItemHint": true
  },
  "110023": {
    "ID": 110023,
    "ImprotItemHint": false,
    "NewItemHint": true
  },
  "110031": {
    "ID": 110031,
    "ImprotItemHint": false,
    "NewItemHint": true
  },
  "110032": {
    "ID": 110032,
    "ImprotItemHint": false,
    "NewItemHint": true
  },
  "110033": {
    "ID": 110033,
    "ImprotItemHint": false,
    "NewItemHint": true
  },
  "110041": {
    "ID": 110041,
    "ImprotItemHint": false,
    "NewItemHint": true
  },
  "110042": {
    "ID": 110042,
    "ImprotItemHint": false,
    "NewItemHint": true
  },
  "110043": {
    "ID": 110043,
    "ImprotItemHint": false,
    "NewItemHint": true
  },
  "110051": {
    "ID": 110051,
    "ImprotItemHint": false,
    "NewItemHint": true
  },
  "110052": {
    "ID": 110052,
    "ImprotItemHint": false,
    "NewItemHint": true
  },
  "110053": {
    "ID": 110053,
    "ImprotItemHint": false,
    "NewItemHint": true
  },
  "110061": {
    "ID": 110061,
    "ImprotItemHint": false,
    "NewItemHint": true
  },
  "110062": {
    "ID": 110062,
    "ImprotItemHint": false,
    "NewItemHint": true
  },
  "110063": {
    "ID": 110063,
    "ImprotItemHint": false,
    "NewItemHint": true
  },
  "110111": {
    "ID": 110111,
    "ImprotItemHint": false,
    "NewItemHint": true
  },
  "110112": {
    "ID": 110112,
    "ImprotItemHint": false,
    "NewItemHint": true
  },
  "110113": {
    "ID": 110113,
    "ImprotItemHint": false,
    "NewItemHint": true
  },
  "110121": {
    "ID": 110121,
    "ImprotItemHint": false,
    "NewItemHint": true
  },
  "110122": {
    "ID": 110122,
    "ImprotItemHint": false,
    "NewItemHint": true
  },
  "110123": {
    "ID": 110123,
    "ImprotItemHint": false,
    "NewItemHint": true
  },
  "110131": {
    "ID": 110131,
    "ImprotItemHint": false,
    "NewItemHint": true
  },
  "110132": {
    "ID": 110132,
    "ImprotItemHint": false,
    "NewItemHint": true
  },
  "110133": {
    "ID": 110133,
    "ImprotItemHint": false,
    "NewItemHint": true
  },
  "110141": {
    "ID": 110141,
    "ImprotItemHint": false,
    "NewItemHint": true
  },
  "110142": {
    "ID": 110142,
    "ImprotItemHint": false,
    "NewItemHint": true
  },
  "110143": {
    "ID": 110143,
    "ImprotItemHint": false,
    "NewItemHint": true
  },
  "110151": {
    "ID": 110151,
    "ImprotItemHint": false,
    "NewItemHint": true
  },
  "110152": {
    "ID": 110152,
    "ImprotItemHint": false,
    "NewItemHint": true
  },
  "110153": {
    "ID": 110153,
    "ImprotItemHint": false,
    "NewItemHint": true
  },
  "110161": {
    "ID": 110161,
    "ImprotItemHint": false,
    "NewItemHint": true
  },
  "110162": {
    "ID": 110162,
    "ImprotItemHint": false,
    "NewItemHint": true
  },
  "110163": {
    "ID": 110163,
    "ImprotItemHint": false,
    "NewItemHint": true
  },
  "110171": {
    "ID": 110171,
    "ImprotItemHint": false,
    "NewItemHint": true
  },
  "110172": {
    "ID": 110172,
    "ImprotItemHint": false,
    "NewItemHint": true
  },
  "110173": {
    "ID": 110173,
    "ImprotItemHint": false,
    "NewItemHint": true
  },
  "110400": {
    "ID": 110400,
    "ImprotItemHint": false,
    "NewItemHint": true
  },
  "110401": {
    "ID": 110401,
    "ImprotItemHint": false,
    "NewItemHint": true
  },
  "110402": {
    "ID": 110402,
    "ImprotItemHint": false,
    "NewItemHint": true
  },
  "110403": {
    "ID": 110403,
    "ImprotItemHint": false,
    "NewItemHint": true
  },
  "110404": {
    "ID": 110404,
    "ImprotItemHint": false,
    "NewItemHint": true
  },
  "110405": {
    "ID": 110405,
    "ImprotItemHint": false,
    "NewItemHint": true
  },
  "110406": {
    "ID": 110406,
    "ImprotItemHint": false,
    "NewItemHint": true
  },
  "110407": {
    "ID": 110407,
    "ImprotItemHint": false,
    "NewItemHint": true
  },
  "110501": {
    "ID": 110501,
    "ImprotItemHint": false,
    "NewItemHint": true
  },
  "110502": {
    "ID": 110502,
    "ImprotItemHint": false,
    "NewItemHint": true
  },
  "110503": {
    "ID": 110503,
    "ImprotItemHint": false,
    "NewItemHint": true
  },
  "111001": {
    "ID": 111001,
    "ImprotItemHint": false,
    "NewItemHint": true
  },
  "111002": {
    "ID": 111002,
    "ImprotItemHint": false,
    "NewItemHint": true
  },
  "111003": {
    "ID": 111003,
    "ImprotItemHint": false,
    "NewItemHint": true
  },
  "112001": {
    "ID": 112001,
    "ImprotItemHint": false,
    "NewItemHint": true
  },
  "112002": {
    "ID": 112002,
    "ImprotItemHint": false,
    "NewItemHint": true
  },
  "112003": {
    "ID": 112003,
    "ImprotItemHint": false,
    "NewItemHint": true
  },
  "112011": {
    "ID": 112011,
    "ImprotItemHint": false,
    "NewItemHint": true
  },
  "112012": {
    "ID": 112012,
    "ImprotItemHint": false,
    "NewItemHint": true
  },
  "112013": {
    "ID": 112013,
    "ImprotItemHint": false,
    "NewItemHint": true
  },
  "112021": {
    "ID": 112021,
    "ImprotItemHint": false,
    "NewItemHint": true
  },
  "112022": {
    "ID": 112022,
    "ImprotItemHint": false,
    "NewItemHint": true
  },
  "112023": {
    "ID": 112023,
    "ImprotItemHint": false,
    "NewItemHint": true
  },
  "120001": {
    "ID": 120001,
    "ImprotItemHint": false,
    "NewItemHint": true
  },
  "140032": {
    "ID": 140032,
    "ImprotItemHint": false,
    "NewItemHint": true
  },
  "140033": {
    "ID": 140033,
    "ImprotItemHint": false,
    "NewItemHint": true
  },
  "140034": {
    "ID": 140034,
    "ImprotItemHint": false,
    "NewItemHint": true
  },
  "140035": {
    "ID": 140035,
    "ImprotItemHint": false,
    "NewItemHint": true
  },
  "140036": {
    "ID": 140036,
    "ImprotItemHint": false,
    "NewItemHint": true
  },
  "140039": {
    "ID": 140039,
    "ImprotItemHint": false,
    "NewItemHint": true
  },
  "140043": {
    "ID": 140043,
    "ImprotItemHint": false,
    "NewItemHint": true
  },
  "140044": {
    "ID": 140044,
    "ImprotItemHint": false,
    "NewItemHint": true
  },
  "140045": {
    "ID": 140045,
    "ImprotItemHint": false,
    "NewItemHint": true
  },
  "140047": {
    "ID": 140047,
    "ImprotItemHint": false,
    "NewItemHint": true
  },
  "140048": {
    "ID": 140048,
    "ImprotItemHint": false,
    "NewItemHint": true
  },
  "140049": {
    "ID": 140049,
    "ImprotItemHint": false,
    "NewItemHint": true
  },
  "140050": {
    "ID": 140050,
    "ImprotItemHint": false,
    "NewItemHint": true
  },
  "140051": {
    "ID": 140051,
    "ImprotItemHint": false,
    "NewItemHint": true
  },
  "140052": {
    "ID": 140052,
    "ImprotItemHint": false,
    "NewItemHint": true
  },
  "140053": {
    "ID": 140053,
    "ImprotItemHint": false,
    "NewItemHint": true
  },
  "140054": {
    "ID": 140054,
    "ImprotItemHint": false,
    "NewItemHint": true
  },
  "140055": {
    "ID": 140055,
    "ImprotItemHint": false,
    "NewItemHint": true
  },
  "140056": {
    "ID": 140056,
    "ImprotItemHint": false,
    "NewItemHint": true
  },
  "140057": {
    "ID": 140057,
    "ImprotItemHint": false,
    "NewItemHint": true
  },
  "140058": {
    "ID": 140058,
    "ImprotItemHint": false,
    "NewItemHint": true
  },
  "140059": {
    "ID": 140059,
    "ImprotItemHint": false,
    "NewItemHint": true
  },
  "140060": {
    "ID": 140060,
    "ImprotItemHint": false,
    "NewItemHint": true
  },
  "140061": {
    "ID": 140061,
    "ImprotItemHint": false,
    "NewItemHint": true
  },
  "140062": {
    "ID": 140062,
    "ImprotItemHint": false,
    "NewItemHint": true
  },
  "140063": {
    "ID": 140063,
    "ImprotItemHint": false,
    "NewItemHint": true
  },
  "140064": {
    "ID": 140064,
    "ImprotItemHint": false,
    "NewItemHint": true
  },
  "140066": {
    "ID": 140066,
    "ImprotItemHint": false,
    "NewItemHint": true
  },
  "140082": {
    "ID": 140082,
    "ImprotItemHint": false,
    "NewItemHint": true
  },
  "140087": {
    "ID": 140087,
    "ImprotItemHint": false,
    "NewItemHint": true
  },
  "140089": {
    "ID": 140089,
    "ImprotItemHint": false,
    "NewItemHint": true
  },
  "140090": {
    "ID": 140090,
    "ImprotItemHint": false,
    "NewItemHint": true
  },
  "140091": {
    "ID": 140091,
    "ImprotItemHint": false,
    "NewItemHint": true
  },
  "140095": {
    "ID": 140095,
    "ImprotItemHint": false,
    "NewItemHint": true
  },
  "140096": {
    "ID": 140096,
    "ImprotItemHint": false,
    "NewItemHint": true
  },
  "140109": {
    "ID": 140109,
    "ImprotItemHint": false,
    "NewItemHint": true
  },
  "149991": {
    "ID": 149991,
    "ImprotItemHint": false,
    "NewItemHint": true
  },
  "180001": {
    "ID": 180001,
    "ImprotItemHint": false,
    "NewItemHint": true
  },
  "180002": {
    "ID": 180002,
    "ImprotItemHint": false,
    "NewItemHint": true
  },
  "180003": {
    "ID": 180003,
    "ImprotItemHint": false,
    "NewItemHint": true
  },
  "181001": {
    "ID": 181001,
    "ImprotItemHint": false,
    "NewItemHint": true
  },
  "181002": {
    "ID": 181002,
    "ImprotItemHint": false,
    "NewItemHint": true
  },
  "181003": {
    "ID": 181003,
    "ImprotItemHint": false,
    "NewItemHint": true
  },
  "182001": {
    "ID": 182001,
    "ImprotItemHint": false,
    "NewItemHint": true
  },
  "182002": {
    "ID": 182002,
    "ImprotItemHint": false,
    "NewItemHint": true
  },
  "182003": {
    "ID": 182003,
    "ImprotItemHint": false,
    "NewItemHint": true
  },
  "182004": {
    "ID": 182004,
    "ImprotItemHint": false,
    "NewItemHint": true
  },
  "183001": {
    "ID": 183001,
    "ImprotItemHint": false,
    "NewItemHint": true
  },
  "183002": {
    "ID": 183002,
    "ImprotItemHint": false,
    "NewItemHint": true
  },
  "189001": {
    "ID": 189001,
    "ImprotItemHint": false,
    "NewItemHint": true
  },
  "398001": {
    "ID": 398001,
    "ImprotItemHint": false,
    "NewItemHint": true
  },
  "400001": {
    "ID": 400001,
    "ImprotItemHint": false,
    "NewItemHint": true
  },
  "400002": {
    "ID": 400002,
    "ImprotItemHint": false,
    "NewItemHint": true
  },
  "400003": {
    "ID": 400003,
    "ImprotItemHint": false,
    "NewItemHint": true
  },
  "400004": {
    "ID": 400004,
    "ImprotItemHint": false,
    "NewItemHint": true
  },
  "400005": {
    "ID": 400005,
    "ImprotItemHint": false,
    "NewItemHint": true
  },
  "400006": {
    "ID": 400006,
    "ImprotItemHint": false,
    "NewItemHint": true
  },
  "401001": {
    "ID": 401001,
    "ImprotItemHint": false,
    "NewItemHint": true
  },
  "401002": {
    "ID": 401002,
    "ImprotItemHint": false,
    "NewItemHint": true
  },
  "401003": {
    "ID": 401003,
    "ImprotItemHint": false,
    "NewItemHint": true
  },
  "401004": {
    "ID": 401004,
    "ImprotItemHint": false,
    "NewItemHint": true
  },
  "401005": {
    "ID": 401005,
    "ImprotItemHint": false,
    "NewItemHint": true
  },
  "401006": {
    "ID": 401006,
    "ImprotItemHint": false,
    "NewItemHint": true
  },
  "402001": {
    "ID": 402001,
    "ImprotItemHint": false,
    "NewItemHint": true
  },
  "402002": {
    "ID": 402002,
    "ImprotItemHint": false,
    "NewItemHint": true
  },
  "403001": {
    "ID": 403001,
    "ImprotItemHint": false,
    "NewItemHint": true
  },
  "403002": {
    "ID": 403002,
    "ImprotItemHint": false,
    "NewItemHint": true
  },
  "404001": {
    "ID": 404001,
    "ImprotItemHint": false,
    "NewItemHint": true
  },
  "404002": {
    "ID": 404002,
    "ImprotItemHint": false,
    "NewItemHint": true
  },
  "408002": {
    "ID": 408002,
    "ImprotItemHint": false,
    "NewItemHint": true
  },
  "408003": {
    "ID": 408003,
    "ImprotItemHint": false,
    "NewItemHint": true
  },
  "408004": {
    "ID": 408004,
    "ImprotItemHint": false,
    "NewItemHint": true
  },
  "409001": {
    "ID": 409001,
    "ImprotItemHint": false,
    "NewItemHint": true
  },
  "409002": {
    "ID": 409002,
    "ImprotItemHint": false,
    "NewItemHint": true
  },
  "409003": {
    "ID": 409003,
    "ImprotItemHint": false,
    "NewItemHint": true
  },
  "409004": {
    "ID": 409004,
    "ImprotItemHint": false,
    "NewItemHint": true
  },
  "409005": {
    "ID": 409005,
    "ImprotItemHint": false,
    "NewItemHint": true
  },
  "409006": {
    "ID": 409006,
    "ImprotItemHint": false,
    "NewItemHint": true
  },
  "409007": {
    "ID": 409007,
    "ImprotItemHint": false,
    "NewItemHint": true
  },
  "420001": {
    "ID": 420001,
    "ImprotItemHint": false,
    "NewItemHint": true
  },
  "420002": {
    "ID": 420002,
    "ImprotItemHint": false,
    "NewItemHint": true
  },
  "420003": {
    "ID": 420003,
    "ImprotItemHint": false,
    "NewItemHint": true
  },
  "420004": {
    "ID": 420004,
    "ImprotItemHint": false,
    "NewItemHint": true
  },
  "420005": {
    "ID": 420005,
    "ImprotItemHint": false,
    "NewItemHint": true
  },
  "420006": {
    "ID": 420006,
    "ImprotItemHint": false,
    "NewItemHint": true
  },
  "420007": {
    "ID": 420007,
    "ImprotItemHint": false,
    "NewItemHint": true
  },
  "421006": {
    "ID": 421006,
    "ImprotItemHint": false,
    "NewItemHint": true
  },
  "422006": {
    "ID": 422006,
    "ImprotItemHint": false,
    "NewItemHint": true
  },
  "423006": {
    "ID": 423006,
    "ImprotItemHint": false,
    "NewItemHint": true
  },
  "424006": {
    "ID": 424006,
    "ImprotItemHint": false,
    "NewItemHint": true
  },
  "425006": {
    "ID": 425006,
    "ImprotItemHint": false,
    "NewItemHint": true
  },
  "426006": {
    "ID": 426006,
    "ImprotItemHint": false,
    "NewItemHint": true
  },
  "427006": {
    "ID": 427006,
    "ImprotItemHint": false,
    "NewItemHint": true
  },
  "428006": {
    "ID": 428006,
    "ImprotItemHint": false,
    "NewItemHint": true
  },
  "429006": {
    "ID": 429006,
    "ImprotItemHint": false,
    "NewItemHint": true
  },
  "430001": {
    "ID": 430001,
    "ImprotItemHint": false,
    "NewItemHint": true
  },
  "430002": {
    "ID": 430002,
    "ImprotItemHint": false,
    "NewItemHint": true
  },
  "430003": {
    "ID": 430003,
    "ImprotItemHint": false,
    "NewItemHint": true
  },
  "430004": {
    "ID": 430004,
    "ImprotItemHint": false,
    "NewItemHint": true
  },
  "430005": {
    "ID": 430005,
    "ImprotItemHint": false,
    "NewItemHint": true
  },
  "430006": {
    "ID": 430006,
    "ImprotItemHint": false,
    "NewItemHint": true
  },
  "430007": {
    "ID": 430007,
    "ImprotItemHint": false,
    "NewItemHint": true
  },
  "430008": {
    "ID": 430008,
    "ImprotItemHint": false,
    "NewItemHint": true
  },
  "430009": {
    "ID": 430009,
    "ImprotItemHint": false,
    "NewItemHint": true
  },
  "430010": {
    "ID": 430010,
    "ImprotItemHint": false,
    "NewItemHint": true
  },
  "430011": {
    "ID": 430011,
    "ImprotItemHint": false,
    "NewItemHint": true
  },
  "430012": {
    "ID": 430012,
    "ImprotItemHint": false,
    "NewItemHint": true
  },
  "430013": {
    "ID": 430013,
    "ImprotItemHint": false,
    "NewItemHint": true
  },
  "430014": {
    "ID": 430014,
    "ImprotItemHint": false,
    "NewItemHint": true
  },
  "430015": {
    "ID": 430015,
    "ImprotItemHint": false,
    "NewItemHint": true
  },
  "430016": {
    "ID": 430016,
    "ImprotItemHint": false,
    "NewItemHint": true
  },
  "430017": {
    "ID": 430017,
    "ImprotItemHint": false,
    "NewItemHint": true
  },
  "430018": {
    "ID": 430018,
    "ImprotItemHint": false,
    "NewItemHint": true
  },
  "430019": {
    "ID": 430019,
    "ImprotItemHint": false,
    "NewItemHint": true
  },
  "430020": {
    "ID": 430020,
    "ImprotItemHint": false,
    "NewItemHint": true
  },
  "430021": {
    "ID": 430021,
    "ImprotItemHint": false,
    "NewItemHint": true
  },
  "430022": {
    "ID": 430022,
    "ImprotItemHint": false,
    "NewItemHint": true
  },
  "430031": {
    "ID": 430031,
    "ImprotItemHint": false,
    "NewItemHint": true
  },
  "430032": {
    "ID": 430032,
    "ImprotItemHint": false,
    "NewItemHint": true
  },
  "430033": {
    "ID": 430033,
    "ImprotItemHint": false,
    "NewItemHint": true
  },
  "430034": {
    "ID": 430034,
    "ImprotItemHint": false,
    "NewItemHint": true
  },
  "430035": {
    "ID": 430035,
    "ImprotItemHint": false,
    "NewItemHint": true
  },
  "430041": {
    "ID": 430041,
    "ImprotItemHint": false,
    "NewItemHint": true
  },
  "430042": {
    "ID": 430042,
    "ImprotItemHint": false,
    "NewItemHint": true
  },
  "430043": {
    "ID": 430043,
    "ImprotItemHint": false,
    "NewItemHint": true
  },
  "430044": {
    "ID": 430044,
    "ImprotItemHint": false,
    "NewItemHint": true
  },
  "430045": {
    "ID": 430045,
    "ImprotItemHint": false,
    "NewItemHint": true
  },
  "430046": {
    "ID": 430046,
    "ImprotItemHint": false,
    "NewItemHint": true
  },
  "430051": {
    "ID": 430051,
    "ImprotItemHint": false,
    "NewItemHint": true
  },
  "430052": {
    "ID": 430052,
    "ImprotItemHint": false,
    "NewItemHint": true
  },
  "430053": {
    "ID": 430053,
    "ImprotItemHint": false,
    "NewItemHint": true
  },
  "430054": {
    "ID": 430054,
    "ImprotItemHint": false,
    "NewItemHint": true
  },
  "430055": {
    "ID": 430055,
    "ImprotItemHint": false,
    "NewItemHint": true
  },
  "430056": {
    "ID": 430056,
    "ImprotItemHint": false,
    "NewItemHint": true
  },
  "430057": {
    "ID": 430057,
    "ImprotItemHint": false,
    "NewItemHint": true
  },
  "430058": {
    "ID": 430058,
    "ImprotItemHint": false,
    "NewItemHint": true
  },
  "430059": {
    "ID": 430059,
    "ImprotItemHint": false,
    "NewItemHint": true
  },
  "430060": {
    "ID": 430060,
    "ImprotItemHint": false,
    "NewItemHint": true
  },
  "430061": {
    "ID": 430061,
    "ImprotItemHint": false,
    "NewItemHint": true
  },
  "430062": {
    "ID": 430062,
    "ImprotItemHint": false,
    "NewItemHint": true
  },
  "430063": {
    "ID": 430063,
    "ImprotItemHint": false,
    "NewItemHint": true
  },
  "430064": {
    "ID": 430064,
    "ImprotItemHint": false,
    "NewItemHint": true
  },
  "430065": {
    "ID": 430065,
    "ImprotItemHint": false,
    "NewItemHint": true
  },
  "430066": {
    "ID": 430066,
    "ImprotItemHint": false,
    "NewItemHint": true
  },
  "430067": {
    "ID": 430067,
    "ImprotItemHint": false,
    "NewItemHint": true
  },
  "430068": {
    "ID": 430068,
    "ImprotItemHint": false,
    "NewItemHint": true
  },
  "430069": {
    "ID": 430069,
    "ImprotItemHint": false,
    "NewItemHint": true
  },
  "430070": {
    "ID": 430070,
    "ImprotItemHint": false,
    "NewItemHint": true
  },
  "430071": {
    "ID": 430071,
    "ImprotItemHint": false,
    "NewItemHint": true
  },
  "430072": {
    "ID": 430072,
    "ImprotItemHint": false,
    "NewItemHint": true
  },
  "430073": {
    "ID": 430073,
    "ImprotItemHint": false,
    "NewItemHint": true
  },
  "430074": {
    "ID": 430074,
    "ImprotItemHint": false,
    "NewItemHint": true
  },
  "430075": {
    "ID": 430075,
    "ImprotItemHint": false,
    "NewItemHint": true
  },
  "430076": {
    "ID": 430076,
    "ImprotItemHint": false,
    "NewItemHint": true
  },
  "430077": {
    "ID": 430077,
    "ImprotItemHint": false,
    "NewItemHint": true
  },
  "430078": {
    "ID": 430078,
    "ImprotItemHint": false,
    "NewItemHint": true
  },
  "430079": {
    "ID": 430079,
    "ImprotItemHint": false,
    "NewItemHint": true
  },
  "430080": {
    "ID": 430080,
    "ImprotItemHint": false,
    "NewItemHint": true
  },
  "430081": {
    "ID": 430081,
    "ImprotItemHint": false,
    "NewItemHint": true
  },
  "430082": {
    "ID": 430082,
    "ImprotItemHint": false,
    "NewItemHint": true
  },
  "430083": {
    "ID": 430083,
    "ImprotItemHint": false,
    "NewItemHint": true
  },
  "430084": {
    "ID": 430084,
    "ImprotItemHint": false,
    "NewItemHint": true
  },
  "430085": {
    "ID": 430085,
    "ImprotItemHint": false,
    "NewItemHint": true
  },
  "430086": {
    "ID": 430086,
    "ImprotItemHint": false,
    "NewItemHint": true
  },
  "430087": {
    "ID": 430087,
    "ImprotItemHint": false,
    "NewItemHint": true
  },
  "430088": {
    "ID": 430088,
    "ImprotItemHint": false,
    "NewItemHint": true
  },
  "430089": {
    "ID": 430089,
    "ImprotItemHint": false,
    "NewItemHint": true
  },
  "430090": {
    "ID": 430090,
    "ImprotItemHint": false,
    "NewItemHint": true
  },
  "430091": {
    "ID": 430091,
    "ImprotItemHint": false,
    "NewItemHint": true
  },
  "430092": {
    "ID": 430092,
    "ImprotItemHint": false,
    "NewItemHint": true
  },
  "430093": {
    "ID": 430093,
    "ImprotItemHint": false,
    "NewItemHint": true
  },
  "430094": {
    "ID": 430094,
    "ImprotItemHint": false,
    "NewItemHint": true
  },
  "430095": {
    "ID": 430095,
    "ImprotItemHint": false,
    "NewItemHint": true
  },
  "430096": {
    "ID": 430096,
    "ImprotItemHint": false,
    "NewItemHint": true
  },
  "430097": {
    "ID": 430097,
    "ImprotItemHint": false,
    "NewItemHint": true
  },
  "430098": {
    "ID": 430098,
    "ImprotItemHint": false,
    "NewItemHint": true
  },
  "430099": {
    "ID": 430099,
    "ImprotItemHint": false,
    "NewItemHint": true
  },
  "430100": {
    "ID": 430100,
    "ImprotItemHint": false,
    "NewItemHint": true
  },
  "430101": {
    "ID": 430101,
    "ImprotItemHint": false,
    "NewItemHint": true
  },
  "430102": {
    "ID": 430102,
    "ImprotItemHint": false,
    "NewItemHint": false
  },
  "430103": {
    "ID": 430103,
    "ImprotItemHint": false,
    "NewItemHint": false
  },
  "430104": {
    "ID": 430104,
    "ImprotItemHint": false,
    "NewItemHint": false
  },
  "430105": {
    "ID": 430105,
    "ImprotItemHint": false,
    "NewItemHint": false
  },
  "430106": {
    "ID": 430106,
    "ImprotItemHint": false,
    "NewItemHint": false
  },
  "430107": {
    "ID": 430107,
    "ImprotItemHint": false,
    "NewItemHint": false
  },
  "440001": {
    "ID": 440001,
    "ImprotItemHint": false,
    "NewItemHint": true
  },
  "440002": {
    "ID": 440002,
    "ImprotItemHint": false,
    "NewItemHint": true
  },
  "440003": {
    "ID": 440003,
    "ImprotItemHint": false,
    "NewItemHint": true
  },
  "399984": {
    "ID": 399984,
    "ImprotItemHint": false,
    "NewItemHint": true
  },
  "399985": {
    "ID": 399985,
    "ImprotItemHint": false,
    "NewItemHint": true
  },
  "20000": {
    "ID": 20000,
    "ImprotItemHint": false,
    "NewItemHint": true
  },
  "20001": {
    "ID": 20001,
    "ImprotItemHint": false,
    "NewItemHint": true
  },
  "20002": {
    "ID": 20002,
    "ImprotItemHint": false,
    "NewItemHint": true
  },
  "20003": {
    "ID": 20003,
    "ImprotItemHint": false,
    "NewItemHint": true
  },
  "20004": {
    "ID": 20004,
    "ImprotItemHint": false,
    "NewItemHint": true
  },
  "20005": {
    "ID": 20005,
    "ImprotItemHint": false,
    "NewItemHint": true
  },
  "20006": {
    "ID": 20006,
    "ImprotItemHint": false,
    "NewItemHint": true
  },
  "20007": {
    "ID": 20007,
    "ImprotItemHint": false,
    "NewItemHint": true
  },
  "20008": {
    "ID": 20008,
    "ImprotItemHint": false,
    "NewItemHint": true
  },
  "20009": {
    "ID": 20009,
    "ImprotItemHint": false,
    "NewItemHint": true
  },
  "20010": {
    "ID": 20010,
    "ImprotItemHint": false,
    "NewItemHint": true
  },
  "20011": {
    "ID": 20011,
    "ImprotItemHint": false,
    "NewItemHint": true
  },
  "20012": {
    "ID": 20012,
    "ImprotItemHint": false,
    "NewItemHint": true
  },
  "20013": {
    "ID": 20013,
    "ImprotItemHint": false,
    "NewItemHint": true
  },
  "21000": {
    "ID": 21000,
    "ImprotItemHint": false,
    "NewItemHint": true
  },
  "21001": {
    "ID": 21001,
    "ImprotItemHint": false,
    "NewItemHint": true
  },
  "21002": {
    "ID": 21002,
    "ImprotItemHint": false,
    "NewItemHint": true
  },
  "21003": {
    "ID": 21003,
    "ImprotItemHint": false,
    "NewItemHint": true
  },
  "21004": {
    "ID": 21004,
    "ImprotItemHint": false,
    "NewItemHint": true
  },
  "21005": {
    "ID": 21005,
    "ImprotItemHint": false,
    "NewItemHint": true
  },
  "21006": {
    "ID": 21006,
    "ImprotItemHint": false,
    "NewItemHint": true
  },
  "21007": {
    "ID": 21007,
    "ImprotItemHint": false,
    "NewItemHint": true
  },
  "21008": {
    "ID": 21008,
    "ImprotItemHint": false,
    "NewItemHint": true
  },
  "21009": {
    "ID": 21009,
    "ImprotItemHint": false,
    "NewItemHint": true
  },
  "21010": {
    "ID": 21010,
    "ImprotItemHint": false,
    "NewItemHint": true
  },
  "21011": {
    "ID": 21011,
    "ImprotItemHint": false,
    "NewItemHint": true
  },
  "21012": {
    "ID": 21012,
    "ImprotItemHint": false,
    "NewItemHint": true
  },
  "21013": {
    "ID": 21013,
    "ImprotItemHint": false,
    "NewItemHint": true
  },
  "23000": {
    "ID": 23000,
    "ImprotItemHint": false,
    "NewItemHint": true
  },
  "23001": {
    "ID": 23001,
    "ImprotItemHint": false,
    "NewItemHint": true
  },
  "23002": {
    "ID": 23002,
    "ImprotItemHint": false,
    "NewItemHint": true
  },
  "23003": {
    "ID": 23003,
    "ImprotItemHint": false,
    "NewItemHint": true
  },
  "23004": {
    "ID": 23004,
    "ImprotItemHint": false,
    "NewItemHint": true
  },
  "23005": {
    "ID": 23005,
    "ImprotItemHint": false,
    "NewItemHint": true
  },
  "23006": {
    "ID": 23006,
    "ImprotItemHint": false,
    "NewItemHint": true
  },
  "23007": {
    "ID": 23007,
    "ImprotItemHint": false,
    "NewItemHint": true
  },
  "29000": {
    "ID": 29000,
    "ImprotItemHint": false,
    "NewItemHint": true
  },
  "23008": {
    "ID": 23008,
    "ImprotItemHint": false,
    "NewItemHint": true
  },
  "23009": {
    "ID": 23009,
    "ImprotItemHint": false,
    "NewItemHint": true
  },
  "23010": {
    "ID": 23010,
    "ImprotItemHint": false,
    "NewItemHint": true
  }
}