{
  "1000701": {
    "LinearID": 1000701,
    "QuestList": [
      1000701
    ],
    "MinLevel": 999,
    "MaxLevel": 999
  },
  "1000702": {
    "LinearID": 1000702,
    "QuestList": [
      1000702
    ],
    "MinLevel": 999,
    "MaxLevel": 999
  },
  "1000703": {
    "LinearID": 1000703,
    "QuestList": [
      1000703
    ],
    "MinLevel": 999,
    "MaxLevel": 999
  },
  "1000704": {
    "LinearID": 1000704,
    "QuestList": [
      1000704
    ],
    "MinLevel": 999,
    "MaxLevel": 999
  },
  "1000705": {
    "LinearID": 1000705,
    "QuestList": [
      1000705
    ],
    "MinLevel": 999,
    "MaxLevel": 999
  },
  "1000706": {
    "LinearID": 1000706,
    "QuestList": [
      1000706
    ],
    "MinLevel": 999,
    "MaxLevel": 999
  },
  "1000801": {
    "LinearID": 1000801,
    "QuestList": [
      1000801
    ],
    "MinLevel": 999,
    "MaxLevel": 999
  },
  "1000802": {
    "LinearID": 1000802,
    "QuestList": [
      1000802
    ],
    "MinLevel": 999,
    "MaxLevel": 999
  },
  "1000803": {
    "LinearID": 1000803,
    "QuestList": [
      1000803
    ],
    "MinLevel": 999,
    "MaxLevel": 999
  },
  "1000804": {
    "LinearID": 1000804,
    "QuestList": [
      1000804
    ],
    "MinLevel": 999,
    "MaxLevel": 999
  },
  "1000805": {
    "LinearID": 1000805,
    "QuestList": [
      1000805
    ],
    "MinLevel": 999,
    "MaxLevel": 999
  },
  "1000806": {
    "LinearID": 1000806,
    "QuestList": [
      1000806
    ],
    "MinLevel": 999,
    "MaxLevel": 999
  },
  "1000807": {
    "LinearID": 1000807,
    "QuestList": [
      1000807
    ],
    "MinLevel": 999,
    "MaxLevel": 999
  },
  "1000808": {
    "LinearID": 1000808,
    "QuestList": [
      1000808
    ],
    "MinLevel": 999,
    "MaxLevel": 999
  },
  "1000901": {
    "LinearID": 1000901,
    "QuestList": [
      1000901
    ],
    "MinLevel": 999,
    "MaxLevel": 999
  },
  "1000902": {
    "LinearID": 1000902,
    "QuestList": [
      1000902
    ],
    "MinLevel": 999,
    "MaxLevel": 999
  },
  "1000903": {
    "LinearID": 1000903,
    "QuestList": [
      1000903
    ],
    "MinLevel": 999,
    "MaxLevel": 999
  },
  "1000904": {
    "LinearID": 1000904,
    "QuestList": [
      1000904
    ],
    "MinLevel": 999,
    "MaxLevel": 999
  },
  "1000905": {
    "LinearID": 1000905,
    "QuestList": [
      1000905
    ],
    "MinLevel": 999,
    "MaxLevel": 999
  },
  "1000906": {
    "LinearID": 1000906,
    "QuestList": [
      1000906
    ],
    "MinLevel": 999,
    "MaxLevel": 999
  },
  "1000907": {
    "LinearID": 1000907,
    "QuestList": [
      1000907
    ],
    "MinLevel": 999,
    "MaxLevel": 999
  },
  "1001001": {
    "LinearID": 1001001,
    "QuestList": [
      1001001
    ],
    "MinLevel": 999,
    "MaxLevel": 999
  },
  "1001002": {
    "LinearID": 1001002,
    "QuestList": [
      1001002
    ],
    "MinLevel": 999,
    "MaxLevel": 999
  },
  "1001003": {
    "LinearID": 1001003,
    "QuestList": [
      1001003
    ],
    "MinLevel": 999,
    "MaxLevel": 999
  },
  "1001004": {
    "LinearID": 1001004,
    "QuestList": [
      1001004
    ],
    "MinLevel": 999,
    "MaxLevel": 999
  },
  "1001005": {
    "LinearID": 1001005,
    "QuestList": [
      1001005
    ],
    "MinLevel": 999,
    "MaxLevel": 999
  },
  "1001006": {
    "LinearID": 1001006,
    "QuestList": [
      1001006
    ],
    "MinLevel": 999,
    "MaxLevel": 999
  },
  "1001201": {
    "LinearID": 1001201,
    "QuestList": [
      1001201
    ],
    "MinLevel": 999,
    "MaxLevel": 999
  },
  "1001202": {
    "LinearID": 1001202,
    "QuestList": [
      1001202
    ],
    "MinLevel": 999,
    "MaxLevel": 999
  },
  "1001203": {
    "LinearID": 1001203,
    "QuestList": [
      1001203
    ],
    "MinLevel": 999,
    "MaxLevel": 999
  },
  "1001204": {
    "LinearID": 1001204,
    "QuestList": [
      1001204
    ],
    "MinLevel": 999,
    "MaxLevel": 999
  },
  "1001205": {
    "LinearID": 1001205,
    "QuestList": [
      1001205
    ],
    "MinLevel": 999,
    "MaxLevel": 999
  },
  "1001206": {
    "LinearID": 1001206,
    "QuestList": [
      1001206
    ],
    "MinLevel": 999,
    "MaxLevel": 999
  },
  "1001207": {
    "LinearID": 1001207,
    "QuestList": [
      1001207
    ],
    "MinLevel": 6,
    "MaxLevel": 999
  },
  "1001208": {
    "LinearID": 1001208,
    "QuestList": [
      1001208
    ],
    "MinLevel": 10,
    "MaxLevel": 999
  },
  "1001209": {
    "LinearID": 1001209,
    "QuestList": [
      1001209
    ],
    "MinLevel": 17,
    "MaxLevel": 999
  },
  "1001101": {
    "LinearID": 1001101,
    "QuestList": [
      1001101
    ],
    "MinLevel": 999,
    "MaxLevel": 999
  },
  "1001102": {
    "LinearID": 1001102,
    "QuestList": [
      1001102
    ],
    "MinLevel": 999,
    "MaxLevel": 999
  },
  "1001103": {
    "LinearID": 1001103,
    "QuestList": [
      1001103
    ],
    "MinLevel": 999,
    "MaxLevel": 999
  },
  "1001104": {
    "LinearID": 1001104,
    "QuestList": [
      1001104
    ],
    "MinLevel": 999,
    "MaxLevel": 999
  },
  "1001105": {
    "LinearID": 1001105,
    "QuestList": [
      1001105
    ],
    "MinLevel": 999,
    "MaxLevel": 999
  },
  "1001106": {
    "LinearID": 1001106,
    "QuestList": [
      1001106
    ],
    "MinLevel": 999,
    "MaxLevel": 999
  },
  "1001107": {
    "LinearID": 1001107,
    "QuestList": [
      1001107
    ],
    "MinLevel": 999,
    "MaxLevel": 999
  },
  "1001108": {
    "LinearID": 1001108,
    "QuestList": [
      1001108
    ],
    "MinLevel": 999,
    "MaxLevel": 999
  },
  "1001109": {
    "LinearID": 1001109,
    "QuestList": [
      1001109
    ],
    "MinLevel": 999,
    "MaxLevel": 999
  },
  "1001110": {
    "LinearID": 1001110,
    "QuestList": [
      1001110
    ],
    "MinLevel": 999,
    "MaxLevel": 999
  },
  "1001111": {
    "LinearID": 1001111,
    "QuestList": [
      1001111
    ],
    "MinLevel": 999,
    "MaxLevel": 999
  },
  "1001112": {
    "LinearID": 1001112,
    "QuestList": [
      1001112
    ],
    "MinLevel": 999,
    "MaxLevel": 999
  },
  "1001113": {
    "LinearID": 1001113,
    "QuestList": [
      1001113
    ],
    "MinLevel": 999,
    "MaxLevel": 999
  },
  "1001114": {
    "LinearID": 1001114,
    "QuestList": [
      1001114
    ],
    "MinLevel": 999,
    "MaxLevel": 999
  },
  "1001115": {
    "LinearID": 1001115,
    "QuestList": [
      1001115
    ],
    "MinLevel": 999,
    "MaxLevel": 999
  },
  "1001116": {
    "LinearID": 1001116,
    "QuestList": [
      1001116
    ],
    "MinLevel": 999,
    "MaxLevel": 999
  },
  "1001117": {
    "LinearID": 1001117,
    "QuestList": [
      1001117
    ],
    "MinLevel": 999,
    "MaxLevel": 999
  },
  "1001118": {
    "LinearID": 1001118,
    "QuestList": [
      1001118
    ],
    "MinLevel": 999,
    "MaxLevel": 999
  },
  "1001119": {
    "LinearID": 1001119,
    "QuestList": [
      1001119
    ],
    "MinLevel": 999,
    "MaxLevel": 999
  },
  "1001120": {
    "LinearID": 1001120,
    "QuestList": [
      1001120
    ],
    "MinLevel": 999,
    "MaxLevel": 999
  },
  "1001121": {
    "LinearID": 1001121,
    "QuestList": [
      1001121
    ],
    "MinLevel": 999,
    "MaxLevel": 999
  },
  "1001122": {
    "LinearID": 1001122,
    "QuestList": [
      1001122
    ],
    "MinLevel": 999,
    "MaxLevel": 999
  },
  "1001123": {
    "LinearID": 1001123,
    "QuestList": [
      1001123
    ],
    "MinLevel": 999,
    "MaxLevel": 999
  },
  "1001124": {
    "LinearID": 1001124,
    "QuestList": [
      1001124
    ],
    "MinLevel": 999,
    "MaxLevel": 999
  },
  "1001125": {
    "LinearID": 1001125,
    "QuestList": [
      1001125
    ],
    "MinLevel": 999,
    "MaxLevel": 999
  },
  "9000004": {
    "LinearID": 9000004,
    "QuestList": [
      9000004
    ],
    "MinLevel": 1,
    "MaxLevel": 999
  },
  "9000005": {
    "LinearID": 9000005,
    "QuestList": [
      9000005
    ],
    "MinLevel": 1,
    "MaxLevel": 999
  },
  "9000006": {
    "LinearID": 9000006,
    "QuestList": [
      9000006
    ],
    "MinLevel": 1,
    "MaxLevel": 999
  },
  "9000007": {
    "LinearID": 9000007,
    "QuestList": [
      9000007
    ],
    "MinLevel": 1,
    "MaxLevel": 999
  },
  "9000008": {
    "LinearID": 9000008,
    "QuestList": [
      9000008
    ],
    "MinLevel": 1,
    "MaxLevel": 999
  },
  "9000009": {
    "LinearID": 9000009,
    "QuestList": [
      9000009
    ],
    "MinLevel": 1,
    "MaxLevel": 999
  },
  "9000010": {
    "LinearID": 9000010,
    "QuestList": [
      9000010
    ],
    "MinLevel": 1,
    "MaxLevel": 999
  },
  "9000011": {
    "LinearID": 9000011,
    "QuestList": [
      9000011
    ],
    "MinLevel": 1,
    "MaxLevel": 999
  },
  "9000012": {
    "LinearID": 9000012,
    "QuestList": [
      9000012
    ],
    "MinLevel": 1,
    "MaxLevel": 999
  },
  "9000013": {
    "LinearID": 9000013,
    "QuestList": [
      9000013
    ],
    "MinLevel": 1,
    "MaxLevel": 999
  },
  "9000014": {
    "LinearID": 9000014,
    "QuestList": [
      9000014
    ],
    "MinLevel": 1,
    "MaxLevel": 999
  },
  "1001232": {
    "LinearID": 1001232,
    "QuestList": [
      1001232
    ],
    "MinLevel": 1,
    "MaxLevel": 999
  },
  "1001233": {
    "LinearID": 1001233,
    "QuestList": [
      1001233
    ],
    "MinLevel": 1,
    "MaxLevel": 999
  },
  "1001234": {
    "LinearID": 1001234,
    "QuestList": [
      1001234
    ],
    "MinLevel": 1,
    "MaxLevel": 999
  },
  "1001235": {
    "LinearID": 1001235,
    "QuestList": [
      1001235
    ],
    "MinLevel": 1,
    "MaxLevel": 999
  },
  "1001236": {
    "LinearID": 1001236,
    "QuestList": [
      1001236
    ],
    "MinLevel": 1,
    "MaxLevel": 999
  },
  "1001237": {
    "LinearID": 1001237,
    "QuestList": [
      1001237
    ],
    "MinLevel": 1,
    "MaxLevel": 999
  },
  "1001238": {
    "LinearID": 1001238,
    "QuestList": [
      1001238
    ],
    "MinLevel": 1,
    "MaxLevel": 999
  },
  "1001239": {
    "LinearID": 1001239,
    "QuestList": [
      1001239
    ],
    "MinLevel": 1,
    "MaxLevel": 999
  },
  "1001240": {
    "LinearID": 1001240,
    "QuestList": [
      1001240
    ],
    "MinLevel": 1,
    "MaxLevel": 999
  },
  "1001241": {
    "LinearID": 1001241,
    "QuestList": [
      1001241
    ],
    "MinLevel": 1,
    "MaxLevel": 999
  },
  "1001242": {
    "LinearID": 1001242,
    "QuestList": [
      1001242
    ],
    "MinLevel": 1,
    "MaxLevel": 999
  },
  "1001243": {
    "LinearID": 1001243,
    "QuestList": [
      1001243
    ],
    "MinLevel": 1,
    "MaxLevel": 999
  },
  "1001244": {
    "LinearID": 1001244,
    "QuestList": [
      1001244
    ],
    "MinLevel": 1,
    "MaxLevel": 999
  },
  "1001245": {
    "LinearID": 1001245,
    "QuestList": [
      1001245
    ],
    "MinLevel": 1,
    "MaxLevel": 999
  },
  "1001246": {
    "LinearID": 1001246,
    "QuestList": [
      1001246
    ],
    "MinLevel": 1,
    "MaxLevel": 999
  },
  "1001247": {
    "LinearID": 1001247,
    "QuestList": [
      1001247
    ],
    "MinLevel": 1,
    "MaxLevel": 999
  },
  "1001248": {
    "LinearID": 1001248,
    "QuestList": [
      1001248
    ],
    "MinLevel": 1,
    "MaxLevel": 999
  },
  "1001249": {
    "LinearID": 1001249,
    "QuestList": [
      1001249
    ],
    "MinLevel": 1,
    "MaxLevel": 999
  },
  "1001250": {
    "LinearID": 1001250,
    "QuestList": [
      1001250
    ],
    "MinLevel": 1,
    "MaxLevel": 999
  },
  "1001251": {
    "LinearID": 1001251,
    "QuestList": [
      1001251
    ],
    "MinLevel": 1,
    "MaxLevel": 999
  },
  "1001252": {
    "LinearID": 1001252,
    "QuestList": [
      1001252
    ],
    "MinLevel": 1,
    "MaxLevel": 999
  },
  "1001253": {
    "LinearID": 1001253,
    "QuestList": [
      1001253
    ],
    "MinLevel": 1,
    "MaxLevel": 999
  },
  "1001254": {
    "LinearID": 1001254,
    "QuestList": [
      1001254
    ],
    "MinLevel": 1,
    "MaxLevel": 999
  },
  "1001255": {
    "LinearID": 1001255,
    "QuestList": [
      1001255
    ],
    "MinLevel": 1,
    "MaxLevel": 999
  },
  "1001256": {
    "LinearID": 1001256,
    "QuestList": [
      1001256
    ],
    "MinLevel": 1,
    "MaxLevel": 999
  },
  "1001257": {
    "LinearID": 1001257,
    "QuestList": [
      1001257
    ],
    "MinLevel": 1,
    "MaxLevel": 999
  },
  "1001258": {
    "LinearID": 1001258,
    "QuestList": [
      1001258
    ],
    "MinLevel": 1,
    "MaxLevel": 999
  },
  "1001259": {
    "LinearID": 1001259,
    "QuestList": [
      1001259
    ],
    "MinLevel": 1,
    "MaxLevel": 999
  },
  "1001260": {
    "LinearID": 1001260,
    "QuestList": [
      1001260
    ],
    "MinLevel": 1,
    "MaxLevel": 999
  },
  "1001261": {
    "LinearID": 1001261,
    "QuestList": [
      1001261
    ],
    "MinLevel": 1,
    "MaxLevel": 999
  },
  "1001262": {
    "LinearID": 1001262,
    "QuestList": [
      1001262
    ],
    "MinLevel": 1,
    "MaxLevel": 999
  },
  "1001263": {
    "LinearID": 1001263,
    "QuestList": [
      1001263
    ],
    "MinLevel": 1,
    "MaxLevel": 999
  },
  "1001264": {
    "LinearID": 1001264,
    "QuestList": [
      1001264
    ],
    "MinLevel": 1,
    "MaxLevel": 999
  },
  "1001265": {
    "LinearID": 1001265,
    "QuestList": [
      1001265
    ],
    "MinLevel": 1,
    "MaxLevel": 999
  },
  "1001266": {
    "LinearID": 1001266,
    "QuestList": [
      1001266
    ],
    "MinLevel": 1,
    "MaxLevel": 999
  },
  "1001267": {
    "LinearID": 1001267,
    "QuestList": [
      1001267
    ],
    "MinLevel": 1,
    "MaxLevel": 999
  },
  "1001268": {
    "LinearID": 1001268,
    "QuestList": [
      1001268
    ],
    "MinLevel": 1,
    "MaxLevel": 999
  },
  "1001269": {
    "LinearID": 1001269,
    "QuestList": [
      1001269
    ],
    "MinLevel": 1,
    "MaxLevel": 999
  },
  "1001270": {
    "LinearID": 1001270,
    "QuestList": [
      1001270
    ],
    "MinLevel": 1,
    "MaxLevel": 999
  },
  "1001271": {
    "LinearID": 1001271,
    "QuestList": [
      1001271
    ],
    "MinLevel": 1,
    "MaxLevel": 999
  },
  "1001272": {
    "LinearID": 1001272,
    "QuestList": [
      1001272
    ],
    "MinLevel": 1,
    "MaxLevel": 999
  },
  "1001273": {
    "LinearID": 1001273,
    "QuestList": [
      1001273
    ],
    "MinLevel": 1,
    "MaxLevel": 999
  },
  "1001274": {
    "LinearID": 1001274,
    "QuestList": [
      1001274
    ],
    "MinLevel": 1,
    "MaxLevel": 999
  },
  "1001275": {
    "LinearID": 1001275,
    "QuestList": [
      1001275
    ],
    "MinLevel": 1,
    "MaxLevel": 999
  },
  "1001276": {
    "LinearID": 1001276,
    "QuestList": [
      1001276
    ],
    "MinLevel": 1,
    "MaxLevel": 999
  },
  "1001277": {
    "LinearID": 1001277,
    "QuestList": [
      1001277
    ],
    "MinLevel": 1,
    "MaxLevel": 999
  },
  "1001278": {
    "LinearID": 1001278,
    "QuestList": [
      1001278
    ],
    "MinLevel": 1,
    "MaxLevel": 999
  },
  "1001279": {
    "LinearID": 1001279,
    "QuestList": [
      1001279
    ],
    "MinLevel": 1,
    "MaxLevel": 999
  },
  "1001280": {
    "LinearID": 1001280,
    "QuestList": [
      1001280
    ],
    "MinLevel": 1,
    "MaxLevel": 999
  },
  "1001281": {
    "LinearID": 1001281,
    "QuestList": [
      1001281
    ],
    "MinLevel": 1,
    "MaxLevel": 999
  },
  "1001282": {
    "LinearID": 1001282,
    "QuestList": [
      1001282
    ],
    "MinLevel": 1,
    "MaxLevel": 999
  },
  "1001283": {
    "LinearID": 1001283,
    "QuestList": [
      1001283
    ],
    "MinLevel": 1,
    "MaxLevel": 999
  },
  "1001284": {
    "LinearID": 1001284,
    "QuestList": [
      1001284
    ],
    "MinLevel": 1,
    "MaxLevel": 999
  },
  "1001285": {
    "LinearID": 1001285,
    "QuestList": [
      1001285
    ],
    "MinLevel": 1,
    "MaxLevel": 999
  },
  "1001286": {
    "LinearID": 1001286,
    "QuestList": [
      1001286
    ],
    "MinLevel": 1,
    "MaxLevel": 999
  },
  "1001287": {
    "LinearID": 1001287,
    "QuestList": [
      1001287
    ],
    "MinLevel": 1,
    "MaxLevel": 999
  },
  "1001288": {
    "LinearID": 1001288,
    "QuestList": [
      1001288
    ],
    "MinLevel": 1,
    "MaxLevel": 999
  },
  "1001289": {
    "LinearID": 1001289,
    "QuestList": [
      1001289
    ],
    "MinLevel": 1,
    "MaxLevel": 999
  },
  "1001290": {
    "LinearID": 1001290,
    "QuestList": [
      1001290
    ],
    "MinLevel": 1,
    "MaxLevel": 999
  },
  "1001311": {
    "LinearID": 1001311,
    "QuestList": [
      1001311
    ],
    "MinLevel": 1,
    "MaxLevel": 999
  },
  "1001312": {
    "LinearID": 1001312,
    "QuestList": [
      1001312
    ],
    "MinLevel": 1,
    "MaxLevel": 999
  },
  "1001313": {
    "LinearID": 1001313,
    "QuestList": [
      1001313
    ],
    "MinLevel": 1,
    "MaxLevel": 999
  },
  "1001314": {
    "LinearID": 1001314,
    "QuestList": [
      1001314
    ],
    "MinLevel": 1,
    "MaxLevel": 999
  },
  "1001321": {
    "LinearID": 1001321,
    "QuestList": [
      1001321
    ],
    "MinLevel": 1,
    "MaxLevel": 999
  },
  "1001322": {
    "LinearID": 1001322,
    "QuestList": [
      1001322
    ],
    "MinLevel": 1,
    "MaxLevel": 999
  },
  "1001323": {
    "LinearID": 1001323,
    "QuestList": [
      1001323
    ],
    "MinLevel": 1,
    "MaxLevel": 999
  },
  "1001324": {
    "LinearID": 1001324,
    "QuestList": [
      1001324
    ],
    "MinLevel": 1,
    "MaxLevel": 999
  },
  "1001331": {
    "LinearID": 1001331,
    "QuestList": [
      1001331
    ],
    "MinLevel": 1,
    "MaxLevel": 999
  },
  "1001332": {
    "LinearID": 1001332,
    "QuestList": [
      1001332
    ],
    "MinLevel": 1,
    "MaxLevel": 999
  },
  "1001333": {
    "LinearID": 1001333,
    "QuestList": [
      1001333
    ],
    "MinLevel": 1,
    "MaxLevel": 999
  },
  "1001334": {
    "LinearID": 1001334,
    "QuestList": [
      1001334
    ],
    "MinLevel": 1,
    "MaxLevel": 999
  },
  "1001335": {
    "LinearID": 1001335,
    "QuestList": [
      1001335
    ],
    "MinLevel": 1,
    "MaxLevel": 999
  },
  "1001336": {
    "LinearID": 1001336,
    "QuestList": [
      1001336
    ],
    "MinLevel": 1,
    "MaxLevel": 999
  },
  "1001341": {
    "LinearID": 1001341,
    "QuestList": [
      1001341
    ],
    "MinLevel": 1,
    "MaxLevel": 999
  },
  "1001342": {
    "LinearID": 1001342,
    "QuestList": [
      1001342
    ],
    "MinLevel": 1,
    "MaxLevel": 999
  },
  "1001343": {
    "LinearID": 1001343,
    "QuestList": [
      1001343
    ],
    "MinLevel": 1,
    "MaxLevel": 999
  },
  "1001344": {
    "LinearID": 1001344,
    "QuestList": [
      1001344
    ],
    "MinLevel": 1,
    "MaxLevel": 999
  },
  "1001345": {
    "LinearID": 1001345,
    "QuestList": [
      1001345
    ],
    "MinLevel": 1,
    "MaxLevel": 999
  },
  "1001346": {
    "LinearID": 1001346,
    "QuestList": [
      1001346
    ],
    "MinLevel": 1,
    "MaxLevel": 999
  },
  "1001351": {
    "LinearID": 1001351,
    "QuestList": [
      1001351
    ],
    "MinLevel": 1,
    "MaxLevel": 999
  },
  "1001352": {
    "LinearID": 1001352,
    "QuestList": [
      1001352
    ],
    "MinLevel": 1,
    "MaxLevel": 999
  },
  "1001353": {
    "LinearID": 1001353,
    "QuestList": [
      1001353
    ],
    "MinLevel": 1,
    "MaxLevel": 999
  },
  "1001354": {
    "LinearID": 1001354,
    "QuestList": [
      1001354
    ],
    "MinLevel": 1,
    "MaxLevel": 999
  },
  "1001355": {
    "LinearID": 1001355,
    "QuestList": [
      1001355
    ],
    "MinLevel": 1,
    "MaxLevel": 999
  },
  "1001361": {
    "LinearID": 1001361,
    "QuestList": [
      1001361
    ],
    "MinLevel": 1,
    "MaxLevel": 999
  },
  "1001362": {
    "LinearID": 1001362,
    "QuestList": [
      1001362
    ],
    "MinLevel": 1,
    "MaxLevel": 999
  },
  "1001363": {
    "LinearID": 1001363,
    "QuestList": [
      1001363
    ],
    "MinLevel": 1,
    "MaxLevel": 999
  },
  "1001364": {
    "LinearID": 1001364,
    "QuestList": [
      1001364
    ],
    "MinLevel": 1,
    "MaxLevel": 999
  },
  "1001365": {
    "LinearID": 1001365,
    "QuestList": [
      1001365
    ],
    "MinLevel": 1,
    "MaxLevel": 999
  },
  "1001366": {
    "LinearID": 1001366,
    "QuestList": [
      1001366
    ],
    "MinLevel": 1,
    "MaxLevel": 999
  },
  "1001371": {
    "LinearID": 1001371,
    "QuestList": [
      1001371
    ],
    "MinLevel": 1,
    "MaxLevel": 999
  },
  "1001372": {
    "LinearID": 1001372,
    "QuestList": [
      1001372
    ],
    "MinLevel": 1,
    "MaxLevel": 999
  },
  "1001373": {
    "LinearID": 1001373,
    "QuestList": [
      1001373
    ],
    "MinLevel": 1,
    "MaxLevel": 999
  },
  "1001374": {
    "LinearID": 1001374,
    "QuestList": [
      1001374
    ],
    "MinLevel": 1,
    "MaxLevel": 999
  },
  "1001375": {
    "LinearID": 1001375,
    "QuestList": [
      1001375
    ],
    "MinLevel": 1,
    "MaxLevel": 999
  },
  "1001381": {
    "LinearID": 1001381,
    "QuestList": [
      1001381
    ],
    "MinLevel": 1,
    "MaxLevel": 999
  },
  "1001382": {
    "LinearID": 1001382,
    "QuestList": [
      1001382
    ],
    "MinLevel": 1,
    "MaxLevel": 999
  },
  "1001383": {
    "LinearID": 1001383,
    "QuestList": [
      1001383
    ],
    "MinLevel": 1,
    "MaxLevel": 999
  },
  "1001384": {
    "LinearID": 1001384,
    "QuestList": [
      1001384
    ],
    "MinLevel": 1,
    "MaxLevel": 999
  },
  "1001391": {
    "LinearID": 1001391,
    "QuestList": [
      1001391
    ],
    "MinLevel": 1,
    "MaxLevel": 999
  },
  "1001392": {
    "LinearID": 1001392,
    "QuestList": [
      1001392
    ],
    "MinLevel": 1,
    "MaxLevel": 999
  },
  "1001393": {
    "LinearID": 1001393,
    "QuestList": [
      1001393
    ],
    "MinLevel": 1,
    "MaxLevel": 999
  },
  "1001394": {
    "LinearID": 1001394,
    "QuestList": [
      1001394
    ],
    "MinLevel": 1,
    "MaxLevel": 999
  },
  "1001395": {
    "LinearID": 1001395,
    "QuestList": [
      1001395
    ],
    "MinLevel": 1,
    "MaxLevel": 999
  },
  "1001521": {
    "LinearID": 1001521,
    "QuestList": [
      1001521
    ],
    "MinLevel": 1,
    "MaxLevel": 999
  },
  "1001522": {
    "LinearID": 1001522,
    "QuestList": [
      1001522
    ],
    "MinLevel": 1,
    "MaxLevel": 999
  },
  "1001523": {
    "LinearID": 1001523,
    "QuestList": [
      1001523
    ],
    "MinLevel": 1,
    "MaxLevel": 999
  },
  "1001526": {
    "LinearID": 1001526,
    "QuestList": [
      1001526
    ],
    "MinLevel": 1,
    "MaxLevel": 999
  },
  "1001527": {
    "LinearID": 1001527,
    "QuestList": [
      1001527
    ],
    "MinLevel": 1,
    "MaxLevel": 999
  },
  "1001601": {
    "LinearID": 1001601,
    "QuestList": [
      1001601
    ],
    "MinLevel": 1,
    "MaxLevel": 999
  },
  "1001602": {
    "LinearID": 1001602,
    "QuestList": [
      1001602
    ],
    "MinLevel": 1,
    "MaxLevel": 999
  },
  "1001603": {
    "LinearID": 1001603,
    "QuestList": [
      1001603
    ],
    "MinLevel": 1,
    "MaxLevel": 999
  },
  "1001604": {
    "LinearID": 1001604,
    "QuestList": [
      1001604
    ],
    "MinLevel": 1,
    "MaxLevel": 999
  },
  "1001605": {
    "LinearID": 1001605,
    "QuestList": [
      1001605
    ],
    "MinLevel": 1,
    "MaxLevel": 999
  },
  "1001606": {
    "LinearID": 1001606,
    "QuestList": [
      1001606
    ],
    "MinLevel": 1,
    "MaxLevel": 999
  },
  "1001607": {
    "LinearID": 1001607,
    "QuestList": [
      1001607
    ],
    "MinLevel": 1,
    "MaxLevel": 999
  },
  "1001608": {
    "LinearID": 1001608,
    "QuestList": [
      1001608
    ],
    "MinLevel": 1,
    "MaxLevel": 999
  },
  "1001609": {
    "LinearID": 1001609,
    "QuestList": [
      1001609
    ],
    "MinLevel": 1,
    "MaxLevel": 999
  },
  "1001711": {
    "LinearID": 1001711,
    "QuestList": [
      1001711
    ],
    "MinLevel": 1,
    "MaxLevel": 999
  },
  "1001712": {
    "LinearID": 1001712,
    "QuestList": [
      1001712
    ],
    "MinLevel": 1,
    "MaxLevel": 999
  },
  "1001713": {
    "LinearID": 1001713,
    "QuestList": [
      1001713
    ],
    "MinLevel": 1,
    "MaxLevel": 999
  },
  "1001714": {
    "LinearID": 1001714,
    "QuestList": [
      1001714
    ],
    "MinLevel": 1,
    "MaxLevel": 999
  },
  "1001715": {
    "LinearID": 1001715,
    "QuestList": [
      1001715
    ],
    "MinLevel": 1,
    "MaxLevel": 999
  },
  "1001721": {
    "LinearID": 1001721,
    "QuestList": [
      1001721
    ],
    "MinLevel": 1,
    "MaxLevel": 999
  },
  "1001722": {
    "LinearID": 1001722,
    "QuestList": [
      1001722
    ],
    "MinLevel": 1,
    "MaxLevel": 999
  },
  "1001723": {
    "LinearID": 1001723,
    "QuestList": [
      1001723
    ],
    "MinLevel": 1,
    "MaxLevel": 999
  },
  "1001724": {
    "LinearID": 1001724,
    "QuestList": [
      1001724
    ],
    "MinLevel": 1,
    "MaxLevel": 999
  },
  "1001725": {
    "LinearID": 1001725,
    "QuestList": [
      1001725
    ],
    "MinLevel": 1,
    "MaxLevel": 999
  },
  "1001731": {
    "LinearID": 1001731,
    "QuestList": [
      1001731
    ],
    "MinLevel": 1,
    "MaxLevel": 999
  },
  "1001732": {
    "LinearID": 1001732,
    "QuestList": [
      1001732
    ],
    "MinLevel": 1,
    "MaxLevel": 999
  },
  "1001733": {
    "LinearID": 1001733,
    "QuestList": [
      1001733
    ],
    "MinLevel": 1,
    "MaxLevel": 999
  },
  "1001734": {
    "LinearID": 1001734,
    "QuestList": [
      1001734
    ],
    "MinLevel": 1,
    "MaxLevel": 999
  },
  "1001735": {
    "LinearID": 1001735,
    "QuestList": [
      1001735
    ],
    "MinLevel": 1,
    "MaxLevel": 999
  },
  "1001741": {
    "LinearID": 1001741,
    "QuestList": [
      1001741
    ],
    "MinLevel": 1,
    "MaxLevel": 999
  },
  "1001742": {
    "LinearID": 1001742,
    "QuestList": [
      1001742
    ],
    "MinLevel": 1,
    "MaxLevel": 999
  },
  "1001743": {
    "LinearID": 1001743,
    "QuestList": [
      1001743
    ],
    "MinLevel": 1,
    "MaxLevel": 999
  },
  "1001744": {
    "LinearID": 1001744,
    "QuestList": [
      1001744
    ],
    "MinLevel": 1,
    "MaxLevel": 999
  },
  "1001745": {
    "LinearID": 1001745,
    "QuestList": [
      1001745
    ],
    "MinLevel": 1,
    "MaxLevel": 999
  },
  "1001751": {
    "LinearID": 1001751,
    "QuestList": [
      1001751
    ],
    "MinLevel": 1,
    "MaxLevel": 999
  },
  "1001752": {
    "LinearID": 1001752,
    "QuestList": [
      1001752
    ],
    "MinLevel": 1,
    "MaxLevel": 999
  },
  "1001753": {
    "LinearID": 1001753,
    "QuestList": [
      1001753
    ],
    "MinLevel": 1,
    "MaxLevel": 999
  },
  "1001754": {
    "LinearID": 1001754,
    "QuestList": [
      1001754
    ],
    "MinLevel": 1,
    "MaxLevel": 999
  },
  "1001755": {
    "LinearID": 1001755,
    "QuestList": [
      1001755
    ],
    "MinLevel": 1,
    "MaxLevel": 999
  },
  "1001761": {
    "LinearID": 1001761,
    "QuestList": [
      1001761
    ],
    "MinLevel": 1,
    "MaxLevel": 999
  },
  "1001762": {
    "LinearID": 1001762,
    "QuestList": [
      1001762
    ],
    "MinLevel": 1,
    "MaxLevel": 999
  },
  "1001763": {
    "LinearID": 1001763,
    "QuestList": [
      1001763
    ],
    "MinLevel": 1,
    "MaxLevel": 999
  },
  "1001764": {
    "LinearID": 1001764,
    "QuestList": [
      1001764
    ],
    "MinLevel": 1,
    "MaxLevel": 999
  },
  "1001765": {
    "LinearID": 1001765,
    "QuestList": [
      1001765
    ],
    "MinLevel": 1,
    "MaxLevel": 999
  },
  "1001771": {
    "LinearID": 1001771,
    "QuestList": [
      1001771
    ],
    "MinLevel": 1,
    "MaxLevel": 999
  },
  "1001772": {
    "LinearID": 1001772,
    "QuestList": [
      1001772
    ],
    "MinLevel": 1,
    "MaxLevel": 999
  },
  "1001773": {
    "LinearID": 1001773,
    "QuestList": [
      1001773
    ],
    "MinLevel": 1,
    "MaxLevel": 999
  },
  "1001774": {
    "LinearID": 1001774,
    "QuestList": [
      1001774
    ],
    "MinLevel": 1,
    "MaxLevel": 999
  },
  "1001775": {
    "LinearID": 1001775,
    "QuestList": [
      1001775
    ],
    "MinLevel": 1,
    "MaxLevel": 999
  },
  "1001781": {
    "LinearID": 1001781,
    "QuestList": [
      1001781
    ],
    "MinLevel": 1,
    "MaxLevel": 999
  },
  "1001782": {
    "LinearID": 1001782,
    "QuestList": [
      1001782
    ],
    "MinLevel": 1,
    "MaxLevel": 999
  },
  "1001783": {
    "LinearID": 1001783,
    "QuestList": [
      1001783
    ],
    "MinLevel": 1,
    "MaxLevel": 999
  },
  "1001784": {
    "LinearID": 1001784,
    "QuestList": [
      1001784
    ],
    "MinLevel": 1,
    "MaxLevel": 999
  },
  "1001791": {
    "LinearID": 1001791,
    "QuestList": [
      1001791
    ],
    "MinLevel": 1,
    "MaxLevel": 999
  },
  "1001792": {
    "LinearID": 1001792,
    "QuestList": [
      1001792
    ],
    "MinLevel": 1,
    "MaxLevel": 999
  },
  "1001793": {
    "LinearID": 1001793,
    "QuestList": [
      1001793
    ],
    "MinLevel": 1,
    "MaxLevel": 999
  },
  "1001794": {
    "LinearID": 1001794,
    "QuestList": [
      1001794
    ],
    "MinLevel": 1,
    "MaxLevel": 999
  },
  "1001795": {
    "LinearID": 1001795,
    "QuestList": [
      1001795
    ],
    "MinLevel": 1,
    "MaxLevel": 999
  },
  "1001796": {
    "LinearID": 1001796,
    "QuestList": [
      1001796
    ],
    "MinLevel": 1,
    "MaxLevel": 999
  },
  "1002001": {
    "LinearID": 1002001,
    "QuestList": [
      1002001
    ],
    "MinLevel": 1,
    "MaxLevel": 999
  },
  "1002002": {
    "LinearID": 1002002,
    "QuestList": [
      1002002
    ],
    "MinLevel": 1,
    "MaxLevel": 999
  },
  "1002003": {
    "LinearID": 1002003,
    "QuestList": [
      1002003
    ],
    "MinLevel": 1,
    "MaxLevel": 999
  },
  "1002004": {
    "LinearID": 1002004,
    "QuestList": [
      1002004
    ],
    "MinLevel": 1,
    "MaxLevel": 999
  },
  "1002005": {
    "LinearID": 1002005,
    "QuestList": [
      1002005
    ],
    "MinLevel": 1,
    "MaxLevel": 999
  },
  "1002006": {
    "LinearID": 1002006,
    "QuestList": [
      1002006
    ],
    "MinLevel": 1,
    "MaxLevel": 999
  },
  "1002007": {
    "LinearID": 1002007,
    "QuestList": [
      1002007
    ],
    "MinLevel": 1,
    "MaxLevel": 999
  },
  "1002008": {
    "LinearID": 1002008,
    "QuestList": [
      1002008
    ],
    "MinLevel": 1,
    "MaxLevel": 999
  },
  "1002009": {
    "LinearID": 1002009,
    "QuestList": [
      1002009
    ],
    "MinLevel": 1,
    "MaxLevel": 999
  },
  "4000001": {
    "LinearID": 4000001,
    "QuestList": [
      4000001
    ],
    "MinLevel": 1,
    "MaxLevel": 999
  },
  "4010101": {
    "LinearID": 4010101,
    "QuestList": [
      4010101
    ],
    "MinLevel": 1,
    "MaxLevel": 999
  },
  "4010102": {
    "LinearID": 4010102,
    "QuestList": [
      4010102
    ],
    "MinLevel": 1,
    "MaxLevel": 999
  },
  "4010103": {
    "LinearID": 4010103,
    "QuestList": [
      4010103
    ],
    "MinLevel": 1,
    "MaxLevel": 999
  },
  "4010104": {
    "LinearID": 4010104,
    "QuestList": [
      4010104
    ],
    "MinLevel": 1,
    "MaxLevel": 999
  },
  "4010105": {
    "LinearID": 4010105,
    "QuestList": [
      4010105
    ],
    "MinLevel": 1,
    "MaxLevel": 999
  },
  "4010201": {
    "LinearID": 4010201,
    "QuestList": [
      4010201
    ],
    "MinLevel": 1,
    "MaxLevel": 999
  },
  "4010202": {
    "LinearID": 4010202,
    "QuestList": [
      4010202
    ],
    "MinLevel": 1,
    "MaxLevel": 999
  },
  "4010203": {
    "LinearID": 4010203,
    "QuestList": [
      4010203
    ],
    "MinLevel": 1,
    "MaxLevel": 999
  },
  "4010301": {
    "LinearID": 4010301,
    "QuestList": [
      4010301
    ],
    "MinLevel": 1,
    "MaxLevel": 999
  },
  "4010302": {
    "LinearID": 4010302,
    "QuestList": [
      4010302
    ],
    "MinLevel": 1,
    "MaxLevel": 999
  },
  "4010303": {
    "LinearID": 4010303,
    "QuestList": [
      4010303
    ],
    "MinLevel": 1,
    "MaxLevel": 999
  },
  "4010401": {
    "LinearID": 4010401,
    "QuestList": [
      4010401
    ],
    "MinLevel": 1,
    "MaxLevel": 999
  },
  "4010501": {
    "LinearID": 4010501,
    "QuestList": [
      4010501
    ],
    "MinLevel": 1,
    "MaxLevel": 999
  },
  "4010502": {
    "LinearID": 4010502,
    "QuestList": [
      4010502
    ],
    "MinLevel": 1,
    "MaxLevel": 999
  },
  "4010503": {
    "LinearID": 4010503,
    "QuestList": [
      4010503
    ],
    "MinLevel": 1,
    "MaxLevel": 999
  },
  "4020201": {
    "LinearID": 4020201,
    "QuestList": [
      4020201
    ],
    "MinLevel": 1,
    "MaxLevel": 999
  },
  "4020202": {
    "LinearID": 4020202,
    "QuestList": [
      4020202
    ],
    "MinLevel": 1,
    "MaxLevel": 999
  },
  "4020203": {
    "LinearID": 4020203,
    "QuestList": [
      4020203
    ],
    "MinLevel": 1,
    "MaxLevel": 999
  },
  "4020401": {
    "LinearID": 4020401,
    "QuestList": [
      4020401
    ],
    "MinLevel": 1,
    "MaxLevel": 999
  },
  "4020402": {
    "LinearID": 4020402,
    "QuestList": [
      4020402
    ],
    "MinLevel": 1,
    "MaxLevel": 999
  },
  "4020403": {
    "LinearID": 4020403,
    "QuestList": [
      4020403
    ],
    "MinLevel": 1,
    "MaxLevel": 999
  },
  "4020501": {
    "LinearID": 4020501,
    "QuestList": [
      4020501
    ],
    "MinLevel": 1,
    "MaxLevel": 999
  },
  "4020502": {
    "LinearID": 4020502,
    "QuestList": [
      4020502
    ],
    "MinLevel": 1,
    "MaxLevel": 999
  },
  "4020601": {
    "LinearID": 4020601,
    "QuestList": [
      4020601
    ],
    "MinLevel": 1,
    "MaxLevel": 999
  },
  "4020602": {
    "LinearID": 4020602,
    "QuestList": [
      4020602
    ],
    "MinLevel": 1,
    "MaxLevel": 999
  },
  "4020603": {
    "LinearID": 4020603,
    "QuestList": [
      4020603
    ],
    "MinLevel": 1,
    "MaxLevel": 999
  },
  "4020701": {
    "LinearID": 4020701,
    "QuestList": [
      4020701
    ],
    "MinLevel": 1,
    "MaxLevel": 999
  },
  "4020702": {
    "LinearID": 4020702,
    "QuestList": [
      4020702
    ],
    "MinLevel": 1,
    "MaxLevel": 999
  },
  "4030101": {
    "LinearID": 4030101,
    "QuestList": [
      4030101
    ],
    "MinLevel": 1,
    "MaxLevel": 999
  },
  "4030102": {
    "LinearID": 4030102,
    "QuestList": [
      4030102
    ],
    "MinLevel": 1,
    "MaxLevel": 999
  },
  "4030103": {
    "LinearID": 4030103,
    "QuestList": [
      4030103
    ],
    "MinLevel": 1,
    "MaxLevel": 999
  },
  "4030104": {
    "LinearID": 4030104,
    "QuestList": [
      4030104
    ],
    "MinLevel": 1,
    "MaxLevel": 999
  },
  "4040101": {
    "LinearID": 4040101,
    "QuestList": [
      4040101
    ],
    "MinLevel": 1,
    "MaxLevel": 999
  },
  "4040102": {
    "LinearID": 4040102,
    "QuestList": [
      4040102
    ],
    "MinLevel": 1,
    "MaxLevel": 999
  },
  "4040103": {
    "LinearID": 4040103,
    "QuestList": [
      4040103
    ],
    "MinLevel": 1,
    "MaxLevel": 999
  },
  "4040201": {
    "LinearID": 4040201,
    "QuestList": [
      4040201
    ],
    "MinLevel": 1,
    "MaxLevel": 999
  },
  "4040202": {
    "LinearID": 4040202,
    "QuestList": [
      4040202
    ],
    "MinLevel": 1,
    "MaxLevel": 999
  },
  "4040203": {
    "LinearID": 4040203,
    "QuestList": [
      4040203
    ],
    "MinLevel": 1,
    "MaxLevel": 999
  },
  "4040301": {
    "LinearID": 4040301,
    "QuestList": [
      4040301
    ],
    "MinLevel": 1,
    "MaxLevel": 999
  },
  "4040401": {
    "LinearID": 4040401,
    "QuestList": [
      4040401
    ],
    "MinLevel": 1,
    "MaxLevel": 999
  },
  "4040501": {
    "LinearID": 4040501,
    "QuestList": [
      4040501
    ],
    "MinLevel": 1,
    "MaxLevel": 999
  },
  "4040601": {
    "LinearID": 4040601,
    "QuestList": [
      4040601
    ],
    "MinLevel": 1,
    "MaxLevel": 999
  },
  "4040701": {
    "LinearID": 4040701,
    "QuestList": [
      4040701
    ],
    "MinLevel": 1,
    "MaxLevel": 999
  },
  "4040702": {
    "LinearID": 4040702,
    "QuestList": [
      4040702
    ],
    "MinLevel": 1,
    "MaxLevel": 999
  },
  "4040703": {
    "LinearID": 4040703,
    "QuestList": [
      4040703
    ],
    "MinLevel": 1,
    "MaxLevel": 999
  },
  "4050101": {
    "LinearID": 4050101,
    "QuestList": [
      4050101
    ],
    "MinLevel": 1,
    "MaxLevel": 999
  },
  "4050102": {
    "LinearID": 4050102,
    "QuestList": [
      4050102
    ],
    "MinLevel": 1,
    "MaxLevel": 999
  },
  "4050103": {
    "LinearID": 4050103,
    "QuestList": [
      4050103
    ],
    "MinLevel": 1,
    "MaxLevel": 999
  },
  "4050201": {
    "LinearID": 4050201,
    "QuestList": [
      4050201
    ],
    "MinLevel": 1,
    "MaxLevel": 999
  },
  "4050202": {
    "LinearID": 4050202,
    "QuestList": [
      4050202
    ],
    "MinLevel": 1,
    "MaxLevel": 999
  },
  "4050203": {
    "LinearID": 4050203,
    "QuestList": [
      4050203
    ],
    "MinLevel": 1,
    "MaxLevel": 999
  },
  "4050301": {
    "LinearID": 4050301,
    "QuestList": [
      4050301
    ],
    "MinLevel": 1,
    "MaxLevel": 999
  },
  "4050302": {
    "LinearID": 4050302,
    "QuestList": [
      4050302
    ],
    "MinLevel": 1,
    "MaxLevel": 999
  },
  "4050303": {
    "LinearID": 4050303,
    "QuestList": [
      4050303
    ],
    "MinLevel": 1,
    "MaxLevel": 999
  },
  "4050305": {
    "LinearID": 4050305,
    "QuestList": [
      4050305
    ],
    "MinLevel": 1,
    "MaxLevel": 999
  },
  "4060101": {
    "LinearID": 4060101,
    "QuestList": [
      4060101
    ],
    "MinLevel": 1,
    "MaxLevel": 999
  },
  "4060102": {
    "LinearID": 4060102,
    "QuestList": [
      4060102
    ],
    "MinLevel": 1,
    "MaxLevel": 999
  },
  "4060103": {
    "LinearID": 4060103,
    "QuestList": [
      4060103
    ],
    "MinLevel": 1,
    "MaxLevel": 999
  },
  "4060201": {
    "LinearID": 4060201,
    "QuestList": [
      4060201
    ],
    "MinLevel": 1,
    "MaxLevel": 999
  },
  "4060202": {
    "LinearID": 4060202,
    "QuestList": [
      4060202
    ],
    "MinLevel": 1,
    "MaxLevel": 999
  },
  "4060203": {
    "LinearID": 4060203,
    "QuestList": [
      4060203
    ],
    "MinLevel": 1,
    "MaxLevel": 999
  },
  "4060301": {
    "LinearID": 4060301,
    "QuestList": [
      4060301
    ],
    "MinLevel": 1,
    "MaxLevel": 999
  },
  "4060302": {
    "LinearID": 4060302,
    "QuestList": [
      4060302
    ],
    "MinLevel": 1,
    "MaxLevel": 999
  },
  "4060303": {
    "LinearID": 4060303,
    "QuestList": [
      4060303
    ],
    "MinLevel": 1,
    "MaxLevel": 999
  },
  "4060401": {
    "LinearID": 4060401,
    "QuestList": [
      4060401
    ],
    "MinLevel": 1,
    "MaxLevel": 999
  },
  "4060402": {
    "LinearID": 4060402,
    "QuestList": [
      4060402
    ],
    "MinLevel": 1,
    "MaxLevel": 999
  },
  "4080101": {
    "LinearID": 4080101,
    "QuestList": [
      4080101
    ],
    "MinLevel": 1,
    "MaxLevel": 999
  },
  "4080102": {
    "LinearID": 4080102,
    "QuestList": [
      4080102
    ],
    "MinLevel": 1,
    "MaxLevel": 999
  },
  "4080201": {
    "LinearID": 4080201,
    "QuestList": [
      4080201
    ],
    "MinLevel": 1,
    "MaxLevel": 999
  },
  "4080202": {
    "LinearID": 4080202,
    "QuestList": [
      4080202
    ],
    "MinLevel": 1,
    "MaxLevel": 999
  },
  "4080203": {
    "LinearID": 4080203,
    "QuestList": [
      4080203
    ],
    "MinLevel": 1,
    "MaxLevel": 999
  },
  "4080301": {
    "LinearID": 4080301,
    "QuestList": [
      4080301
    ],
    "MinLevel": 1,
    "MaxLevel": 999
  },
  "4090101": {
    "LinearID": 4090101,
    "QuestList": [
      4090101
    ],
    "MinLevel": 1,
    "MaxLevel": 999
  },
  "4090102": {
    "LinearID": 4090102,
    "QuestList": [
      4090102
    ],
    "MinLevel": 1,
    "MaxLevel": 999
  },
  "4090103": {
    "LinearID": 4090103,
    "QuestList": [
      4090103
    ],
    "MinLevel": 1,
    "MaxLevel": 999
  },
  "4090301": {
    "LinearID": 4090301,
    "QuestList": [
      4090301
    ],
    "MinLevel": 1,
    "MaxLevel": 999
  },
  "4090302": {
    "LinearID": 4090302,
    "QuestList": [
      4090302
    ],
    "MinLevel": 1,
    "MaxLevel": 999
  },
  "4090303": {
    "LinearID": 4090303,
    "QuestList": [
      4090303
    ],
    "MinLevel": 1,
    "MaxLevel": 999
  },
  "4090401": {
    "LinearID": 4090401,
    "QuestList": [
      4090401
    ],
    "MinLevel": 1,
    "MaxLevel": 999
  },
  "4090402": {
    "LinearID": 4090402,
    "QuestList": [
      4090402
    ],
    "MinLevel": 1,
    "MaxLevel": 999
  },
  "4090403": {
    "LinearID": 4090403,
    "QuestList": [
      4090403
    ],
    "MinLevel": 1,
    "MaxLevel": 999
  },
  "4090501": {
    "LinearID": 4090501,
    "QuestList": [
      4090501
    ],
    "MinLevel": 1,
    "MaxLevel": 999
  },
  "4090502": {
    "LinearID": 4090502,
    "QuestList": [
      4090502
    ],
    "MinLevel": 1,
    "MaxLevel": 999
  },
  "4090503": {
    "LinearID": 4090503,
    "QuestList": [
      4090503
    ],
    "MinLevel": 1,
    "MaxLevel": 999
  },
  "4090601": {
    "LinearID": 4090601,
    "QuestList": [
      4090601
    ],
    "MinLevel": 1,
    "MaxLevel": 999
  },
  "4090602": {
    "LinearID": 4090602,
    "QuestList": [
      4090602
    ],
    "MinLevel": 1,
    "MaxLevel": 999
  },
  "4090603": {
    "LinearID": 4090603,
    "QuestList": [
      4090603
    ],
    "MinLevel": 1,
    "MaxLevel": 999
  },
  "4090701": {
    "LinearID": 4090701,
    "QuestList": [
      4090701
    ],
    "MinLevel": 1,
    "MaxLevel": 999
  },
  "4090702": {
    "LinearID": 4090702,
    "QuestList": [
      4090702
    ],
    "MinLevel": 1,
    "MaxLevel": 999
  },
  "4090801": {
    "LinearID": 4090801,
    "QuestList": [
      4090801
    ],
    "MinLevel": 1,
    "MaxLevel": 999
  },
  "4090901": {
    "LinearID": 4090901,
    "QuestList": [
      4090901
    ],
    "MinLevel": 1,
    "MaxLevel": 999
  },
  "4090902": {
    "LinearID": 4090902,
    "QuestList": [
      4090902
    ],
    "MinLevel": 1,
    "MaxLevel": 999
  },
  "4090903": {
    "LinearID": 4090903,
    "QuestList": [
      4090903
    ],
    "MinLevel": 1,
    "MaxLevel": 999
  },
  "4091001": {
    "LinearID": 4091001,
    "QuestList": [
      4091001
    ],
    "MinLevel": 1,
    "MaxLevel": 999
  },
  "4091002": {
    "LinearID": 4091002,
    "QuestList": [
      4091002
    ],
    "MinLevel": 1,
    "MaxLevel": 999
  },
  "4091003": {
    "LinearID": 4091003,
    "QuestList": [
      4091003
    ],
    "MinLevel": 1,
    "MaxLevel": 999
  },
  "4091301": {
    "LinearID": 4091301,
    "QuestList": [
      4091301
    ],
    "MinLevel": 1,
    "MaxLevel": 999
  },
  "4091302": {
    "LinearID": 4091302,
    "QuestList": [
      4091302
    ],
    "MinLevel": 1,
    "MaxLevel": 999
  },
  "4070101": {
    "LinearID": 4070101,
    "QuestList": [
      4070101
    ],
    "MinLevel": 1,
    "MaxLevel": 999
  },
  "4070201": {
    "LinearID": 4070201,
    "QuestList": [
      4070201
    ],
    "MinLevel": 1,
    "MaxLevel": 999
  },
  "4070301": {
    "LinearID": 4070301,
    "QuestList": [
      4070301
    ],
    "MinLevel": 1,
    "MaxLevel": 999
  },
  "4070302": {
    "LinearID": 4070302,
    "QuestList": [
      4070302
    ],
    "MinLevel": 1,
    "MaxLevel": 999
  },
  "4070401": {
    "LinearID": 4070401,
    "QuestList": [
      4070401
    ],
    "MinLevel": 1,
    "MaxLevel": 999
  },
  "4070402": {
    "LinearID": 4070402,
    "QuestList": [
      4070402
    ],
    "MinLevel": 1,
    "MaxLevel": 999
  },
  "4070501": {
    "LinearID": 4070501,
    "QuestList": [
      4070501
    ],
    "MinLevel": 1,
    "MaxLevel": 999
  },
  "4070502": {
    "LinearID": 4070502,
    "QuestList": [
      4070502
    ],
    "MinLevel": 1,
    "MaxLevel": 999
  },
  "4070601": {
    "LinearID": 4070601,
    "QuestList": [
      4070601
    ],
    "MinLevel": 1,
    "MaxLevel": 999
  },
  "4070602": {
    "LinearID": 4070602,
    "QuestList": [
      4070602
    ],
    "MinLevel": 1,
    "MaxLevel": 999
  },
  "4070603": {
    "LinearID": 4070603,
    "QuestList": [
      4070603
    ],
    "MinLevel": 1,
    "MaxLevel": 999
  },
  "4070604": {
    "LinearID": 4070604,
    "QuestList": [
      4070604
    ],
    "MinLevel": 1,
    "MaxLevel": 999
  },
  "4070701": {
    "LinearID": 4070701,
    "QuestList": [
      4070701
    ],
    "MinLevel": 1,
    "MaxLevel": 999
  },
  "4070702": {
    "LinearID": 4070702,
    "QuestList": [
      4070702
    ],
    "MinLevel": 1,
    "MaxLevel": 999
  },
  "4070703": {
    "LinearID": 4070703,
    "QuestList": [
      4070703
    ],
    "MinLevel": 1,
    "MaxLevel": 999
  },
  "4070605": {
    "LinearID": 4070605,
    "QuestList": [
      4070605
    ],
    "MinLevel": 1,
    "MaxLevel": 999
  },
  "4070801": {
    "LinearID": 4070801,
    "QuestList": [
      4070801
    ],
    "MinLevel": 1,
    "MaxLevel": 999
  },
  "4070802": {
    "LinearID": 4070802,
    "QuestList": [
      4070802
    ],
    "MinLevel": 1,
    "MaxLevel": 999
  },
  "4070901": {
    "LinearID": 4070901,
    "QuestList": [
      4070901
    ],
    "MinLevel": 1,
    "MaxLevel": 999
  },
  "4070902": {
    "LinearID": 4070902,
    "QuestList": [
      4070902
    ],
    "MinLevel": 1,
    "MaxLevel": 999
  },
  "4071001": {
    "LinearID": 4071001,
    "QuestList": [
      4071001
    ],
    "MinLevel": 1,
    "MaxLevel": 999
  },
  "4071101": {
    "LinearID": 4071101,
    "QuestList": [
      4071101
    ],
    "MinLevel": 1,
    "MaxLevel": 999
  },
  "4071102": {
    "LinearID": 4071102,
    "QuestList": [
      4071102
    ],
    "MinLevel": 1,
    "MaxLevel": 999
  },
  "4071002": {
    "LinearID": 4071002,
    "QuestList": [
      4071002
    ],
    "MinLevel": 1,
    "MaxLevel": 999
  },
  "4071003": {
    "LinearID": 4071003,
    "QuestList": [
      4071003
    ],
    "MinLevel": 1,
    "MaxLevel": 999
  },
  "4071004": {
    "LinearID": 4071004,
    "QuestList": [
      4071004
    ],
    "MinLevel": 1,
    "MaxLevel": 999
  },
  "4071005": {
    "LinearID": 4071005,
    "QuestList": [
      4071005
    ],
    "MinLevel": 1,
    "MaxLevel": 999
  },
  "4071201": {
    "LinearID": 4071201,
    "QuestList": [
      4071201
    ],
    "MinLevel": 1,
    "MaxLevel": 999
  },
  "4071202": {
    "LinearID": 4071202,
    "QuestList": [
      4071202
    ],
    "MinLevel": 1,
    "MaxLevel": 999
  },
  "4071301": {
    "LinearID": 4071301,
    "QuestList": [
      4071301
    ],
    "MinLevel": 1,
    "MaxLevel": 999
  },
  "4071401": {
    "LinearID": 4071401,
    "QuestList": [
      4071401
    ],
    "MinLevel": 1,
    "MaxLevel": 999
  },
  "4071402": {
    "LinearID": 4071402,
    "QuestList": [
      4071402
    ],
    "MinLevel": 1,
    "MaxLevel": 999
  },
  "4071701": {
    "LinearID": 4071701,
    "QuestList": [
      4071701
    ],
    "MinLevel": 1,
    "MaxLevel": 999
  },
  "4071702": {
    "LinearID": 4071702,
    "QuestList": [
      4071702
    ],
    "MinLevel": 1,
    "MaxLevel": 999
  },
  "4071703": {
    "LinearID": 4071703,
    "QuestList": [
      4071703
    ],
    "MinLevel": 1,
    "MaxLevel": 999
  },
  "4071705": {
    "LinearID": 4071705,
    "QuestList": [
      4071705
    ],
    "MinLevel": 1,
    "MaxLevel": 999
  },
  "4071706": {
    "LinearID": 4071706,
    "QuestList": [
      4071706
    ],
    "MinLevel": 1,
    "MaxLevel": 999
  },
  "5000001": {
    "LinearID": 5000001,
    "QuestList": [
      5000001
    ],
    "MinLevel": 1,
    "MaxLevel": 999
  },
  "5000002": {
    "LinearID": 5000002,
    "QuestList": [
      5000002
    ],
    "MinLevel": 1,
    "MaxLevel": 999
  },
  "5000003": {
    "LinearID": 5000003,
    "QuestList": [
      5000003
    ],
    "MinLevel": 1,
    "MaxLevel": 999
  },
  "5001001": {
    "LinearID": 5001001,
    "QuestList": [
      5001001
    ],
    "MinLevel": 1,
    "MaxLevel": 999
  },
  "5001002": {
    "LinearID": 5001002,
    "QuestList": [
      5001002
    ],
    "MinLevel": 1,
    "MaxLevel": 999
  },
  "5001003": {
    "LinearID": 5001003,
    "QuestList": [
      5001003
    ],
    "MinLevel": 1,
    "MaxLevel": 999
  },
  "5001004": {
    "LinearID": 5001004,
    "QuestList": [
      5001004
    ],
    "MinLevel": 1,
    "MaxLevel": 999
  },
  "5001005": {
    "LinearID": 5001005,
    "QuestList": [
      5001005
    ],
    "MinLevel": 1,
    "MaxLevel": 999
  },
  "5001007": {
    "LinearID": 5001007,
    "QuestList": [
      5001007
    ],
    "MinLevel": 1,
    "MaxLevel": 999
  },
  "5001008": {
    "LinearID": 5001008,
    "QuestList": [
      5001008
    ],
    "MinLevel": 1,
    "MaxLevel": 999
  },
  "5001009": {
    "LinearID": 5001009,
    "QuestList": [
      5001009
    ],
    "MinLevel": 1,
    "MaxLevel": 999
  },
  "5001010": {
    "LinearID": 5001010,
    "QuestList": [
      5001010
    ],
    "MinLevel": 1,
    "MaxLevel": 999
  },
  "5002001": {
    "LinearID": 5002001,
    "QuestList": [
      5002001
    ],
    "MinLevel": 1,
    "MaxLevel": 999
  },
  "5002002": {
    "LinearID": 5002002,
    "QuestList": [
      5002002
    ],
    "MinLevel": 1,
    "MaxLevel": 999
  },
  "5002003": {
    "LinearID": 5002003,
    "QuestList": [
      5002003
    ],
    "MinLevel": 1,
    "MaxLevel": 999
  },
  "5003001": {
    "LinearID": 5003001,
    "QuestList": [
      5003001
    ],
    "MinLevel": 1,
    "MaxLevel": 999
  },
  "5003002": {
    "LinearID": 5003002,
    "QuestList": [
      5003002
    ],
    "MinLevel": 1,
    "MaxLevel": 999
  },
  "5003003": {
    "LinearID": 5003003,
    "QuestList": [
      5003003
    ],
    "MinLevel": 1,
    "MaxLevel": 999
  },
  "5003004": {
    "LinearID": 5003004,
    "QuestList": [
      5003004
    ],
    "MinLevel": 1,
    "MaxLevel": 999
  },
  "5003101": {
    "LinearID": 5003101,
    "QuestList": [
      5003101
    ],
    "MinLevel": 1,
    "MaxLevel": 999
  },
  "5003102": {
    "LinearID": 5003102,
    "QuestList": [
      5003102
    ],
    "MinLevel": 1,
    "MaxLevel": 999
  },
  "5003103": {
    "LinearID": 5003103,
    "QuestList": [
      5003103
    ],
    "MinLevel": 1,
    "MaxLevel": 999
  },
  "5003104": {
    "LinearID": 5003104,
    "QuestList": [
      5003104
    ],
    "MinLevel": 1,
    "MaxLevel": 999
  },
  "5003105": {
    "LinearID": 5003105,
    "QuestList": [
      5003105
    ],
    "MinLevel": 1,
    "MaxLevel": 999
  },
  "5003106": {
    "LinearID": 5003106,
    "QuestList": [
      5003106
    ],
    "MinLevel": 1,
    "MaxLevel": 999
  },
  "5003201": {
    "LinearID": 5003201,
    "QuestList": [
      5003201
    ],
    "MinLevel": 1,
    "MaxLevel": 999
  },
  "5003202": {
    "LinearID": 5003202,
    "QuestList": [
      5003202
    ],
    "MinLevel": 1,
    "MaxLevel": 999
  },
  "5003203": {
    "LinearID": 5003203,
    "QuestList": [
      5003203
    ],
    "MinLevel": 1,
    "MaxLevel": 999
  },
  "5003204": {
    "LinearID": 5003204,
    "QuestList": [
      5003204
    ],
    "MinLevel": 1,
    "MaxLevel": 999
  },
  "5003205": {
    "LinearID": 5003205,
    "QuestList": [
      5003205
    ],
    "MinLevel": 1,
    "MaxLevel": 999
  },
  "5010001": {
    "LinearID": 5010001,
    "QuestList": [
      5010001
    ],
    "MinLevel": 1,
    "MaxLevel": 999
  },
  "5010002": {
    "LinearID": 5010002,
    "QuestList": [
      5010002
    ],
    "MinLevel": 1,
    "MaxLevel": 999
  },
  "5010003": {
    "LinearID": 5010003,
    "QuestList": [
      5010003
    ],
    "MinLevel": 1,
    "MaxLevel": 999
  },
  "5010004": {
    "LinearID": 5010004,
    "QuestList": [
      5010004
    ],
    "MinLevel": 1,
    "MaxLevel": 999
  },
  "5010005": {
    "LinearID": 5010005,
    "QuestList": [
      5010005
    ],
    "MinLevel": 1,
    "MaxLevel": 999
  },
  "5010006": {
    "LinearID": 5010006,
    "QuestList": [
      5010006
    ],
    "MinLevel": 1,
    "MaxLevel": 999
  },
  "5010007": {
    "LinearID": 5010007,
    "QuestList": [
      5010007
    ],
    "MinLevel": 1,
    "MaxLevel": 999
  },
  "5010008": {
    "LinearID": 5010008,
    "QuestList": [
      5010008
    ],
    "MinLevel": 1,
    "MaxLevel": 999
  },
  "5011002": {
    "LinearID": 5011002,
    "QuestList": [
      5011002
    ],
    "MinLevel": 1,
    "MaxLevel": 999
  },
  "5011003": {
    "LinearID": 5011003,
    "QuestList": [
      5011003
    ],
    "MinLevel": 1,
    "MaxLevel": 999
  },
  "5011004": {
    "LinearID": 5011004,
    "QuestList": [
      5011004
    ],
    "MinLevel": 1,
    "MaxLevel": 999
  },
  "5011005": {
    "LinearID": 5011005,
    "QuestList": [
      5011005
    ],
    "MinLevel": 1,
    "MaxLevel": 999
  },
  "5011006": {
    "LinearID": 5011006,
    "QuestList": [
      5011006
    ],
    "MinLevel": 1,
    "MaxLevel": 999
  },
  "5011007": {
    "LinearID": 5011007,
    "QuestList": [
      5011007
    ],
    "MinLevel": 1,
    "MaxLevel": 999
  },
  "5011008": {
    "LinearID": 5011008,
    "QuestList": [
      5011008
    ],
    "MinLevel": 1,
    "MaxLevel": 999
  },
  "5011009": {
    "LinearID": 5011009,
    "QuestList": [
      5011009
    ],
    "MinLevel": 1,
    "MaxLevel": 999
  },
  "5011010": {
    "LinearID": 5011010,
    "QuestList": [
      5011010
    ],
    "MinLevel": 1,
    "MaxLevel": 999
  },
  "5011011": {
    "LinearID": 5011011,
    "QuestList": [
      5011011
    ],
    "MinLevel": 1,
    "MaxLevel": 999
  },
  "5012007": {
    "LinearID": 5012007,
    "QuestList": [
      5012007
    ],
    "MinLevel": 1,
    "MaxLevel": 999
  },
  "5012025": {
    "LinearID": 5012025,
    "QuestList": [
      5012025
    ],
    "MinLevel": 1,
    "MaxLevel": 999
  },
  "5012026": {
    "LinearID": 5012026,
    "QuestList": [
      5012026
    ],
    "MinLevel": 1,
    "MaxLevel": 999
  },
  "5012027": {
    "LinearID": 5012027,
    "QuestList": [
      5012027
    ],
    "MinLevel": 1,
    "MaxLevel": 999
  },
  "5012028": {
    "LinearID": 5012028,
    "QuestList": [
      5012028
    ],
    "MinLevel": 1,
    "MaxLevel": 999
  },
  "5012029": {
    "LinearID": 5012029,
    "QuestList": [
      5012029
    ],
    "MinLevel": 1,
    "MaxLevel": 999
  },
  "5012031": {
    "LinearID": 5012031,
    "QuestList": [
      5012031
    ],
    "MinLevel": 1,
    "MaxLevel": 999
  },
  "5012032": {
    "LinearID": 5012032,
    "QuestList": [
      5012032
    ],
    "MinLevel": 1,
    "MaxLevel": 999
  },
  "5012033": {
    "LinearID": 5012033,
    "QuestList": [
      5012033
    ],
    "MinLevel": 1,
    "MaxLevel": 999
  },
  "5013001": {
    "LinearID": 5013001,
    "QuestList": [
      5013001
    ],
    "MinLevel": 1,
    "MaxLevel": 999
  },
  "5013002": {
    "LinearID": 5013002,
    "QuestList": [
      5013002
    ],
    "MinLevel": 1,
    "MaxLevel": 999
  },
  "5013003": {
    "LinearID": 5013003,
    "QuestList": [
      5013003
    ],
    "MinLevel": 1,
    "MaxLevel": 999
  },
  "5013004": {
    "LinearID": 5013004,
    "QuestList": [
      5013004
    ],
    "MinLevel": 1,
    "MaxLevel": 999
  },
  "5013005": {
    "LinearID": 5013005,
    "QuestList": [
      5013005
    ],
    "MinLevel": 1,
    "MaxLevel": 999
  },
  "5013006": {
    "LinearID": 5013006,
    "QuestList": [
      5013006
    ],
    "MinLevel": 1,
    "MaxLevel": 999
  },
  "5013007": {
    "LinearID": 5013007,
    "QuestList": [
      5013007
    ],
    "MinLevel": 1,
    "MaxLevel": 999
  },
  "5013008": {
    "LinearID": 5013008,
    "QuestList": [
      5013008
    ],
    "MinLevel": 1,
    "MaxLevel": 999
  },
  "5013009": {
    "LinearID": 5013009,
    "QuestList": [
      5013009
    ],
    "MinLevel": 1,
    "MaxLevel": 999
  },
  "5013010": {
    "LinearID": 5013010,
    "QuestList": [
      5013010
    ],
    "MinLevel": 1,
    "MaxLevel": 999
  },
  "5013011": {
    "LinearID": 5013011,
    "QuestList": [
      5013011
    ],
    "MinLevel": 1,
    "MaxLevel": 999
  },
  "5013012": {
    "LinearID": 5013012,
    "QuestList": [
      5013012
    ],
    "MinLevel": 1,
    "MaxLevel": 999
  },
  "5013013": {
    "LinearID": 5013013,
    "QuestList": [
      5013013
    ],
    "MinLevel": 1,
    "MaxLevel": 999
  },
  "5013015": {
    "LinearID": 5013015,
    "QuestList": [
      5013015
    ],
    "MinLevel": 1,
    "MaxLevel": 999
  },
  "5013016": {
    "LinearID": 5013016,
    "QuestList": [
      5013016
    ],
    "MinLevel": 1,
    "MaxLevel": 999
  },
  "5013017": {
    "LinearID": 5013017,
    "QuestList": [
      5013017
    ],
    "MinLevel": 1,
    "MaxLevel": 999
  },
  "5013018": {
    "LinearID": 5013018,
    "QuestList": [
      5013018
    ],
    "MinLevel": 1,
    "MaxLevel": 999
  },
  "5013019": {
    "LinearID": 5013019,
    "QuestList": [
      5013019
    ],
    "MinLevel": 1,
    "MaxLevel": 999
  },
  "5013020": {
    "LinearID": 5013020,
    "QuestList": [
      5013020
    ],
    "MinLevel": 1,
    "MaxLevel": 999
  },
  "5013021": {
    "LinearID": 5013021,
    "QuestList": [
      5013021
    ],
    "MinLevel": 1,
    "MaxLevel": 999
  },
  "5013022": {
    "LinearID": 5013022,
    "QuestList": [
      5013022
    ],
    "MinLevel": 1,
    "MaxLevel": 999
  },
  "5013023": {
    "LinearID": 5013023,
    "QuestList": [
      5013023
    ],
    "MinLevel": 1,
    "MaxLevel": 999
  },
  "5013024": {
    "LinearID": 5013024,
    "QuestList": [
      5013024
    ],
    "MinLevel": 1,
    "MaxLevel": 999
  },
  "5013025": {
    "LinearID": 5013025,
    "QuestList": [
      5013025
    ],
    "MinLevel": 1,
    "MaxLevel": 999
  },
  "5013026": {
    "LinearID": 5013026,
    "QuestList": [
      5013026
    ],
    "MinLevel": 1,
    "MaxLevel": 999
  },
  "5013027": {
    "LinearID": 5013027,
    "QuestList": [
      5013027
    ],
    "MinLevel": 1,
    "MaxLevel": 999
  },
  "5013028": {
    "LinearID": 5013028,
    "QuestList": [
      5013028
    ],
    "MinLevel": 1,
    "MaxLevel": 999
  },
  "5013029": {
    "LinearID": 5013029,
    "QuestList": [
      5013029
    ],
    "MinLevel": 1,
    "MaxLevel": 999
  },
  "5013031": {
    "LinearID": 5013031,
    "QuestList": [
      5013031
    ],
    "MinLevel": 1,
    "MaxLevel": 999
  },
  "5013032": {
    "LinearID": 5013032,
    "QuestList": [
      5013032
    ],
    "MinLevel": 1,
    "MaxLevel": 999
  },
  "5013033": {
    "LinearID": 5013033,
    "QuestList": [
      5013033
    ],
    "MinLevel": 1,
    "MaxLevel": 999
  },
  "5013034": {
    "LinearID": 5013034,
    "QuestList": [
      5013034
    ],
    "MinLevel": 1,
    "MaxLevel": 999
  },
  "5013036": {
    "LinearID": 5013036,
    "QuestList": [
      5013036
    ],
    "MinLevel": 1,
    "MaxLevel": 999
  },
  "5013037": {
    "LinearID": 5013037,
    "QuestList": [
      5013037
    ],
    "MinLevel": 1,
    "MaxLevel": 999
  },
  "5013038": {
    "LinearID": 5013038,
    "QuestList": [
      5013038
    ],
    "MinLevel": 1,
    "MaxLevel": 999
  }
}