{
  "10000": {
    "PlaneID": 10000,
    "PlaneType": "Train",
    "SubType": 1,
    "WorldID": 100,
    "PlaneName": "PlaneName_10000",
    "StartFloorID": 10000000,
    "FloorIDList": [
      10000000
    ]
  },
  "10001": {
    "PlaneID": 10001,
    "PlaneType": "Town",
    "SubType": 1,
    "WorldID": 101,
    "PlaneName": "PlaneName_10001",
    "StartFloorID": 10001001,
    "FloorIDList": [
      10001001
    ]
  },
  "20001": {
    "PlaneID": 20001,
    "PlaneType": "Maze",
    "SubType": 1,
    "WorldID": 101,
    "PlaneName": "PlaneName_20001",
    "StartFloorID": 20001001,
    "FloorIDList": [
      20001001
    ]
  },
  "20002": {
    "PlaneID": 20002,
    "PlaneType": "Maze",
    "SubType": 1,
    "WorldID": 101,
    "PlaneName": "PlaneName_20002",
    "StartFloorID": 20001001,
    "FloorIDList": [
      20002001
    ]
  },
  "20003": {
    "PlaneID": 20003,
    "PlaneType": "Maze",
    "SubType": 1,
    "WorldID": 101,
    "PlaneName": "PlaneName_20003",
    "StartFloorID": 20001001,
    "FloorIDList": [
      20003001
    ]
  },
  "10101": {
    "PlaneID": 10101,
    "PlaneType": "Town",
    "SubType": 1,
    "WorldID": 201,
    "PlaneName": "PlaneName_10101",
    "StartFloorID": 10101001,
    "FloorIDList": [
      10101001,
      10101002,
      10101003,
      10101004,
      10101005,
      10101006,
      10101007,
      10101008
    ]
  },
  "10102": {
    "PlaneID": 10102,
    "PlaneType": "Town",
    "SubType": 1,
    "WorldID": 201,
    "PlaneName": "PlaneName_10102",
    "StartFloorID": 10102001,
    "FloorIDList": [
      10102001,
      10102002,
      10102003,
      10102004
    ]
  },
  "20101": {
    "PlaneID": 20101,
    "PlaneType": "Maze",
    "SubType": 1,
    "WorldID": 201,
    "PlaneName": "PlaneName_20101",
    "StartFloorID": 20101001,
    "FloorIDList": [
      20101001
    ]
  },
  "20111": {
    "PlaneID": 20111,
    "PlaneType": "Maze",
    "SubType": 1,
    "WorldID": 201,
    "PlaneName": "PlaneName_20111",
    "StartFloorID": 20111001,
    "FloorIDList": [
      20111001
    ]
  },
  "20121": {
    "PlaneID": 20121,
    "PlaneType": "Maze",
    "SubType": 1,
    "WorldID": 201,
    "PlaneName": "PlaneName_20121",
    "StartFloorID": 20121001,
    "FloorIDList": [
      20121001
    ]
  },
  "20122": {
    "PlaneID": 20122,
    "PlaneType": "Maze",
    "SubType": 1,
    "WorldID": 201,
    "PlaneName": "PlaneName_20122",
    "StartFloorID": 20122001,
    "FloorIDList": [
      20122001
    ]
  },
  "20123": {
    "PlaneID": 20123,
    "PlaneType": "Maze",
    "SubType": 1,
    "WorldID": 201,
    "PlaneName": "PlaneName_20123",
    "StartFloorID": 20123001,
    "FloorIDList": [
      20123001
    ]
  },
  "20131": {
    "PlaneID": 20131,
    "PlaneType": "Maze",
    "SubType": 1,
    "WorldID": 201,
    "PlaneName": "PlaneName_20131",
    "StartFloorID": 20131001,
    "FloorIDList": [
      20131001
    ]
  },
  "20132": {
    "PlaneID": 20132,
    "PlaneType": "Maze",
    "SubType": 1,
    "WorldID": 201,
    "PlaneName": "PlaneName_20132",
    "StartFloorID": 20132001,
    "FloorIDList": [
      20132001
    ]
  },
  "20133": {
    "PlaneID": 20133,
    "PlaneType": "Raid",
    "SubType": 1,
    "WorldID": 201,
    "PlaneName": "PlaneName_20133",
    "StartFloorID": 20133001,
    "FloorIDList": [
      20133001,
      20133002
    ]
  },
  "20134": {
    "PlaneID": 20134,
    "PlaneType": "Maze",
    "SubType": 1,
    "WorldID": 201,
    "PlaneName": "PlaneName_20134",
    "StartFloorID": 20134001,
    "FloorIDList": [
      20134001
    ]
  },
  "20100": {
    "PlaneID": 20100,
    "PlaneType": "Raid",
    "SubType": 1,
    "WorldID": 201,
    "PlaneName": "PlaneName_20100",
    "StartFloorID": 20100001,
    "FloorIDList": [
      20100001
    ]
  },
  "30101": {
    "PlaneID": 30101,
    "PlaneType": "Challenge",
    "SubType": 1,
    "WorldID": 201,
    "PlaneName": "PlaneName_30101",
    "StartFloorID": 30101001,
    "FloorIDList": [
      30101001
    ]
  },
  "30102": {
    "PlaneID": 30102,
    "PlaneType": "Challenge",
    "SubType": 1,
    "WorldID": 201,
    "PlaneName": "PlaneName_30102",
    "StartFloorID": 30102001,
    "FloorIDList": [
      30102001
    ]
  },
  "30103": {
    "PlaneID": 30103,
    "PlaneType": "Challenge",
    "SubType": 1,
    "WorldID": 201,
    "PlaneName": "PlaneName_30103",
    "StartFloorID": 30103001,
    "FloorIDList": [
      30103001
    ]
  },
  "30104": {
    "PlaneID": 30104,
    "PlaneType": "Challenge",
    "SubType": 1,
    "WorldID": 201,
    "PlaneName": "PlaneName_30104",
    "StartFloorID": 30104001,
    "FloorIDList": [
      30104001
    ]
  },
  "30105": {
    "PlaneID": 30105,
    "PlaneType": "Challenge",
    "SubType": 1,
    "WorldID": 201,
    "PlaneName": "PlaneName_30105",
    "StartFloorID": 30105001,
    "FloorIDList": [
      30105001
    ]
  },
  "30106": {
    "PlaneID": 30106,
    "PlaneType": "Challenge",
    "SubType": 1,
    "WorldID": 201,
    "PlaneName": "PlaneName_30106",
    "StartFloorID": 30106001,
    "FloorIDList": [
      30106001
    ]
  },
  "30107": {
    "PlaneID": 30107,
    "PlaneType": "Challenge",
    "SubType": 1,
    "WorldID": 201,
    "PlaneName": "PlaneName_30107",
    "StartFloorID": 30107001,
    "FloorIDList": [
      30107001
    ]
  },
  "30108": {
    "PlaneID": 30108,
    "PlaneType": "Challenge",
    "SubType": 1,
    "WorldID": 201,
    "PlaneName": "PlaneName_30108",
    "StartFloorID": 30108001,
    "FloorIDList": [
      30108001
    ]
  },
  "30109": {
    "PlaneID": 30109,
    "PlaneType": "Challenge",
    "SubType": 1,
    "WorldID": 201,
    "PlaneName": "PlaneName_30109",
    "StartFloorID": 30109001,
    "FloorIDList": [
      30109001
    ]
  },
  "30110": {
    "PlaneID": 30110,
    "PlaneType": "Challenge",
    "SubType": 1,
    "WorldID": 201,
    "PlaneName": "PlaneName_30110",
    "StartFloorID": 30110001,
    "FloorIDList": [
      30110001
    ]
  },
  "30111": {
    "PlaneID": 30111,
    "PlaneType": "Challenge",
    "SubType": 1,
    "WorldID": 201,
    "PlaneName": "PlaneName_30111",
    "StartFloorID": 30111001,
    "FloorIDList": [
      30111001
    ]
  },
  "30112": {
    "PlaneID": 30112,
    "PlaneType": "Challenge",
    "SubType": 1,
    "WorldID": 201,
    "PlaneName": "PlaneName_30112",
    "StartFloorID": 30112001,
    "FloorIDList": [
      30112001
    ]
  },
  "30113": {
    "PlaneID": 30113,
    "PlaneType": "Challenge",
    "SubType": 1,
    "WorldID": 201,
    "PlaneName": "PlaneName_30113",
    "StartFloorID": 30113001,
    "FloorIDList": [
      30113001
    ]
  },
  "30114": {
    "PlaneID": 30114,
    "PlaneType": "Challenge",
    "SubType": 1,
    "WorldID": 201,
    "PlaneName": "PlaneName_30114",
    "StartFloorID": 30114001,
    "FloorIDList": [
      30114001
    ]
  },
  "30115": {
    "PlaneID": 30115,
    "PlaneType": "Challenge",
    "SubType": 1,
    "WorldID": 201,
    "PlaneName": "PlaneName_30115",
    "StartFloorID": 30115001,
    "FloorIDList": [
      30115001
    ]
  },
  "30116": {
    "PlaneID": 30116,
    "PlaneType": "Challenge",
    "SubType": 1,
    "WorldID": 201,
    "PlaneName": "PlaneName_30116",
    "StartFloorID": 30116001,
    "FloorIDList": [
      30116001
    ]
  },
  "30117": {
    "PlaneID": 30117,
    "PlaneType": "Challenge",
    "SubType": 1,
    "WorldID": 201,
    "PlaneName": "PlaneName_30117",
    "StartFloorID": 30117001,
    "FloorIDList": [
      30117001
    ]
  },
  "30118": {
    "PlaneID": 30118,
    "PlaneType": "Challenge",
    "SubType": 1,
    "WorldID": 201,
    "PlaneName": "PlaneName_30118",
    "StartFloorID": 30118001,
    "FloorIDList": [
      30118001
    ]
  },
  "30119": {
    "PlaneID": 30119,
    "PlaneType": "Challenge",
    "SubType": 1,
    "WorldID": 201,
    "PlaneName": "PlaneName_30119",
    "StartFloorID": 30119001,
    "FloorIDList": [
      30119001
    ]
  },
  "30120": {
    "PlaneID": 30120,
    "PlaneType": "Raid",
    "SubType": 1,
    "WorldID": 201,
    "PlaneName": "PlaneName_30120",
    "StartFloorID": 30120001,
    "FloorIDList": [
      30120001
    ]
  },
  "30201": {
    "PlaneID": 30201,
    "PlaneType": "Raid",
    "SubType": 1,
    "WorldID": 201,
    "PlaneName": "PlaneName_30201",
    "StartFloorID": 30201001,
    "FloorIDList": [
      30201001,
      30202001,
      30203001,
      30204001,
      30205001,
      30206001
    ]
  },
  "40101": {
    "PlaneID": 40101,
    "PlaneType": "Raid",
    "SubType": 1,
    "WorldID": 201,
    "PlaneName": "PlaneName_40101",
    "StartFloorID": 40101001,
    "FloorIDList": [
      40101001
    ]
  },
  "80101": {
    "PlaneID": 80101,
    "PlaneType": "Rogue",
    "SubType": 1,
    "WorldID": 201,
    "PlaneName": "PlaneName_80101",
    "StartFloorID": 80101001,
    "FloorIDList": [
      80101001
    ]
  },
  "80102": {
    "PlaneID": 80102,
    "PlaneType": "Rogue",
    "SubType": 1,
    "WorldID": 201,
    "PlaneName": "PlaneName_80102",
    "StartFloorID": 80102001,
    "FloorIDList": [
      80102001
    ]
  },
  "80103": {
    "PlaneID": 80103,
    "PlaneType": "Rogue",
    "SubType": 1,
    "WorldID": 201,
    "PlaneName": "PlaneName_80103",
    "StartFloorID": 80103001,
    "FloorIDList": [
      80103001
    ]
  },
  "80104": {
    "PlaneID": 80104,
    "PlaneType": "Rogue",
    "SubType": 1,
    "WorldID": 201,
    "PlaneName": "PlaneName_80104",
    "StartFloorID": 80104001,
    "FloorIDList": [
      80104001,
      80104002,
      80104003
    ]
  },
  "80105": {
    "PlaneID": 80105,
    "PlaneType": "Rogue",
    "SubType": 1,
    "WorldID": 201,
    "PlaneName": "PlaneName_80105",
    "StartFloorID": 80105001,
    "FloorIDList": [
      80105001,
      80105002,
      80105003
    ]
  },
  "80106": {
    "PlaneID": 80106,
    "PlaneType": "Rogue",
    "SubType": 1,
    "WorldID": 201,
    "PlaneName": "PlaneName_80106",
    "StartFloorID": 80106001,
    "FloorIDList": [
      80106001,
      80106002,
      80106003
    ]
  },
  "80107": {
    "PlaneID": 80107,
    "PlaneType": "Rogue",
    "SubType": 1,
    "WorldID": 201,
    "PlaneName": "PlaneName_80107",
    "StartFloorID": 80107001,
    "FloorIDList": [
      80107001
    ]
  },
  "80108": {
    "PlaneID": 80108,
    "PlaneType": "Rogue",
    "SubType": 1,
    "WorldID": 201,
    "PlaneName": "PlaneName_80108",
    "StartFloorID": 80108001,
    "FloorIDList": [
      80108001
    ]
  },
  "80109": {
    "PlaneID": 80109,
    "PlaneType": "Rogue",
    "SubType": 1,
    "WorldID": 201,
    "PlaneName": "PlaneName_80109",
    "StartFloorID": 80109001,
    "FloorIDList": [
      80109001
    ]
  },
  "80110": {
    "PlaneID": 80110,
    "PlaneType": "Rogue",
    "SubType": 1,
    "WorldID": 201,
    "PlaneName": "PlaneName_80110",
    "StartFloorID": 80110001,
    "FloorIDList": [
      80110001
    ]
  },
  "80111": {
    "PlaneID": 80111,
    "PlaneType": "Rogue",
    "SubType": 1,
    "WorldID": 201,
    "PlaneName": "PlaneName_80111",
    "StartFloorID": 80111001,
    "FloorIDList": [
      80111001
    ]
  },
  "80112": {
    "PlaneID": 80112,
    "PlaneType": "Town",
    "SubType": 1,
    "WorldID": 101,
    "PlaneName": "PlaneName_80112",
    "StartFloorID": 80112001,
    "FloorIDList": [
      80112001
    ]
  },
  "80113": {
    "PlaneID": 80113,
    "PlaneType": "Rogue",
    "SubType": 1,
    "WorldID": 201,
    "PlaneName": "PlaneName_80113",
    "StartFloorID": 80113001,
    "FloorIDList": [
      80113001,
      80113002,
      80113003
    ]
  },
  "90201": {
    "PlaneID": 90201,
    "PlaneType": "Maze",
    "SubType": 1,
    "WorldID": 201,
    "PlaneName": "PlaneName_90201",
    "StartFloorID": 90201001,
    "FloorIDList": [
      90201001
    ]
  },
  "90202": {
    "PlaneID": 90202,
    "PlaneType": "Maze",
    "SubType": 1,
    "WorldID": 201,
    "PlaneName": "PlaneName_90202",
    "StartFloorID": 90201002,
    "FloorIDList": [
      90201002
    ]
  },
  "90203": {
    "PlaneID": 90203,
    "PlaneType": "Maze",
    "SubType": 1,
    "WorldID": 201,
    "PlaneName": "PlaneName_90203",
    "StartFloorID": 90201003,
    "FloorIDList": [
      90201003
    ]
  },
  "90204": {
    "PlaneID": 90204,
    "PlaneType": "Maze",
    "SubType": 1,
    "WorldID": 201,
    "PlaneName": "PlaneName_90204",
    "StartFloorID": 90201004,
    "FloorIDList": [
      90201004
    ]
  },
  "90205": {
    "PlaneID": 90205,
    "PlaneType": "Maze",
    "SubType": 1,
    "WorldID": 201,
    "PlaneName": "PlaneName_90205",
    "StartFloorID": 90201005,
    "FloorIDList": [
      90201005
    ]
  },
  "90206": {
    "PlaneID": 90206,
    "PlaneType": "Maze",
    "SubType": 1,
    "WorldID": 201,
    "PlaneName": "PlaneName_90206",
    "StartFloorID": 90201006,
    "FloorIDList": [
      90201006
    ]
  },
  "90207": {
    "PlaneID": 90207,
    "PlaneType": "Maze",
    "SubType": 1,
    "WorldID": 201,
    "PlaneName": "PlaneName_90207",
    "StartFloorID": 90201007,
    "FloorIDList": [
      90201007
    ]
  },
  "90208": {
    "PlaneID": 90208,
    "PlaneType": "Maze",
    "SubType": 1,
    "WorldID": 201,
    "PlaneName": "PlaneName_90208",
    "StartFloorID": 90201008,
    "FloorIDList": [
      90201008
    ]
  },
  "90209": {
    "PlaneID": 90209,
    "PlaneType": "Maze",
    "SubType": 1,
    "WorldID": 201,
    "PlaneName": "PlaneName_90209",
    "StartFloorID": 90201009,
    "FloorIDList": [
      90201009
    ]
  },
  "90210": {
    "PlaneID": 90210,
    "PlaneType": "Maze",
    "SubType": 1,
    "WorldID": 201,
    "PlaneName": "PlaneName_90210",
    "StartFloorID": 90201010,
    "FloorIDList": [
      90201010
    ]
  },
  "90211": {
    "PlaneID": 90211,
    "PlaneType": "Maze",
    "SubType": 1,
    "WorldID": 201,
    "PlaneName": "PlaneName_90211",
    "StartFloorID": 90201011,
    "FloorIDList": [
      90201011
    ]
  },
  "90212": {
    "PlaneID": 90212,
    "PlaneType": "Maze",
    "SubType": 1,
    "WorldID": 201,
    "PlaneName": "PlaneName_90212",
    "StartFloorID": 90201012,
    "FloorIDList": [
      90201012
    ]
  },
  "90301": {
    "PlaneID": 90301,
    "PlaneType": "Maze",
    "SubType": 1,
    "WorldID": 201,
    "PlaneName": "PlaneName_90301",
    "StartFloorID": 90301001,
    "FloorIDList": [
      90301001,
      90301002,
      90301003,
      90301004
    ]
  },
  "90302": {
    "PlaneID": 90302,
    "PlaneType": "Maze",
    "SubType": 1,
    "WorldID": 201,
    "PlaneName": "PlaneName_90302",
    "StartFloorID": 90302001,
    "FloorIDList": [
      90302001
    ]
  },
  "90303": {
    "PlaneID": 90303,
    "PlaneType": "Maze",
    "SubType": 1,
    "WorldID": 201,
    "PlaneName": "PlaneName_90303",
    "StartFloorID": 90303001,
    "FloorIDList": [
      90303001,
      90303002,
      90303003,
      90303004,
      90303005,
      90303006,
      90303007,
      90303008,
      90303009
    ]
  },
  "90401": {
    "PlaneID": 90401,
    "PlaneType": "Maze",
    "SubType": 1,
    "WorldID": 201,
    "PlaneName": "PlaneName_90401",
    "StartFloorID": 90401001,
    "FloorIDList": [
      90401001
    ]
  },
  "90501": {
    "PlaneID": 90501,
    "PlaneType": "Train",
    "SubType": 1,
    "WorldID": 201,
    "PlaneName": "PlaneName_90501",
    "StartFloorID": 90501001,
    "FloorIDList": [
      90501001,
      90501002,
      90501003,
      90501004,
      90501005,
      90501006,
      90501007
    ]
  },
  "90101": {
    "PlaneID": 90101,
    "PlaneType": "Maze",
    "SubType": 1,
    "WorldID": 201,
    "PlaneName": "PlaneName_90101",
    "StartFloorID": 90101001,
    "FloorIDList": [
      90101001,
      90101002,
      90101003,
      90101004,
      90101005,
      90101006,
      90101007,
      90101008,
      90101009,
      90101010,
      90101011,
      90101012,
      90101013
    ]
  },
  "90134": {
    "PlaneID": 90134,
    "PlaneType": "Maze",
    "SubType": 1,
    "WorldID": 201,
    "PlaneName": "PlaneName_90134",
    "StartFloorID": 90134001,
    "FloorIDList": [
      90134001
    ]
  },
  "90000": {
    "PlaneID": 90000,
    "PlaneType": "Maze",
    "SubType": 1,
    "WorldID": 201,
    "PlaneName": "PlaneName_90000",
    "StartFloorID": 90000,
    "FloorIDList": [
      90000
    ]
  },
  "90001": {
    "PlaneID": 90001,
    "PlaneType": "Maze",
    "SubType": 1,
    "WorldID": 201,
    "PlaneName": "PlaneName_90001",
    "StartFloorID": 90001,
    "FloorIDList": [
      90001
    ]
  },
  "90002": {
    "PlaneID": 90002,
    "PlaneType": "Maze",
    "SubType": 1,
    "WorldID": 201,
    "PlaneName": "PlaneName_90002",
    "StartFloorID": 90002,
    "FloorIDList": [
      90002,
      9000201,
      90002001,
      90002002
    ]
  },
  "90003": {
    "PlaneID": 90003,
    "PlaneType": "Town",
    "SubType": 1,
    "WorldID": 201,
    "PlaneName": "PlaneName_90003",
    "StartFloorID": 90003001,
    "FloorIDList": [
      90003001
    ]
  },
  "99991": {
    "PlaneID": 99991,
    "PlaneType": "Maze",
    "SubType": 1,
    "WorldID": 201,
    "PlaneName": "PlaneName_99991",
    "StartFloorID": 99991001,
    "FloorIDList": [
      99991001
    ]
  },
  "99992": {
    "PlaneID": 99992,
    "PlaneType": "Maze",
    "SubType": 1,
    "WorldID": 201,
    "PlaneName": "PlaneName_99992",
    "StartFloorID": 99992,
    "FloorIDList": [
      99992
    ]
  },
  "99993": {
    "PlaneID": 99993,
    "PlaneType": "Maze",
    "SubType": 1,
    "WorldID": 201,
    "PlaneName": "PlaneName_99993",
    "StartFloorID": 99993001,
    "FloorIDList": [
      99993001
    ]
  },
  "99994": {
    "PlaneID": 99994,
    "PlaneType": "Maze",
    "SubType": 1,
    "WorldID": 201,
    "PlaneName": "PlaneName_99994",
    "StartFloorID": 99994,
    "FloorIDList": [
      99994
    ]
  },
  "99995": {
    "PlaneID": 99995,
    "PlaneType": "Maze",
    "SubType": 1,
    "WorldID": 201,
    "PlaneName": "PlaneName_99995",
    "StartFloorID": 99995,
    "FloorIDList": [
      99995
    ]
  },
  "99997": {
    "PlaneID": 99997,
    "PlaneType": "Maze",
    "SubType": 1,
    "WorldID": 201,
    "PlaneName": "PlaneName_99997",
    "StartFloorID": 99997001,
    "FloorIDList": [
      99997001
    ]
  },
  "99998": {
    "PlaneID": 99998,
    "PlaneType": "Maze",
    "SubType": 1,
    "WorldID": 201,
    "PlaneName": "PlaneName_99998",
    "StartFloorID": 99998,
    "FloorIDList": [
      99998,
      99998001,
      99998002,
      99998003
    ]
  },
  "99999": {
    "PlaneID": 99999,
    "PlaneType": "Maze",
    "SubType": 1,
    "WorldID": 201,
    "PlaneName": "PlaneName_99999",
    "StartFloorID": 99999001,
    "FloorIDList": [
      99999001
    ]
  }
}