{
  "Player": {
    "CampID": "Player",
    "HostileCampList": [
      3,
      4
    ]
  },
  "MazePlayerAlly": {
    "CampID": "MazePlayerAlly",
    "HostileCampList": [
      3,
      4
    ]
  },
  "NpcMonster": {
    "CampID": "NpcMonster",
    "HostileCampList": [
      1,
      2,
      4
    ]
  },
  "Prop": {
    "CampID": "Prop",
    "HostileCampList": [
      1,
      2,
      3
    ]
  },
  "Neutral": {
    "CampID": "Neutral",
    "HostileCampList": []
  }
}