{
  "1000": {
    "ID": 1000,
    "Name": {
      "hash": 199632833
    },
    "IconPath": "SpriteOutput/AvatarRoundIcon/UI_Message_Contacts_Pam.png",
    "SignatureText": {
      "hash": -1139910158
    }
  },
  "1001": {
    "ID": 1001,
    "Name": {
      "hash": 1765716774
    },
    "IconPath": "SpriteOutput/AvatarRoundIcon/1001.png",
    "SignatureText": {
      "hash": -1139910157
    }
  },
  "1002": {
    "ID": 1002,
    "Name": {
      "hash": -963166581
    },
    "IconPath": "SpriteOutput/AvatarRoundIcon/1002.png",
    "SignatureText": {
      "hash": -1139910160
    }
  },
  "1003": {
    "ID": 1003,
    "Name": {
      "hash": 602917360
    },
    "IconPath": "SpriteOutput/AvatarRoundIcon/1003.png",
    "SignatureText": {
      "hash": -1139910159
    }
  },
  "1004": {
    "ID": 1004,
    "Name": {
      "hash": -2125965995
    },
    "IconPath": "SpriteOutput/AvatarRoundIcon/1004.png",
    "SignatureText": {
      "hash": -1139910154
    }
  },
  "1005": {
    "ID": 1005,
    "Name": {
      "hash": -559882054
    },
    "IconPath": "SpriteOutput/AvatarRoundIcon/1005.png",
    "SignatureText": {
      "hash": -1139910153
    }
  },
  "1006": {
    "ID": 1006,
    "Name": {
      "hash": 1006201887
    },
    "IconPath": "SpriteOutput/AvatarRoundIcon/1006.png",
    "SignatureText": {
      "hash": -1139910156
    }
  },
  "1008": {
    "ID": 1008,
    "Name": {
      "hash": -156597527
    },
    "IconPath": "SpriteOutput/AvatarRoundIcon/1008.png",
    "SignatureText": {
      "hash": -1139910166
    }
  },
  "1009": {
    "ID": 1009,
    "Name": {
      "hash": 1409486414
    },
    "IconPath": "SpriteOutput/AvatarRoundIcon/1009.png",
    "SignatureText": {
      "hash": -1139910165
    }
  },
  "1013": {
    "ID": 1013,
    "Name": {
      "hash": 602917359
    },
    "IconPath": "SpriteOutput/AvatarRoundIcon/1013.png",
    "SignatureText": {
      "hash": 426173782
    }
  },
  "1102": {
    "ID": 1102,
    "Name": {
      "hash": 623120336
    },
    "IconPath": "SpriteOutput/AvatarRoundIcon/1102.png",
    "SignatureText": {
      "hash": -1139910191
    }
  },
  "1103": {
    "ID": 1103,
    "Name": {
      "hash": -942963605
    },
    "IconPath": "SpriteOutput/AvatarRoundIcon/1103.png",
    "SignatureText": {
      "hash": -1139910192
    }
  },
  "1104": {
    "ID": 1104,
    "Name": {
      "hash": -539679078
    },
    "IconPath": "SpriteOutput/AvatarRoundIcon/1104.png",
    "SignatureText": {
      "hash": -1139910185
    }
  },
  "1105": {
    "ID": 1105,
    "Name": {
      "hash": -2105763019
    },
    "IconPath": "SpriteOutput/AvatarRoundIcon/1105.png",
    "SignatureText": {
      "hash": -1139910186
    }
  },
  "1106": {
    "ID": 1106,
    "Name": {
      "hash": -1702478492
    },
    "IconPath": "SpriteOutput/AvatarRoundIcon/1106.png",
    "SignatureText": {
      "hash": -1139910187
    }
  },
  "1107": {
    "ID": 1107,
    "Name": {
      "hash": 1026404863
    },
    "IconPath": "SpriteOutput/AvatarRoundIcon/1107.png",
    "SignatureText": {
      "hash": -1139910188
    }
  },
  "1108": {
    "ID": 1108,
    "Name": {
      "hash": 1429689390
    },
    "IconPath": "SpriteOutput/AvatarRoundIcon/1108.png",
    "SignatureText": {
      "hash": -1139910197
    }
  },
  "1109": {
    "ID": 1109,
    "Name": {
      "hash": -136394551
    },
    "IconPath": "SpriteOutput/AvatarRoundIcon/1109.png",
    "SignatureText": {
      "hash": -1139910198
    }
  },
  "8001": {
    "ID": 8001,
    "Name": {
      "hash": 1765716941
    },
    "IconPath": "SpriteOutput/AvatarRoundIcon/8001.png",
    "SignatureText": {
      "hash": 721795216
    }
  },
  "1": {
    "ID": 1,
    "Name": {
      "hash": 1558881649
    },
    "IconPath": "SpriteOutput/AvatarRoundIcon/UI_Message_Contacts_Wenmingde.png",
    "SignatureText": {
      "hash": 194120738
    }
  },
  "2": {
    "ID": 2,
    "Name": {
      "hash": 1558881650
    },
    "IconPath": "SpriteOutput/AvatarRoundIcon/UI_Message_Contacts_DoctorDig.png",
    "SignatureText": {
      "hash": 597405265
    }
  },
  "3": {
    "ID": 3,
    "Name": {
      "hash": 1558881651
    },
    "IconPath": "SpriteOutput/AvatarRoundIcon/UI_Message_Contacts_Anonymous.png",
    "SignatureText": {
      "hash": -968678676
    }
  },
  "4": {
    "ID": 4,
    "Name": {
      "hash": 1558881652
    },
    "IconPath": "SpriteOutput/AvatarRoundIcon/UI_Message_Contacts_Donne.png",
    "SignatureText": {
      "hash": -565394149
    }
  },
  "5": {
    "ID": 5,
    "Name": {
      "hash": 1558881653
    },
    "IconPath": "SpriteOutput/AvatarRoundIcon/UI_Message_Contacts_Rocky.png",
    "SignatureText": {
      "hash": -2131478090
    }
  },
  "6": {
    "ID": 6,
    "Name": {
      "hash": 1558881654
    },
    "IconPath": "SpriteOutput/AvatarRoundIcon/UI_Message_Contacts_Anonymous.png",
    "SignatureText": {
      "hash": -1728193563
    }
  },
  "7": {
    "ID": 7,
    "Name": {
      "hash": 1558881655
    },
    "IconPath": "SpriteOutput/AvatarRoundIcon/UI_Message_Contacts_Anonymous.png",
    "SignatureText": {
      "hash": 1000689792
    }
  },
  "8": {
    "ID": 8,
    "Name": {
      "hash": 1558881656
    },
    "IconPath": "SpriteOutput/AvatarRoundIcon/UI_Message_Contacts_Abraham.png",
    "SignatureText": {
      "hash": 2116435039
    }
  },
  "9": {
    "ID": 9,
    "Name": {
      "hash": 1558881657
    },
    "IconPath": "SpriteOutput/AvatarRoundIcon/UI_Message_Contacts_Anonymous.png",
    "SignatureText": {
      "hash": 550351098
    }
  },
  "10": {
    "ID": 10,
    "Name": {
      "hash": 1546266049
    },
    "IconPath": "SpriteOutput/AvatarRoundIcon/UI_Message_Contacts_Julian.png",
    "SignatureText": {
      "hash": -273254062
    }
  },
  "11": {
    "ID": 11,
    "Name": {
      "hash": -1182617306
    },
    "IconPath": "SpriteOutput/AvatarRoundIcon/UI_Message_Contacts_Julian.png",
    "SignatureText": {
      "hash": -273254061
    }
  },
  "12": {
    "ID": 12,
    "Name": {
      "hash": 383466635
    },
    "IconPath": "SpriteOutput/AvatarRoundIcon/UI_Message_Contacts_Oleg.png",
    "SignatureText": {
      "hash": -273254064
    }
  }
}