{
  "10001": {
    "ID": 10001,
    "Name": {
      "hash": -1967184420
    },
    "MessageContactsID": 1001,
    "MessageSectionIDList": [
      1000100
    ]
  },
  "10002": {
    "ID": 10002,
    "Name": {
      "hash": -1563899893
    },
    "MessageContactsID": 1013,
    "MessageSectionIDList": [
      1000200
    ]
  },
  "10100": {
    "ID": 10100,
    "Name": {
      "hash": 902861436
    },
    "MessageContactsID": 1008,
    "MessageSectionIDList": [
      1010000
    ]
  },
  "10101": {
    "ID": 10101,
    "Name": {
      "hash": -1826021919
    },
    "MessageContactsID": 1009,
    "MessageSectionIDList": [
      1010100
    ]
  },
  "10102": {
    "ID": 10102,
    "Name": {
      "hash": -259937978
    },
    "MessageContactsID": 1,
    "MessageSectionIDList": [
      1010200
    ]
  },
  "10103": {
    "ID": 10103,
    "Name": {
      "hash": 1306145963
    },
    "MessageContactsID": 8,
    "MessageSectionIDList": [
      1010300
    ]
  },
  "10104": {
    "ID": 10104,
    "Name": {
      "hash": -1422737392
    },
    "MessageContactsID": 5,
    "MessageSectionIDList": [
      1010400
    ]
  },
  "10105": {
    "ID": 10105,
    "Name": {
      "hash": 143346549
    },
    "MessageContactsID": 1009,
    "MessageSectionIDList": [
      1010500
    ]
  },
  "10106": {
    "ID": 10106,
    "Name": {
      "hash": 1709430490
    },
    "MessageContactsID": 6,
    "MessageSectionIDList": [
      1010600
    ]
  },
  "10107": {
    "ID": 10107,
    "Name": {
      "hash": -1019452865
    },
    "MessageContactsID": 1008,
    "MessageSectionIDList": [
      1010700
    ]
  },
  "10108": {
    "ID": 10108,
    "Name": {
      "hash": 1259091796
    },
    "MessageContactsID": 7,
    "MessageSectionIDList": [
      1010800
    ]
  },
  "11500": {
    "ID": 11500,
    "Name": {
      "hash": 1467511409
    },
    "MessageContactsID": 1000,
    "MessageSectionIDList": [
      1150000
    ]
  },
  "11501": {
    "ID": 11501,
    "Name": {
      "hash": -1261371946
    },
    "MessageContactsID": 1000,
    "MessageSectionIDList": [
      1150100
    ]
  },
  "11502": {
    "ID": 11502,
    "Name": {
      "hash": 304711995
    },
    "MessageContactsID": 1000,
    "MessageSectionIDList": [
      1150200
    ]
  },
  "11503": {
    "ID": 11503,
    "Name": {
      "hash": 1870795936
    },
    "MessageContactsID": 1004,
    "MessageSectionIDList": [
      1150300
    ]
  },
  "11504": {
    "ID": 11504,
    "Name": {
      "hash": -501857059
    },
    "MessageContactsID": 1004,
    "MessageSectionIDList": [
      1150400
    ]
  },
  "11505": {
    "ID": 11505,
    "Name": {
      "hash": 1064226882
    },
    "MessageContactsID": 1004,
    "MessageSectionIDList": [
      1150500
    ]
  },
  "11506": {
    "ID": 11506,
    "Name": {
      "hash": -1664656473
    },
    "MessageContactsID": 1000,
    "MessageSectionIDList": [
      1150600
    ]
  },
  "11507": {
    "ID": 11507,
    "Name": {
      "hash": -98572532
    },
    "MessageContactsID": 1000,
    "MessageSectionIDList": [
      1150700
    ]
  },
  "11508": {
    "ID": 11508,
    "Name": {
      "hash": 1823741769
    },
    "MessageContactsID": 1000,
    "MessageSectionIDList": [
      1150800
    ]
  },
  "11509": {
    "ID": 11509,
    "Name": {
      "hash": -905141586
    },
    "MessageContactsID": 1000,
    "MessageSectionIDList": [
      1150900
    ]
  },
  "11510": {
    "ID": 11510,
    "Name": {
      "hash": 1467511408
    },
    "MessageContactsID": 1004,
    "MessageSectionIDList": [
      1151000
    ]
  },
  "11511": {
    "ID": 11511,
    "Name": {
      "hash": -1261371947
    },
    "MessageContactsID": 1004,
    "MessageSectionIDList": [
      1151100
    ]
  },
  "11512": {
    "ID": 11512,
    "Name": {
      "hash": 304711994
    },
    "MessageContactsID": 1004,
    "MessageSectionIDList": [
      1151200
    ]
  },
  "11513": {
    "ID": 11513,
    "Name": {
      "hash": 1870795935
    },
    "MessageContactsID": 9,
    "MessageSectionIDList": [
      1151300
    ]
  },
  "11514": {
    "ID": 11514,
    "Name": {
      "hash": -501857060
    },
    "MessageContactsID": 1004,
    "MessageSectionIDList": [
      1151400
    ]
  },
  "11515": {
    "ID": 11515,
    "Name": {
      "hash": 1064226881
    },
    "MessageContactsID": 1013,
    "MessageSectionIDList": [
      1151500
    ]
  },
  "11516": {
    "ID": 11516,
    "Name": {
      "hash": -1664656474
    },
    "MessageContactsID": 1013,
    "MessageSectionIDList": [
      1151600
    ]
  },
  "11517": {
    "ID": 11517,
    "Name": {
      "hash": -98572533
    },
    "MessageContactsID": 1004,
    "MessageSectionIDList": [
      1151700
    ]
  },
  "11518": {
    "ID": 11518,
    "Name": {
      "hash": 1823741768
    },
    "MessageContactsID": 1004,
    "MessageSectionIDList": [
      1151800
    ]
  },
  "11519": {
    "ID": 11519,
    "Name": {
      "hash": -905141587
    },
    "MessageContactsID": 1004,
    "MessageSectionIDList": [
      1151900
    ]
  },
  "11100": {
    "ID": 11100,
    "Name": {
      "hash": 902861405
    },
    "MessageContactsID": 2,
    "MessageSectionIDList": [
      1110000
    ]
  },
  "11101": {
    "ID": 11101,
    "Name": {
      "hash": -1826021950
    },
    "MessageContactsID": 3,
    "MessageSectionIDList": [
      1110100
    ]
  },
  "11102": {
    "ID": 11102,
    "Name": {
      "hash": -259938009
    },
    "MessageContactsID": 1108,
    "MessageSectionIDList": [
      1110200
    ]
  },
  "11103": {
    "ID": 11103,
    "Name": {
      "hash": 1306145932
    },
    "MessageContactsID": 1109,
    "MessageSectionIDList": [
      1110300
    ]
  },
  "11104": {
    "ID": 11104,
    "Name": {
      "hash": -1422737423
    },
    "MessageContactsID": 4,
    "MessageSectionIDList": [
      1110400
    ]
  },
  "11105": {
    "ID": 11105,
    "Name": {
      "hash": 143346518
    },
    "MessageContactsID": 1103,
    "MessageSectionIDList": [
      1110500
    ]
  },
  "11106": {
    "ID": 11106,
    "Name": {
      "hash": 1709430459
    },
    "MessageContactsID": 11,
    "MessageSectionIDList": [
      1110600
    ]
  },
  "11107": {
    "ID": 11107,
    "Name": {
      "hash": -1019452896
    },
    "MessageContactsID": 12,
    "MessageSectionIDList": [
      1110700
    ]
  },
  "11108": {
    "ID": 11108,
    "Name": {
      "hash": 1259091765
    },
    "MessageContactsID": 1105,
    "MessageSectionIDList": [
      1110800
    ]
  }
}