{
  "1": {
    "ID": 1,
    "IconPath": "SpriteOutput/MapPics/NaviIcons/IconMapPlayer.png",
    "IconOrientetionSwitch": false,
    "IconName": "MazeText_Empty",
    "isShowinMap": true,
    "isShowLayer": false,
    "IsShowInBillboard": false,
    "BillboardIconPath": "",
    "MissionIconPath": "SpriteOutput/MapPics/Billboard/IconBillboardNpc.png",
    "ConnectID": 0
  },
  "2": {
    "ID": 2,
    "IconPath": "SpriteOutput/MapPics/NaviIcons/IconNormalNPC.png",
    "IconOrientetionSwitch": false,
    "IconName": "MazeText_Empty",
    "isShowinMap": false,
    "isShowLayer": false,
    "IsShowInBillboard": false,
    "BillboardIconPath": "",
    "MissionIconPath": "SpriteOutput/MapPics/Billboard/IconBillboardNpc.png",
    "ConnectID": 0
  },
  "3": {
    "ID": 3,
    "IconPath": "SpriteOutput/MapPics/NaviIcons/IconMapNpc.png",
    "IconOrientetionSwitch": false,
    "IconName": "MazeText_Empty",
    "isShowinMap": false,
    "isShowLayer": true,
    "IsShowInBillboard": false,
    "BillboardIconPath": "SpriteOutput/MapPics/Billboard/IconBillboardNpc.png",
    "MissionIconPath": "SpriteOutput/MapPics/Billboard/IconBillboardNpc.png",
    "ConnectID": 0
  },
  "4": {
    "ID": 4,
    "IconPath": "SpriteOutput/MapPics/NaviIcons/IconMapshop.png",
    "IconOrientetionSwitch": false,
    "IconName": "MazeText_Empty",
    "isShowinMap": true,
    "isShowLayer": false,
    "IsShowInBillboard": true,
    "BillboardIconPath": "SpriteOutput/MapPics/Billboard/IconBillboardShop.png",
    "MissionIconPath": "SpriteOutput/MapPics/Billboard/IconBillboardNpc.png",
    "ConnectID": 0
  },
  "5": {
    "ID": 5,
    "IconPath": "SpriteOutput/MapPics/NaviIcons/IconMapFoe.png",
    "IconOrientetionSwitch": true,
    "IconName": "MazeText_Empty",
    "isShowinMap": true,
    "isShowLayer": false,
    "IsShowInBillboard": false,
    "BillboardIconPath": "",
    "MissionIconPath": "SpriteOutput/MapPics/Billboard/IconBillboardNpc.png",
    "ConnectID": 0
  },
  "6": {
    "ID": 6,
    "IconPath": "SpriteOutput/MapPics/NaviIcons/IconMapBoss.png",
    "IconOrientetionSwitch": false,
    "IconName": "MazeText_Empty",
    "isShowinMap": true,
    "isShowLayer": false,
    "IsShowInBillboard": false,
    "BillboardIconPath": "",
    "MissionIconPath": "SpriteOutput/MapPics/Billboard/IconBillboardNpc.png",
    "ConnectID": 0
  },
  "7": {
    "ID": 7,
    "IconPath": "SpriteOutput/MapPics/NaviIcons/IconMapBox.png",
    "IconOrientetionSwitch": false,
    "IconName": "MazeText_Empty",
    "isShowinMap": true,
    "isShowLayer": false,
    "IsShowInBillboard": true,
    "BillboardIconPath": "SpriteOutput/MapPics/Billboard/IconBillboardBox.png",
    "MissionIconPath": "SpriteOutput/MapPics/Billboard/IconBillboardNpc.png",
    "ConnectID": 0
  },
  "8": {
    "ID": 8,
    "IconPath": "SpriteOutput/MapPics/NaviIcons/IconMapMazePortal.png",
    "IconOrientetionSwitch": false,
    "IconName": "MazeText_Empty",
    "isShowinMap": true,
    "isShowLayer": true,
    "IsShowInBillboard": true,
    "BillboardIconPath": "SpriteOutput/MapPics/Billboard/IconBillboardPortal.png",
    "MissionIconPath": "SpriteOutput/MapPics/Billboard/IconBillboardNpc.png",
    "ConnectID": 0
  },
  "9": {
    "ID": 9,
    "IconPath": "SpriteOutput/MapPics/NaviIcons/IconMapControl.png",
    "IconOrientetionSwitch": false,
    "IconName": "MazeText_Empty",
    "isShowinMap": true,
    "isShowLayer": false,
    "IsShowInBillboard": true,
    "BillboardIconPath": "SpriteOutput/MapPics/Billboard/IconBillboardControl.png",
    "MissionIconPath": "SpriteOutput/MapPics/Billboard/IconBillboardNpc.png",
    "ConnectID": 0
  },
  "10": {
    "ID": 10,
    "IconPath": "SpriteOutput/MapPics/NaviIcons/IconMapMazePortal2.png",
    "IconOrientetionSwitch": false,
    "IconName": "MazeText_Empty",
    "isShowinMap": false,
    "isShowLayer": true,
    "IsShowInBillboard": false,
    "BillboardIconPath": "",
    "MissionIconPath": "SpriteOutput/MapPics/Billboard/IconBillboardNpc.png",
    "ConnectID": 0
  },
  "11": {
    "ID": 11,
    "IconPath": "SpriteOutput/MapPics/NaviIcons/IconMapExit.png",
    "IconOrientetionSwitch": false,
    "IconName": "MazeText_Empty",
    "isShowinMap": true,
    "isShowLayer": false,
    "IsShowInBillboard": false,
    "BillboardIconPath": "",
    "MissionIconPath": "SpriteOutput/MapPics/Billboard/IconBillboardNpc.png",
    "ConnectID": 0
  },
  "12": {
    "ID": 12,
    "IconPath": "SpriteOutput/MapPics/NaviIcons/IconMapExit.png",
    "IconOrientetionSwitch": false,
    "IconName": "MazeText_Empty",
    "isShowinMap": false,
    "isShowLayer": false,
    "IsShowInBillboard": true,
    "BillboardIconPath": "SpriteOutput/MapPics/Billboard/IconBillboardTalk.png",
    "MissionIconPath": "SpriteOutput/Mission/GuideIcon/IconMainStoryMission02.png",
    "ConnectID": 0
  },
  "13": {
    "ID": 13,
    "IconPath": "SpriteOutput/MapPics/NaviIcons/IconMapEntrance.png",
    "IconOrientetionSwitch": false,
    "IconName": "MazeText_Empty",
    "isShowinMap": true,
    "isShowLayer": false,
    "IsShowInBillboard": false,
    "BillboardIconPath": "",
    "MissionIconPath": "SpriteOutput/MapPics/Billboard/IconBillboardNpc.png",
    "ConnectID": 0
  },
  "21": {
    "ID": 21,
    "IconPath": "SpriteOutput/MapPics/NaviIcons/IconMapMainMission01.png",
    "IconOrientetionSwitch": false,
    "IconName": "MazeText_Empty",
    "isShowinMap": true,
    "isShowLayer": true,
    "IsShowInBillboard": true,
    "BillboardIconPath": "SpriteOutput/MapPics/Billboard/IconBillboardMainMission01.png",
    "MissionIconPath": "SpriteOutput/Mission/GuideIcon/IconMainStoryMission01.png",
    "ConnectID": 45
  },
  "22": {
    "ID": 22,
    "IconPath": "SpriteOutput/MapPics/NaviIcons/IconMapMainMission02.png",
    "IconOrientetionSwitch": false,
    "IconName": "MazeText_Empty",
    "isShowinMap": true,
    "isShowLayer": true,
    "IsShowInBillboard": true,
    "BillboardIconPath": "SpriteOutput/MapPics/Billboard/IconBillboardMainMission02.png",
    "MissionIconPath": "SpriteOutput/Mission/GuideIcon/IconMainStoryMission02.png",
    "ConnectID": 45
  },
  "23": {
    "ID": 23,
    "IconPath": "SpriteOutput/MapPics/NaviIcons/IconMapMainMission03.png",
    "IconOrientetionSwitch": false,
    "IconName": "MazeText_Empty",
    "isShowinMap": true,
    "isShowLayer": true,
    "IsShowInBillboard": true,
    "BillboardIconPath": "SpriteOutput/MapPics/Billboard/IconBillboardMainMission03.png",
    "MissionIconPath": "SpriteOutput/Mission/GuideIcon/IconMainStoryMission03.png",
    "ConnectID": 45
  },
  "24": {
    "ID": 24,
    "IconPath": "SpriteOutput/MapPics/NaviIcons/IconMapSubStoryMission01.png",
    "IconOrientetionSwitch": false,
    "IconName": "MazeText_Empty",
    "isShowinMap": true,
    "isShowLayer": true,
    "IsShowInBillboard": true,
    "BillboardIconPath": "SpriteOutput/MapPics/Billboard/IconBillboardSubStoryMission01.png",
    "MissionIconPath": "SpriteOutput/Mission/GuideIcon/IconSubStoryMission01.png",
    "ConnectID": 46
  },
  "25": {
    "ID": 25,
    "IconPath": "SpriteOutput/MapPics/NaviIcons/IconMapSubStoryMission02.png",
    "IconOrientetionSwitch": false,
    "IconName": "MazeText_Empty",
    "isShowinMap": true,
    "isShowLayer": true,
    "IsShowInBillboard": true,
    "BillboardIconPath": "SpriteOutput/MapPics/Billboard/IconBillboardSubStoryMission02.png",
    "MissionIconPath": "SpriteOutput/Mission/GuideIcon/IconSubStoryMission02.png",
    "ConnectID": 46
  },
  "26": {
    "ID": 26,
    "IconPath": "SpriteOutput/MapPics/NaviIcons/IconMapSubStoryMission03.png",
    "IconOrientetionSwitch": false,
    "IconName": "MazeText_Empty",
    "isShowinMap": true,
    "isShowLayer": true,
    "IsShowInBillboard": true,
    "BillboardIconPath": "SpriteOutput/MapPics/Billboard/IconBillboardSubStoryMission03.png",
    "MissionIconPath": "SpriteOutput/Mission/GuideIcon/IconSubStoryMission03.png",
    "ConnectID": 46
  },
  "27": {
    "ID": 27,
    "IconPath": "SpriteOutput/MapPics/NaviIcons/IconMapDailyMission01.png",
    "IconOrientetionSwitch": false,
    "IconName": "MazeText_Empty",
    "isShowinMap": true,
    "isShowLayer": true,
    "IsShowInBillboard": true,
    "BillboardIconPath": "SpriteOutput/MapPics/Billboard/IconBillboardDailyMission01.png",
    "MissionIconPath": "SpriteOutput/Mission/GuideIcon/IconDailyMission01.png",
    "ConnectID": 47
  },
  "28": {
    "ID": 28,
    "IconPath": "SpriteOutput/MapPics/NaviIcons/IconMapDailyMission02.png",
    "IconOrientetionSwitch": false,
    "IconName": "MazeText_Empty",
    "isShowinMap": true,
    "isShowLayer": true,
    "IsShowInBillboard": true,
    "BillboardIconPath": "SpriteOutput/MapPics/Billboard/IconBillboardDailyMission02.png",
    "MissionIconPath": "SpriteOutput/Mission/GuideIcon/IconDailyMission02.png",
    "ConnectID": 47
  },
  "29": {
    "ID": 29,
    "IconPath": "SpriteOutput/MapPics/NaviIcons/IconMapDailyMission03.png",
    "IconOrientetionSwitch": false,
    "IconName": "MazeText_Empty",
    "isShowinMap": true,
    "isShowLayer": true,
    "IsShowInBillboard": true,
    "BillboardIconPath": "SpriteOutput/MapPics/Billboard/IconBillboardDailyMission03.png",
    "MissionIconPath": "SpriteOutput/Mission/GuideIcon/IconDailyMission03.png",
    "ConnectID": 47
  },
  "30": {
    "ID": 30,
    "IconPath": "SpriteOutput/MapPics/NaviIcons/IconMapDoor.png",
    "IconOrientetionSwitch": true,
    "IconName": "MazeText_Empty",
    "isShowinMap": true,
    "isShowLayer": false,
    "IsShowInBillboard": false,
    "BillboardIconPath": "",
    "MissionIconPath": "SpriteOutput/MapPics/Billboard/IconBillboardNpc.png",
    "ConnectID": 0
  },
  "31": {
    "ID": 31,
    "IconPath": "SpriteOutput/MapPics/NaviIcons/IconMapSubStoryMission01.png",
    "IconOrientetionSwitch": false,
    "IconName": "MazeText_Empty",
    "isShowinMap": true,
    "isShowLayer": true,
    "IsShowInBillboard": false,
    "BillboardIconPath": "SpriteOutput/MapPics/Billboard/IconBillboardSubStoryMission01.png",
    "MissionIconPath": "SpriteOutput/Mission/GuideIcon/IconSubStoryMission01.png",
    "ConnectID": 0
  },
  "32": {
    "ID": 32,
    "IconPath": "SpriteOutput/MapPics/NaviIcons/IconMapElite.png",
    "IconOrientetionSwitch": false,
    "IconName": "MazeText_Empty",
    "isShowinMap": true,
    "isShowLayer": true,
    "IsShowInBillboard": false,
    "BillboardIconPath": "",
    "MissionIconPath": "SpriteOutput/MapPics/Billboard/IconBillboardNpc.png",
    "ConnectID": 0
  },
  "33": {
    "ID": 33,
    "IconPath": "SpriteOutput/MapPics/NaviIcons/IconMapCocoon.png",
    "IconOrientetionSwitch": false,
    "IconName": "MazeText_Empty",
    "isShowinMap": true,
    "isShowLayer": true,
    "IsShowInBillboard": false,
    "BillboardIconPath": "",
    "MissionIconPath": "SpriteOutput/MapPics/Billboard/IconBillboardNpc.png",
    "ConnectID": 0
  },
  "34": {
    "ID": 34,
    "IconPath": "SpriteOutput/MapPics/NaviIcons/IconMapDoorLock.png",
    "IconOrientetionSwitch": true,
    "IconName": "MazeText_Empty",
    "isShowinMap": true,
    "isShowLayer": false,
    "IsShowInBillboard": false,
    "BillboardIconPath": "",
    "MissionIconPath": "SpriteOutput/MapPics/Billboard/IconBillboardNpc.png",
    "ConnectID": 0
  },
  "35": {
    "ID": 35,
    "IconPath": "SpriteOutput/MapPics/NaviIcons/IconMapChallenge.png",
    "IconOrientetionSwitch": false,
    "IconName": "MazeText_Empty",
    "isShowinMap": true,
    "isShowLayer": true,
    "IsShowInBillboard": true,
    "BillboardIconPath": "SpriteOutput/MapPics/Billboard/IconBillboardChallenge.png",
    "MissionIconPath": "SpriteOutput/MapPics/Billboard/IconBillboardNpc.png",
    "ConnectID": 0
  },
  "36": {
    "ID": 36,
    "IconPath": "SpriteOutput/MapPics/NaviIcons/IconMapElevator.png",
    "IconOrientetionSwitch": false,
    "IconName": "MazeText_Empty",
    "isShowinMap": true,
    "isShowLayer": false,
    "IsShowInBillboard": false,
    "BillboardIconPath": "",
    "MissionIconPath": "SpriteOutput/MapPics/Billboard/IconBillboardNpc.png",
    "ConnectID": 0
  },
  "37": {
    "ID": 37,
    "IconPath": "SpriteOutput/MapPics/NaviIcons/IconMapDirection.png",
    "IconOrientetionSwitch": true,
    "IconName": "MazeText_Empty",
    "isShowinMap": true,
    "isShowLayer": false,
    "IsShowInBillboard": false,
    "BillboardIconPath": "",
    "MissionIconPath": "SpriteOutput/MapPics/Billboard/IconBillboardNpc.png",
    "ConnectID": 0
  },
  "38": {
    "ID": 38,
    "IconPath": "SpriteOutput/UI/Nature/IconAttribute/IconAttributeFire.png",
    "IconOrientetionSwitch": false,
    "IconName": "MazeText_Empty",
    "isShowinMap": false,
    "isShowLayer": false,
    "IsShowInBillboard": true,
    "BillboardIconPath": "SpriteOutput/UI/Nature/IconAttribute/IconAttributeFire.png",
    "MissionIconPath": "SpriteOutput/UI/Nature/IconAttribute/IconAttributeFire.png",
    "ConnectID": 0
  },
  "39": {
    "ID": 39,
    "IconPath": "SpriteOutput/UI/Nature/IconAttribute/IconAttributeIce.png",
    "IconOrientetionSwitch": false,
    "IconName": "MazeText_Empty",
    "isShowinMap": false,
    "isShowLayer": false,
    "IsShowInBillboard": true,
    "BillboardIconPath": "SpriteOutput/UI/Nature/IconAttribute/IconAttributeIce.png",
    "MissionIconPath": "SpriteOutput/UI/Nature/IconAttribute/IconAttributeIce.png",
    "ConnectID": 0
  },
  "40": {
    "ID": 40,
    "IconPath": "SpriteOutput/UI/Nature/IconAttribute/IconAttributeImaginary.png",
    "IconOrientetionSwitch": false,
    "IconName": "MazeText_Empty",
    "isShowinMap": false,
    "isShowLayer": false,
    "IsShowInBillboard": true,
    "BillboardIconPath": "SpriteOutput/UI/Nature/IconAttribute/IconAttributeImaginary.png",
    "MissionIconPath": "SpriteOutput/UI/Nature/IconAttribute/IconAttributeImaginary.png",
    "ConnectID": 0
  },
  "41": {
    "ID": 41,
    "IconPath": "SpriteOutput/UI/Nature/IconAttribute/IconAttributePhysical.png",
    "IconOrientetionSwitch": false,
    "IconName": "MazeText_Empty",
    "isShowinMap": false,
    "isShowLayer": false,
    "IsShowInBillboard": true,
    "BillboardIconPath": "SpriteOutput/UI/Nature/IconAttribute/IconAttributePhysical.png",
    "MissionIconPath": "SpriteOutput/UI/Nature/IconAttribute/IconAttributePhysical.png",
    "ConnectID": 0
  },
  "42": {
    "ID": 42,
    "IconPath": "SpriteOutput/UI/Nature/IconAttribute/IconAttributeQuantum.png",
    "IconOrientetionSwitch": false,
    "IconName": "MazeText_Empty",
    "isShowinMap": false,
    "isShowLayer": false,
    "IsShowInBillboard": true,
    "BillboardIconPath": "SpriteOutput/UI/Nature/IconAttribute/IconAttributeQuantum.png",
    "MissionIconPath": "SpriteOutput/UI/Nature/IconAttribute/IconAttributeQuantum.png",
    "ConnectID": 0
  },
  "43": {
    "ID": 43,
    "IconPath": "SpriteOutput/UI/Nature/IconAttribute/IconAttributeThunder.png",
    "IconOrientetionSwitch": false,
    "IconName": "MazeText_Empty",
    "isShowinMap": false,
    "isShowLayer": false,
    "IsShowInBillboard": true,
    "BillboardIconPath": "SpriteOutput/UI/Nature/IconAttribute/IconAttributeThunder.png",
    "MissionIconPath": "SpriteOutput/UI/Nature/IconAttribute/IconAttributeThunder.png",
    "ConnectID": 0
  },
  "44": {
    "ID": 44,
    "IconPath": "SpriteOutput/UI/Nature/IconAttribute/IconAttributeWind.png",
    "IconOrientetionSwitch": false,
    "IconName": "MazeText_Empty",
    "isShowinMap": false,
    "isShowLayer": false,
    "IsShowInBillboard": true,
    "BillboardIconPath": "SpriteOutput/UI/Nature/IconAttribute/IconAttributeWind.png",
    "MissionIconPath": "SpriteOutput/UI/Nature/IconAttribute/IconAttributeWind.png",
    "ConnectID": 0
  },
  "45": {
    "ID": 45,
    "IconPath": "SpriteOutput/MapPics/NaviIcons/IconMapMainMission04.png",
    "IconOrientetionSwitch": false,
    "IconName": "MazeText_Empty",
    "isShowinMap": true,
    "isShowLayer": true,
    "IsShowInBillboard": false,
    "BillboardIconPath": "SpriteOutput/MapPics/NaviIcons/IconMapMainMission04.png",
    "MissionIconPath": "SpriteOutput/MapPics/NaviIcons/IconMapMainMission04.png",
    "ConnectID": 0
  },
  "46": {
    "ID": 46,
    "IconPath": "SpriteOutput/MapPics/NaviIcons/IconMapSubStoryMission04.png",
    "IconOrientetionSwitch": false,
    "IconName": "MazeText_Empty",
    "isShowinMap": true,
    "isShowLayer": true,
    "IsShowInBillboard": false,
    "BillboardIconPath": "SpriteOutput/MapPics/NaviIcons/IconMapSubStoryMission04.png",
    "MissionIconPath": "SpriteOutput/MapPics/NaviIcons/IconMapSubStoryMission04.png",
    "ConnectID": 0
  },
  "47": {
    "ID": 47,
    "IconPath": "SpriteOutput/MapPics/NaviIcons/IconMapDailyMission04.png",
    "IconOrientetionSwitch": false,
    "IconName": "MazeText_Empty",
    "isShowinMap": true,
    "isShowLayer": true,
    "IsShowInBillboard": false,
    "BillboardIconPath": "SpriteOutput/MapPics/NaviIcons/IconMapDailyMission04.png",
    "MissionIconPath": "SpriteOutput/MapPics/NaviIcons/IconMapDailyMission04.png",
    "ConnectID": 0
  },
  "48": {
    "ID": 48,
    "IconPath": "SpriteOutput/MapPics/NaviIcons/IconMapPortal.png",
    "IconOrientetionSwitch": false,
    "IconName": "MazeText_Empty",
    "isShowinMap": true,
    "isShowLayer": true,
    "IsShowInBillboard": true,
    "BillboardIconPath": "SpriteOutput/MapPics/Billboard/IconBillboardPortal.png",
    "MissionIconPath": "SpriteOutput/MapPics/Billboard/IconBillboardNpc.png",
    "ConnectID": 0
  },
  "49": {
    "ID": 49,
    "IconPath": "SpriteOutput/MapPics/NaviIcons/IconMapPortal2.png",
    "IconOrientetionSwitch": false,
    "IconName": "MazeText_Empty",
    "isShowinMap": false,
    "isShowLayer": false,
    "IsShowInBillboard": false,
    "BillboardIconPath": "",
    "MissionIconPath": "SpriteOutput/MapPics/Billboard/IconBillboardNpc.png",
    "ConnectID": 0
  },
  "50": {
    "ID": 50,
    "IconPath": "SpriteOutput/MapPics/NaviIcons/IconMapNpc2.png",
    "IconOrientetionSwitch": false,
    "IconName": "MazeText_Empty",
    "isShowinMap": true,
    "isShowLayer": true,
    "IsShowInBillboard": false,
    "BillboardIconPath": "SpriteOutput/MapPics/NaviIcons/IconMapNpc2.png",
    "MissionIconPath": "SpriteOutput/MapPics/NaviIcons/IconMapNpc2.png",
    "ConnectID": 0
  },
  "51": {
    "ID": 51,
    "IconPath": "SpriteOutput/MapPics/NaviIcons/IconMapExit.png",
    "IconOrientetionSwitch": false,
    "IconName": "MazeText_Empty",
    "isShowinMap": true,
    "isShowLayer": false,
    "IsShowInBillboard": false,
    "BillboardIconPath": "",
    "MissionIconPath": "SpriteOutput/MapPics/Billboard/IconBillboardNpc.png",
    "ConnectID": 0
  },
  "52": {
    "ID": 52,
    "IconPath": "SpriteOutput/MapPics/NaviIcons/IconMapMazePortal.png",
    "IconOrientetionSwitch": false,
    "IconName": "MazeText_Empty",
    "isShowinMap": true,
    "isShowLayer": false,
    "IsShowInBillboard": false,
    "BillboardIconPath": "",
    "MissionIconPath": "SpriteOutput/MapPics/Billboard/IconBillboardNpc.png",
    "ConnectID": 0
  },
  "53": {
    "ID": 53,
    "IconPath": "SpriteOutput/MapPics/NaviIcons/IconMapPortal.png",
    "IconOrientetionSwitch": false,
    "IconName": "MazeText_Empty",
    "isShowinMap": true,
    "isShowLayer": false,
    "IsShowInBillboard": false,
    "BillboardIconPath": "",
    "MissionIconPath": "SpriteOutput/MapPics/Billboard/IconBillboardNpc.png",
    "ConnectID": 0
  },
  "54": {
    "ID": 54,
    "IconPath": "SpriteOutput/MapPics/NaviIcons/IconMapBox.png",
    "IconOrientetionSwitch": false,
    "IconName": "MazeText_Empty",
    "isShowinMap": true,
    "isShowLayer": false,
    "IsShowInBillboard": false,
    "BillboardIconPath": "",
    "MissionIconPath": "SpriteOutput/MapPics/Billboard/IconBillboardNpc.png",
    "ConnectID": 0
  },
  "55": {
    "ID": 55,
    "IconPath": "SpriteOutput/MapPics/NaviIcons/IconMapBox.png",
    "IconOrientetionSwitch": false,
    "IconName": "MazeText_Empty",
    "isShowinMap": true,
    "isShowLayer": false,
    "IsShowInBillboard": false,
    "BillboardIconPath": "",
    "MissionIconPath": "SpriteOutput/MapPics/Billboard/IconBillboardNpc.png",
    "ConnectID": 0
  },
  "56": {
    "ID": 56,
    "IconPath": "SpriteOutput/MapPics/NaviIcons/IconMapChallenge.png",
    "IconOrientetionSwitch": false,
    "IconName": "MazeText_Empty",
    "isShowinMap": true,
    "isShowLayer": false,
    "IsShowInBillboard": false,
    "BillboardIconPath": "",
    "MissionIconPath": "SpriteOutput/MapPics/Billboard/IconBillboardNpc.png",
    "ConnectID": 0
  },
  "57": {
    "ID": 57,
    "IconPath": "SpriteOutput/MapPics/NaviIcons/IconMapRogueIcewall.png",
    "IconOrientetionSwitch": false,
    "IconName": "MazeText_Empty",
    "isShowinMap": true,
    "isShowLayer": false,
    "IsShowInBillboard": false,
    "BillboardIconPath": "",
    "MissionIconPath": "SpriteOutput/MapPics/Billboard/IconBillboardNpc.png",
    "ConnectID": 0
  },
  "58": {
    "ID": 58,
    "IconPath": "SpriteOutput/MapPics/NaviIcons/IconMapProbe.png",
    "IconOrientetionSwitch": false,
    "IconName": "MazeText_Empty",
    "isShowinMap": true,
    "isShowLayer": false,
    "IsShowInBillboard": false,
    "BillboardIconPath": "",
    "MissionIconPath": "",
    "ConnectID": 0
  },
  "59": {
    "ID": 59,
    "IconPath": "SpriteOutput/MapPics/NaviIcons/IconMapTask.png",
    "IconOrientetionSwitch": false,
    "IconName": "MazeText_Empty",
    "isShowinMap": true,
    "isShowLayer": false,
    "IsShowInBillboard": true,
    "BillboardIconPath": "SpriteOutput/MapPics/NaviIcons/IconMapTask.png",
    "MissionIconPath": "SpriteOutput/MapPics/NaviIcons/IconMapTask.png",
    "ConnectID": 0
  },
  "60": {
    "ID": 60,
    "IconPath": "SpriteOutput/MapPics/NaviIcons/IconMapBridge2.png",
    "IconOrientetionSwitch": true,
    "IconName": "MazeText_Empty",
    "isShowinMap": true,
    "isShowLayer": false,
    "IsShowInBillboard": true,
    "BillboardIconPath": "",
    "MissionIconPath": "",
    "ConnectID": 0
  },
  "61": {
    "ID": 61,
    "IconPath": "SpriteOutput/MapPics/NaviIcons/IconMap1001.png",
    "IconOrientetionSwitch": false,
    "IconName": "MazeText_Empty",
    "isShowinMap": true,
    "isShowLayer": true,
    "IsShowInBillboard": true,
    "BillboardIconPath": "",
    "MissionIconPath": "",
    "ConnectID": 0
  },
  "62": {
    "ID": 62,
    "IconPath": "SpriteOutput/MapPics/NaviIcons/IconMap1002.png",
    "IconOrientetionSwitch": false,
    "IconName": "MazeText_Empty",
    "isShowinMap": true,
    "isShowLayer": true,
    "IsShowInBillboard": true,
    "BillboardIconPath": "",
    "MissionIconPath": "",
    "ConnectID": 0
  },
  "63": {
    "ID": 63,
    "IconPath": "SpriteOutput/MapPics/NaviIcons/IconMap1003.png",
    "IconOrientetionSwitch": false,
    "IconName": "MazeText_Empty",
    "isShowinMap": true,
    "isShowLayer": true,
    "IsShowInBillboard": true,
    "BillboardIconPath": "",
    "MissionIconPath": "",
    "ConnectID": 0
  },
  "64": {
    "ID": 64,
    "IconPath": "SpriteOutput/MapPics/NaviIcons/IconMap1004.png",
    "IconOrientetionSwitch": false,
    "IconName": "MazeText_Empty",
    "isShowinMap": true,
    "isShowLayer": true,
    "IsShowInBillboard": true,
    "BillboardIconPath": "",
    "MissionIconPath": "",
    "ConnectID": 0
  },
  "65": {
    "ID": 65,
    "IconPath": "SpriteOutput/MapPics/NaviIcons/IconMap1005.png",
    "IconOrientetionSwitch": false,
    "IconName": "MazeText_Empty",
    "isShowinMap": true,
    "isShowLayer": true,
    "IsShowInBillboard": true,
    "BillboardIconPath": "",
    "MissionIconPath": "",
    "ConnectID": 0
  },
  "66": {
    "ID": 66,
    "IconPath": "SpriteOutput/MapPics/NaviIcons/IconMap1006.png",
    "IconOrientetionSwitch": false,
    "IconName": "MazeText_Empty",
    "isShowinMap": true,
    "isShowLayer": true,
    "IsShowInBillboard": true,
    "BillboardIconPath": "",
    "MissionIconPath": "",
    "ConnectID": 0
  },
  "67": {
    "ID": 67,
    "IconPath": "SpriteOutput/MapPics/NaviIcons/IconMap1007.png",
    "IconOrientetionSwitch": false,
    "IconName": "MazeText_Empty",
    "isShowinMap": true,
    "isShowLayer": true,
    "IsShowInBillboard": true,
    "BillboardIconPath": "",
    "MissionIconPath": "",
    "ConnectID": 0
  },
  "68": {
    "ID": 68,
    "IconPath": "SpriteOutput/MapPics/NaviIcons/IconMap1008.png",
    "IconOrientetionSwitch": false,
    "IconName": "MazeText_Empty",
    "isShowinMap": true,
    "isShowLayer": true,
    "IsShowInBillboard": true,
    "BillboardIconPath": "",
    "MissionIconPath": "",
    "ConnectID": 0
  },
  "69": {
    "ID": 69,
    "IconPath": "SpriteOutput/MapPics/NaviIcons/IconMap1009.png",
    "IconOrientetionSwitch": false,
    "IconName": "MazeText_Empty",
    "isShowinMap": true,
    "isShowLayer": true,
    "IsShowInBillboard": true,
    "BillboardIconPath": "",
    "MissionIconPath": "",
    "ConnectID": 0
  },
  "70": {
    "ID": 70,
    "IconPath": "SpriteOutput/MapPics/NaviIcons/IconMap1010.png",
    "IconOrientetionSwitch": false,
    "IconName": "MazeText_Empty",
    "isShowinMap": true,
    "isShowLayer": true,
    "IsShowInBillboard": true,
    "BillboardIconPath": "",
    "MissionIconPath": "",
    "ConnectID": 0
  },
  "71": {
    "ID": 71,
    "IconPath": "SpriteOutput/MapPics/NaviIcons/IconMap1101.png",
    "IconOrientetionSwitch": false,
    "IconName": "MazeText_Empty",
    "isShowinMap": true,
    "isShowLayer": true,
    "IsShowInBillboard": true,
    "BillboardIconPath": "",
    "MissionIconPath": "",
    "ConnectID": 0
  },
  "72": {
    "ID": 72,
    "IconPath": "SpriteOutput/MapPics/NaviIcons/IconMap1102.png",
    "IconOrientetionSwitch": false,
    "IconName": "MazeText_Empty",
    "isShowinMap": true,
    "isShowLayer": true,
    "IsShowInBillboard": true,
    "BillboardIconPath": "",
    "MissionIconPath": "",
    "ConnectID": 0
  },
  "73": {
    "ID": 73,
    "IconPath": "SpriteOutput/MapPics/NaviIcons/IconMap1103.png",
    "IconOrientetionSwitch": false,
    "IconName": "MazeText_Empty",
    "isShowinMap": true,
    "isShowLayer": true,
    "IsShowInBillboard": true,
    "BillboardIconPath": "",
    "MissionIconPath": "",
    "ConnectID": 0
  },
  "74": {
    "ID": 74,
    "IconPath": "SpriteOutput/MapPics/NaviIcons/IconMap1104.png",
    "IconOrientetionSwitch": false,
    "IconName": "MazeText_Empty",
    "isShowinMap": true,
    "isShowLayer": true,
    "IsShowInBillboard": true,
    "BillboardIconPath": "",
    "MissionIconPath": "",
    "ConnectID": 0
  },
  "75": {
    "ID": 75,
    "IconPath": "SpriteOutput/MapPics/NaviIcons/IconMap1105.png",
    "IconOrientetionSwitch": false,
    "IconName": "MazeText_Empty",
    "isShowinMap": true,
    "isShowLayer": true,
    "IsShowInBillboard": true,
    "BillboardIconPath": "",
    "MissionIconPath": "",
    "ConnectID": 0
  },
  "76": {
    "ID": 76,
    "IconPath": "SpriteOutput/MapPics/NaviIcons/IconMap1106.png",
    "IconOrientetionSwitch": false,
    "IconName": "MazeText_Empty",
    "isShowinMap": true,
    "isShowLayer": true,
    "IsShowInBillboard": true,
    "BillboardIconPath": "",
    "MissionIconPath": "",
    "ConnectID": 0
  },
  "77": {
    "ID": 77,
    "IconPath": "SpriteOutput/MapPics/NaviIcons/IconMap1107.png",
    "IconOrientetionSwitch": false,
    "IconName": "MazeText_Empty",
    "isShowinMap": true,
    "isShowLayer": true,
    "IsShowInBillboard": true,
    "BillboardIconPath": "",
    "MissionIconPath": "",
    "ConnectID": 0
  },
  "78": {
    "ID": 78,
    "IconPath": "SpriteOutput/MapPics/NaviIcons/IconMap1201.png",
    "IconOrientetionSwitch": false,
    "IconName": "MazeText_Empty",
    "isShowinMap": true,
    "isShowLayer": true,
    "IsShowInBillboard": true,
    "BillboardIconPath": "",
    "MissionIconPath": "",
    "ConnectID": 0
  },
  "79": {
    "ID": 79,
    "IconPath": "SpriteOutput/MapPics/NaviIcons/IconMap1202.png",
    "IconOrientetionSwitch": false,
    "IconName": "MazeText_Empty",
    "isShowinMap": true,
    "isShowLayer": true,
    "IsShowInBillboard": true,
    "BillboardIconPath": "",
    "MissionIconPath": "",
    "ConnectID": 0
  },
  "80": {
    "ID": 80,
    "IconPath": "SpriteOutput/MapPics/NaviIcons/IconMap1203.png",
    "IconOrientetionSwitch": false,
    "IconName": "MazeText_Empty",
    "isShowinMap": true,
    "isShowLayer": true,
    "IsShowInBillboard": true,
    "BillboardIconPath": "",
    "MissionIconPath": "",
    "ConnectID": 0
  },
  "81": {
    "ID": 81,
    "IconPath": "SpriteOutput/MapPics/NaviIcons/IconMap1204.png",
    "IconOrientetionSwitch": false,
    "IconName": "MazeText_Empty",
    "isShowinMap": true,
    "isShowLayer": true,
    "IsShowInBillboard": true,
    "BillboardIconPath": "",
    "MissionIconPath": "",
    "ConnectID": 0
  },
  "82": {
    "ID": 82,
    "IconPath": "SpriteOutput/MapPics/NaviIcons/IconMap1205.png",
    "IconOrientetionSwitch": false,
    "IconName": "MazeText_Empty",
    "isShowinMap": true,
    "isShowLayer": true,
    "IsShowInBillboard": true,
    "BillboardIconPath": "",
    "MissionIconPath": "",
    "ConnectID": 0
  },
  "83": {
    "ID": 83,
    "IconPath": "SpriteOutput/MapPics/NaviIcons/IconMap1206.png",
    "IconOrientetionSwitch": false,
    "IconName": "MazeText_Empty",
    "isShowinMap": true,
    "isShowLayer": true,
    "IsShowInBillboard": true,
    "BillboardIconPath": "",
    "MissionIconPath": "",
    "ConnectID": 0
  },
  "84": {
    "ID": 84,
    "IconPath": "SpriteOutput/MapPics/NaviIcons/IconMap1301.png",
    "IconOrientetionSwitch": false,
    "IconName": "MazeText_Empty",
    "isShowinMap": true,
    "isShowLayer": true,
    "IsShowInBillboard": true,
    "BillboardIconPath": "",
    "MissionIconPath": "",
    "ConnectID": 0
  },
  "85": {
    "ID": 85,
    "IconPath": "SpriteOutput/MapPics/NaviIcons/IconMap1302.png",
    "IconOrientetionSwitch": false,
    "IconName": "MazeText_Empty",
    "isShowinMap": true,
    "isShowLayer": true,
    "IsShowInBillboard": true,
    "BillboardIconPath": "",
    "MissionIconPath": "",
    "ConnectID": 0
  },
  "86": {
    "ID": 86,
    "IconPath": "SpriteOutput/MapPics/NaviIcons/IconMapBridge1.png",
    "IconOrientetionSwitch": true,
    "IconName": "MazeText_Empty",
    "isShowinMap": true,
    "isShowLayer": false,
    "IsShowInBillboard": true,
    "BillboardIconPath": "",
    "MissionIconPath": "",
    "ConnectID": 0
  },
  "87": {
    "ID": 87,
    "IconPath": "SpriteOutput/MapPics/NaviIcons/IconMapPlay1.png",
    "IconOrientetionSwitch": false,
    "IconName": "MazeText_Empty",
    "isShowinMap": true,
    "isShowLayer": false,
    "IsShowInBillboard": true,
    "BillboardIconPath": "SpriteOutput/MapPics/NaviIcons/IconMapPlay1.png",
    "MissionIconPath": "SpriteOutput/MapPics/NaviIcons/IconMapPlay1.png",
    "ConnectID": 0
  },
  "88": {
    "ID": 88,
    "IconPath": "SpriteOutput/MapPics/NaviIcons/IconMapPlay2.png",
    "IconOrientetionSwitch": false,
    "IconName": "MazeText_Empty",
    "isShowinMap": true,
    "isShowLayer": false,
    "IsShowInBillboard": true,
    "BillboardIconPath": "SpriteOutput/MapPics/NaviIcons/IconMapPlay2.png",
    "MissionIconPath": "SpriteOutput/MapPics/NaviIcons/IconMapPlay2.png",
    "ConnectID": 0
  },
  "89": {
    "ID": 89,
    "IconPath": "SpriteOutput/MapPics/NaviIcons/IconMapPlay3.png",
    "IconOrientetionSwitch": false,
    "IconName": "MazeText_Empty",
    "isShowinMap": true,
    "isShowLayer": false,
    "IsShowInBillboard": true,
    "BillboardIconPath": "SpriteOutput/MapPics/NaviIcons/IconMapPlay3.png",
    "MissionIconPath": "SpriteOutput/MapPics/NaviIcons/IconMapPlay3.png",
    "ConnectID": 0
  },
  "90": {
    "ID": 90,
    "IconPath": "SpriteOutput/MapPics/NaviIcons/IconMapPlay4.png",
    "IconOrientetionSwitch": false,
    "IconName": "MazeText_Empty",
    "isShowinMap": true,
    "isShowLayer": false,
    "IsShowInBillboard": true,
    "BillboardIconPath": "SpriteOutput/MapPics/NaviIcons/IconMapPlay4.png",
    "MissionIconPath": "SpriteOutput/MapPics/NaviIcons/IconMapPlay4.png",
    "ConnectID": 0
  }
}