{
  "1": {
    "Level": 1,
    "PlayerExp": 0,
    "StaminaLimit": 180,
    "RewardStamina": 0,
    "RewardID": 0,
    "LevelRewardID": 0
  },
  "2": {
    "Level": 2,
    "PlayerExp": 450,
    "StaminaLimit": 180,
    "RewardStamina": 0,
    "RewardID": 0,
    "LevelRewardID": 100002
  },
  "3": {
    "Level": 3,
    "PlayerExp": 950,
    "StaminaLimit": 180,
    "RewardStamina": 0,
    "RewardID": 0,
    "LevelRewardID": 100003
  },
  "4": {
    "Level": 4,
    "PlayerExp": 1500,
    "StaminaLimit": 180,
    "RewardStamina": 0,
    "RewardID": 0,
    "LevelRewardID": 100004
  },
  "5": {
    "Level": 5,
    "PlayerExp": 2110,
    "StaminaLimit": 180,
    "RewardStamina": 0,
    "RewardID": 0,
    "LevelRewardID": 100005
  },
  "6": {
    "Level": 6,
    "PlayerExp": 2780,
    "StaminaLimit": 180,
    "RewardStamina": 0,
    "RewardID": 0,
    "LevelRewardID": 100006
  },
  "7": {
    "Level": 7,
    "PlayerExp": 3500,
    "StaminaLimit": 180,
    "RewardStamina": 0,
    "RewardID": 0,
    "LevelRewardID": 100007
  },
  "8": {
    "Level": 8,
    "PlayerExp": 4280,
    "StaminaLimit": 180,
    "RewardStamina": 0,
    "RewardID": 0,
    "LevelRewardID": 100008
  },
  "9": {
    "Level": 9,
    "PlayerExp": 5120,
    "StaminaLimit": 180,
    "RewardStamina": 0,
    "RewardID": 0,
    "LevelRewardID": 100009
  },
  "10": {
    "Level": 10,
    "PlayerExp": 6020,
    "StaminaLimit": 180,
    "RewardStamina": 0,
    "RewardID": 0,
    "LevelRewardID": 100010
  },
  "11": {
    "Level": 11,
    "PlayerExp": 6980,
    "StaminaLimit": 180,
    "RewardStamina": 0,
    "RewardID": 0,
    "LevelRewardID": 100011
  },
  "12": {
    "Level": 12,
    "PlayerExp": 8000,
    "StaminaLimit": 180,
    "RewardStamina": 0,
    "RewardID": 0,
    "LevelRewardID": 100012
  },
  "13": {
    "Level": 13,
    "PlayerExp": 9070,
    "StaminaLimit": 180,
    "RewardStamina": 0,
    "RewardID": 0,
    "LevelRewardID": 100013
  },
  "14": {
    "Level": 14,
    "PlayerExp": 10200,
    "StaminaLimit": 180,
    "RewardStamina": 0,
    "RewardID": 0,
    "LevelRewardID": 100014
  },
  "15": {
    "Level": 15,
    "PlayerExp": 11390,
    "StaminaLimit": 180,
    "RewardStamina": 0,
    "RewardID": 0,
    "LevelRewardID": 100015
  },
  "16": {
    "Level": 16,
    "PlayerExp": 12640,
    "StaminaLimit": 180,
    "RewardStamina": 0,
    "RewardID": 0,
    "LevelRewardID": 100016
  },
  "17": {
    "Level": 17,
    "PlayerExp": 13950,
    "StaminaLimit": 180,
    "RewardStamina": 0,
    "RewardID": 0,
    "LevelRewardID": 100017
  },
  "18": {
    "Level": 18,
    "PlayerExp": 15320,
    "StaminaLimit": 180,
    "RewardStamina": 0,
    "RewardID": 0,
    "LevelRewardID": 100018
  },
  "19": {
    "Level": 19,
    "PlayerExp": 16750,
    "StaminaLimit": 180,
    "RewardStamina": 0,
    "RewardID": 0,
    "LevelRewardID": 100019
  },
  "20": {
    "Level": 20,
    "PlayerExp": 18250,
    "StaminaLimit": 180,
    "RewardStamina": 0,
    "RewardID": 0,
    "LevelRewardID": 100020
  },
  "21": {
    "Level": 21,
    "PlayerExp": 19850,
    "StaminaLimit": 180,
    "RewardStamina": 0,
    "RewardID": 0,
    "LevelRewardID": 100021
  },
  "22": {
    "Level": 22,
    "PlayerExp": 21560,
    "StaminaLimit": 180,
    "RewardStamina": 0,
    "RewardID": 0,
    "LevelRewardID": 100022
  },
  "23": {
    "Level": 23,
    "PlayerExp": 23390,
    "StaminaLimit": 180,
    "RewardStamina": 0,
    "RewardID": 0,
    "LevelRewardID": 100023
  },
  "24": {
    "Level": 24,
    "PlayerExp": 25340,
    "StaminaLimit": 180,
    "RewardStamina": 0,
    "RewardID": 0,
    "LevelRewardID": 100024
  },
  "25": {
    "Level": 25,
    "PlayerExp": 27420,
    "StaminaLimit": 180,
    "RewardStamina": 0,
    "RewardID": 0,
    "LevelRewardID": 100025
  },
  "26": {
    "Level": 26,
    "PlayerExp": 29630,
    "StaminaLimit": 180,
    "RewardStamina": 0,
    "RewardID": 0,
    "LevelRewardID": 100026
  },
  "27": {
    "Level": 27,
    "PlayerExp": 31980,
    "StaminaLimit": 180,
    "RewardStamina": 0,
    "RewardID": 0,
    "LevelRewardID": 100027
  },
  "28": {
    "Level": 28,
    "PlayerExp": 34460,
    "StaminaLimit": 180,
    "RewardStamina": 0,
    "RewardID": 0,
    "LevelRewardID": 100028
  },
  "29": {
    "Level": 29,
    "PlayerExp": 37080,
    "StaminaLimit": 180,
    "RewardStamina": 0,
    "RewardID": 0,
    "LevelRewardID": 100029
  },
  "30": {
    "Level": 30,
    "PlayerExp": 39830,
    "StaminaLimit": 180,
    "RewardStamina": 0,
    "RewardID": 0,
    "LevelRewardID": 100030
  },
  "31": {
    "Level": 31,
    "PlayerExp": 42720,
    "StaminaLimit": 180,
    "RewardStamina": 0,
    "RewardID": 0,
    "LevelRewardID": 100031
  },
  "32": {
    "Level": 32,
    "PlayerExp": 45780,
    "StaminaLimit": 180,
    "RewardStamina": 0,
    "RewardID": 0,
    "LevelRewardID": 100032
  },
  "33": {
    "Level": 33,
    "PlayerExp": 49020,
    "StaminaLimit": 180,
    "RewardStamina": 0,
    "RewardID": 0,
    "LevelRewardID": 100033
  },
  "34": {
    "Level": 34,
    "PlayerExp": 52450,
    "StaminaLimit": 180,
    "RewardStamina": 0,
    "RewardID": 0,
    "LevelRewardID": 100034
  },
  "35": {
    "Level": 35,
    "PlayerExp": 56090,
    "StaminaLimit": 180,
    "RewardStamina": 0,
    "RewardID": 0,
    "LevelRewardID": 100035
  },
  "36": {
    "Level": 36,
    "PlayerExp": 59930,
    "StaminaLimit": 180,
    "RewardStamina": 0,
    "RewardID": 0,
    "LevelRewardID": 100036
  },
  "37": {
    "Level": 37,
    "PlayerExp": 63990,
    "StaminaLimit": 180,
    "RewardStamina": 0,
    "RewardID": 0,
    "LevelRewardID": 100037
  },
  "38": {
    "Level": 38,
    "PlayerExp": 68260,
    "StaminaLimit": 180,
    "RewardStamina": 0,
    "RewardID": 0,
    "LevelRewardID": 100038
  },
  "39": {
    "Level": 39,
    "PlayerExp": 72760,
    "StaminaLimit": 180,
    "RewardStamina": 0,
    "RewardID": 0,
    "LevelRewardID": 100039
  },
  "40": {
    "Level": 40,
    "PlayerExp": 77480,
    "StaminaLimit": 180,
    "RewardStamina": 0,
    "RewardID": 0,
    "LevelRewardID": 100040
  },
  "41": {
    "Level": 41,
    "PlayerExp": 82430,
    "StaminaLimit": 180,
    "RewardStamina": 0,
    "RewardID": 0,
    "LevelRewardID": 100041
  },
  "42": {
    "Level": 42,
    "PlayerExp": 87610,
    "StaminaLimit": 180,
    "RewardStamina": 0,
    "RewardID": 0,
    "LevelRewardID": 100042
  },
  "43": {
    "Level": 43,
    "PlayerExp": 93030,
    "StaminaLimit": 180,
    "RewardStamina": 0,
    "RewardID": 0,
    "LevelRewardID": 100043
  },
  "44": {
    "Level": 44,
    "PlayerExp": 98690,
    "StaminaLimit": 180,
    "RewardStamina": 0,
    "RewardID": 0,
    "LevelRewardID": 100044
  },
  "45": {
    "Level": 45,
    "PlayerExp": 104590,
    "StaminaLimit": 180,
    "RewardStamina": 0,
    "RewardID": 0,
    "LevelRewardID": 100045
  },
  "46": {
    "Level": 46,
    "PlayerExp": 110730,
    "StaminaLimit": 180,
    "RewardStamina": 0,
    "RewardID": 0,
    "LevelRewardID": 100046
  },
  "47": {
    "Level": 47,
    "PlayerExp": 117120,
    "StaminaLimit": 180,
    "RewardStamina": 0,
    "RewardID": 0,
    "LevelRewardID": 100047
  },
  "48": {
    "Level": 48,
    "PlayerExp": 123750,
    "StaminaLimit": 180,
    "RewardStamina": 0,
    "RewardID": 0,
    "LevelRewardID": 100048
  },
  "49": {
    "Level": 49,
    "PlayerExp": 130630,
    "StaminaLimit": 180,
    "RewardStamina": 0,
    "RewardID": 0,
    "LevelRewardID": 100049
  },
  "50": {
    "Level": 50,
    "PlayerExp": 137760,
    "StaminaLimit": 180,
    "RewardStamina": 0,
    "RewardID": 0,
    "LevelRewardID": 100050
  },
  "51": {
    "Level": 51,
    "PlayerExp": 145360,
    "StaminaLimit": 180,
    "RewardStamina": 0,
    "RewardID": 0,
    "LevelRewardID": 100051
  },
  "52": {
    "Level": 52,
    "PlayerExp": 153690,
    "StaminaLimit": 180,
    "RewardStamina": 0,
    "RewardID": 0,
    "LevelRewardID": 100052
  },
  "53": {
    "Level": 53,
    "PlayerExp": 162870,
    "StaminaLimit": 180,
    "RewardStamina": 0,
    "RewardID": 0,
    "LevelRewardID": 100053
  },
  "54": {
    "Level": 54,
    "PlayerExp": 173000,
    "StaminaLimit": 180,
    "RewardStamina": 0,
    "RewardID": 0,
    "LevelRewardID": 100054
  },
  "55": {
    "Level": 55,
    "PlayerExp": 184150,
    "StaminaLimit": 180,
    "RewardStamina": 0,
    "RewardID": 0,
    "LevelRewardID": 100055
  },
  "56": {
    "Level": 56,
    "PlayerExp": 196380,
    "StaminaLimit": 180,
    "RewardStamina": 0,
    "RewardID": 0,
    "LevelRewardID": 100056
  },
  "57": {
    "Level": 57,
    "PlayerExp": 209750,
    "StaminaLimit": 180,
    "RewardStamina": 0,
    "RewardID": 0,
    "LevelRewardID": 100057
  },
  "58": {
    "Level": 58,
    "PlayerExp": 224310,
    "StaminaLimit": 180,
    "RewardStamina": 0,
    "RewardID": 0,
    "LevelRewardID": 100058
  },
  "59": {
    "Level": 59,
    "PlayerExp": 240100,
    "StaminaLimit": 180,
    "RewardStamina": 0,
    "RewardID": 0,
    "LevelRewardID": 100059
  },
  "60": {
    "Level": 60,
    "PlayerExp": 257170,
    "StaminaLimit": 180,
    "RewardStamina": 0,
    "RewardID": 0,
    "LevelRewardID": 100060
  },
  "61": {
    "Level": 61,
    "PlayerExp": 277470,
    "StaminaLimit": 180,
    "RewardStamina": 0,
    "RewardID": 0,
    "LevelRewardID": 100061
  },
  "62": {
    "Level": 62,
    "PlayerExp": 299250,
    "StaminaLimit": 180,
    "RewardStamina": 0,
    "RewardID": 0,
    "LevelRewardID": 100062
  },
  "63": {
    "Level": 63,
    "PlayerExp": 322600,
    "StaminaLimit": 180,
    "RewardStamina": 0,
    "RewardID": 0,
    "LevelRewardID": 100063
  },
  "64": {
    "Level": 64,
    "PlayerExp": 347570,
    "StaminaLimit": 180,
    "RewardStamina": 0,
    "RewardID": 0,
    "LevelRewardID": 100064
  },
  "65": {
    "Level": 65,
    "PlayerExp": 374200,
    "StaminaLimit": 180,
    "RewardStamina": 0,
    "RewardID": 0,
    "LevelRewardID": 100065
  },
  "66": {
    "Level": 66,
    "PlayerExp": 402530,
    "StaminaLimit": 180,
    "RewardStamina": 0,
    "RewardID": 0,
    "LevelRewardID": 100066
  },
  "67": {
    "Level": 67,
    "PlayerExp": 432580,
    "StaminaLimit": 180,
    "RewardStamina": 0,
    "RewardID": 0,
    "LevelRewardID": 100067
  },
  "68": {
    "Level": 68,
    "PlayerExp": 464380,
    "StaminaLimit": 180,
    "RewardStamina": 0,
    "RewardID": 0,
    "LevelRewardID": 100068
  },
  "69": {
    "Level": 69,
    "PlayerExp": 497950,
    "StaminaLimit": 180,
    "RewardStamina": 0,
    "RewardID": 0,
    "LevelRewardID": 100069
  },
  "70": {
    "Level": 70,
    "PlayerExp": 533950,
    "StaminaLimit": 180,
    "RewardStamina": 0,
    "RewardID": 0,
    "LevelRewardID": 100070
  }
}