{
  "5000001": {
    "QuestID": 5000001,
    "PrestigeID": 100,
    "SubTabID": 1000101,
    "ShowConditions": [
      {
        "Type": "PlayerLevel",
        "Param": "1"
      }
    ],
    "IsDisplayProgress": false
  },
  "5000002": {
    "QuestID": 5000002,
    "PrestigeID": 100,
    "SubTabID": 1000101,
    "ShowConditions": [
      {
        "Type": "FinishMainMission",
        "Param": "1000101"
      }
    ],
    "IsDisplayProgress": false
  },
  "5000003": {
    "QuestID": 5000003,
    "PrestigeID": 100,
    "SubTabID": 1000101,
    "ShowConditions": [
      {
        "Type": "FinishMainMission",
        "Param": "1000203"
      }
    ],
    "IsDisplayProgress": false
  },
  "5001001": {
    "QuestID": 5001001,
    "PrestigeID": 100,
    "SubTabID": 1000102,
    "ShowConditions": [
      {
        "Type": "FinishMainMission",
        "Param": "2000100"
      }
    ],
    "IsDisplayProgress": false
  },
  "5001002": {
    "QuestID": 5001002,
    "PrestigeID": 100,
    "SubTabID": 1000102,
    "ShowConditions": [
      {
        "Type": "FinishMainMission",
        "Param": "2000101"
      }
    ],
    "IsDisplayProgress": false
  },
  "5001004": {
    "QuestID": 5001004,
    "PrestigeID": 100,
    "SubTabID": 1000102,
    "ShowConditions": [
      {
        "Type": "FinishMainMission",
        "Param": "2000103"
      }
    ],
    "IsDisplayProgress": false
  },
  "5001005": {
    "QuestID": 5001005,
    "PrestigeID": 100,
    "SubTabID": 1000102,
    "ShowConditions": [
      {
        "Type": "FinishMainMission",
        "Param": "2000104"
      }
    ],
    "IsDisplayProgress": false
  },
  "5001007": {
    "QuestID": 5001007,
    "PrestigeID": 100,
    "SubTabID": 1000102,
    "ShowConditions": [
      {
        "Type": "FinishMainMission",
        "Param": "2000108"
      }
    ],
    "IsDisplayProgress": false
  },
  "5001008": {
    "QuestID": 5001008,
    "PrestigeID": 100,
    "SubTabID": 1000102,
    "ShowConditions": [
      {
        "Type": "FinishMainMission",
        "Param": "2000110"
      }
    ],
    "IsDisplayProgress": false
  },
  "5001009": {
    "QuestID": 5001009,
    "PrestigeID": 100,
    "SubTabID": 1000102,
    "ShowConditions": [
      {
        "Type": "FinishMainMission",
        "Param": "2000112"
      }
    ],
    "IsDisplayProgress": false
  },
  "5002001": {
    "QuestID": 5002001,
    "PrestigeID": 100,
    "SubTabID": 1000201,
    "ShowConditions": [
      {
        "Type": "FinishMainMission",
        "Param": "2000106"
      }
    ],
    "IsDisplayProgress": false
  },
  "5002002": {
    "QuestID": 5002002,
    "PrestigeID": 100,
    "SubTabID": 1000201,
    "ShowConditions": [
      {
        "Type": "PlayerLevel",
        "Param": "1"
      }
    ],
    "IsDisplayProgress": true
  },
  "5002003": {
    "QuestID": 5002003,
    "PrestigeID": 100,
    "SubTabID": 1000201,
    "ShowConditions": [
      {
        "Type": "FinishMainMission",
        "Param": "2000131"
      }
    ],
    "IsDisplayProgress": false
  },
  "5003001": {
    "QuestID": 5003001,
    "PrestigeID": 100,
    "SubTabID": 1000301,
    "ShowConditions": [
      {
        "Type": "FinishMainMission",
        "Param": "1000401"
      }
    ],
    "IsDisplayProgress": true
  },
  "5003002": {
    "QuestID": 5003002,
    "PrestigeID": 100,
    "SubTabID": 1000301,
    "ShowConditions": [
      {
        "Type": "FinishMainMission",
        "Param": "1000401"
      }
    ],
    "IsDisplayProgress": true
  },
  "5003003": {
    "QuestID": 5003003,
    "PrestigeID": 100,
    "SubTabID": 1000301,
    "ShowConditions": [
      {
        "Type": "FinishMainMission",
        "Param": "1000401"
      }
    ],
    "IsDisplayProgress": true
  },
  "5003004": {
    "QuestID": 5003004,
    "PrestigeID": 100,
    "SubTabID": 1000301,
    "ShowConditions": [
      {
        "Type": "FinishMainMission",
        "Param": "1000401"
      }
    ],
    "IsDisplayProgress": true
  },
  "5003101": {
    "QuestID": 5003101,
    "PrestigeID": 100,
    "SubTabID": 1000302,
    "ShowConditions": [
      {
        "Type": "FinishMainMission",
        "Param": "1000401"
      }
    ],
    "IsDisplayProgress": true
  },
  "5003102": {
    "QuestID": 5003102,
    "PrestigeID": 100,
    "SubTabID": 1000302,
    "ShowConditions": [
      {
        "Type": "FinishMainMission",
        "Param": "1000401"
      }
    ],
    "IsDisplayProgress": true
  },
  "5003103": {
    "QuestID": 5003103,
    "PrestigeID": 100,
    "SubTabID": 1000302,
    "ShowConditions": [
      {
        "Type": "FinishMainMission",
        "Param": "1000401"
      }
    ],
    "IsDisplayProgress": true
  },
  "5003104": {
    "QuestID": 5003104,
    "PrestigeID": 100,
    "SubTabID": 1000302,
    "ShowConditions": [
      {
        "Type": "FinishMainMission",
        "Param": "1000401"
      }
    ],
    "IsDisplayProgress": true
  },
  "5003105": {
    "QuestID": 5003105,
    "PrestigeID": 100,
    "SubTabID": 1000302,
    "ShowConditions": [
      {
        "Type": "FinishMainMission",
        "Param": "1000401"
      }
    ],
    "IsDisplayProgress": true
  },
  "5003106": {
    "QuestID": 5003106,
    "PrestigeID": 100,
    "SubTabID": 1000302,
    "ShowConditions": [
      {
        "Type": "FinishMainMission",
        "Param": "1000401"
      }
    ],
    "IsDisplayProgress": true
  },
  "5003201": {
    "QuestID": 5003201,
    "PrestigeID": 100,
    "SubTabID": 1000303,
    "ShowConditions": [
      {
        "Type": "FinishMainMission",
        "Param": "1000401"
      }
    ],
    "IsDisplayProgress": true
  },
  "5003202": {
    "QuestID": 5003202,
    "PrestigeID": 100,
    "SubTabID": 1000303,
    "ShowConditions": [
      {
        "Type": "FinishMainMission",
        "Param": "1000401"
      }
    ],
    "IsDisplayProgress": true
  },
  "5003203": {
    "QuestID": 5003203,
    "PrestigeID": 100,
    "SubTabID": 1000303,
    "ShowConditions": [
      {
        "Type": "FinishMainMission",
        "Param": "1000401"
      }
    ],
    "IsDisplayProgress": true
  },
  "5003204": {
    "QuestID": 5003204,
    "PrestigeID": 100,
    "SubTabID": 1000303,
    "ShowConditions": [
      {
        "Type": "FinishMainMission",
        "Param": "1000401"
      }
    ],
    "IsDisplayProgress": true
  },
  "5003205": {
    "QuestID": 5003205,
    "PrestigeID": 100,
    "SubTabID": 1000303,
    "ShowConditions": [
      {
        "Type": "FinishMainMission",
        "Param": "1000401"
      }
    ],
    "IsDisplayProgress": true
  },
  "5010001": {
    "QuestID": 5010001,
    "PrestigeID": 101,
    "SubTabID": 1010101,
    "ShowConditions": [
      {
        "Type": "PlayerLevel",
        "Param": "1"
      }
    ],
    "IsDisplayProgress": false
  },
  "5010002": {
    "QuestID": 5010002,
    "PrestigeID": 101,
    "SubTabID": 1010101,
    "ShowConditions": [
      {
        "Type": "FinishMainMission",
        "Param": "1010301"
      }
    ],
    "IsDisplayProgress": false
  },
  "5010003": {
    "QuestID": 5010003,
    "PrestigeID": 101,
    "SubTabID": 1010101,
    "ShowConditions": [
      {
        "Type": "FinishMainMission",
        "Param": "1010502"
      }
    ],
    "IsDisplayProgress": false
  },
  "5010004": {
    "QuestID": 5010004,
    "PrestigeID": 101,
    "SubTabID": 1010101,
    "ShowConditions": [
      {
        "Type": "FinishMainMission",
        "Param": "1010601"
      }
    ],
    "IsDisplayProgress": false
  },
  "5010005": {
    "QuestID": 5010005,
    "PrestigeID": 101,
    "SubTabID": 1010101,
    "ShowConditions": [
      {
        "Type": "FinishMainMission",
        "Param": "1010901"
      }
    ],
    "IsDisplayProgress": false
  },
  "5010006": {
    "QuestID": 5010006,
    "PrestigeID": 101,
    "SubTabID": 1010101,
    "ShowConditions": [
      {
        "Type": "FinishMainMission",
        "Param": "1011101"
      }
    ],
    "IsDisplayProgress": false
  },
  "5010007": {
    "QuestID": 5010007,
    "PrestigeID": 101,
    "SubTabID": 1010101,
    "ShowConditions": [
      {
        "Type": "FinishMainMission",
        "Param": "1011202"
      }
    ],
    "IsDisplayProgress": false
  },
  "5010008": {
    "QuestID": 5010008,
    "PrestigeID": 101,
    "SubTabID": 1010101,
    "ShowConditions": [
      {
        "Type": "FinishMainMission",
        "Param": "1011301"
      }
    ],
    "IsDisplayProgress": false
  },
  "5011002": {
    "QuestID": 5011002,
    "PrestigeID": 101,
    "SubTabID": 1010102,
    "ShowConditions": [
      {
        "Type": "FinishMainMission",
        "Param": "2010500"
      }
    ],
    "IsDisplayProgress": false
  },
  "5011003": {
    "QuestID": 5011003,
    "PrestigeID": 101,
    "SubTabID": 1010102,
    "ShowConditions": [
      {
        "Type": "FinishMainMission",
        "Param": "1010501"
      }
    ],
    "IsDisplayProgress": false
  },
  "5011004": {
    "QuestID": 5011004,
    "PrestigeID": 101,
    "SubTabID": 1010102,
    "ShowConditions": [
      {
        "Type": "FinishMainMission",
        "Param": "2010702"
      }
    ],
    "IsDisplayProgress": false
  },
  "5011005": {
    "QuestID": 5011005,
    "PrestigeID": 101,
    "SubTabID": 1010102,
    "ShowConditions": [
      {
        "Type": "FinishMainMission",
        "Param": "2011400"
      }
    ],
    "IsDisplayProgress": false
  },
  "5011006": {
    "QuestID": 5011006,
    "PrestigeID": 101,
    "SubTabID": 1010102,
    "ShowConditions": [
      {
        "Type": "FinishMainMission",
        "Param": "2010501"
      },
      {
        "Type": "FinishMainMission",
        "Param": "1010701"
      }
    ],
    "IsDisplayProgress": false
  },
  "5011007": {
    "QuestID": 5011007,
    "PrestigeID": 101,
    "SubTabID": 1010102,
    "ShowConditions": [
      {
        "Type": "FinishMainMission",
        "Param": "1010701"
      }
    ],
    "IsDisplayProgress": false
  },
  "5011008": {
    "QuestID": 5011008,
    "PrestigeID": 101,
    "SubTabID": 1010102,
    "ShowConditions": [
      {
        "Type": "FinishMainMission",
        "Param": "2010708"
      },
      {
        "Type": "FinishMainMission",
        "Param": "2010706"
      },
      {
        "Type": "FinishMainMission",
        "Param": "1010902"
      }
    ],
    "IsDisplayProgress": false
  },
  "5011009": {
    "QuestID": 5011009,
    "PrestigeID": 101,
    "SubTabID": 1010102,
    "ShowConditions": [
      {
        "Type": "FinishMainMission",
        "Param": "2010706"
      },
      {
        "Type": "FinishMainMission",
        "Param": "1010902"
      }
    ],
    "IsDisplayProgress": false
  },
  "5011010": {
    "QuestID": 5011010,
    "PrestigeID": 101,
    "SubTabID": 1010102,
    "ShowConditions": [
      {
        "Type": "FinishMainMission",
        "Param": "1011102"
      }
    ],
    "IsDisplayProgress": false
  },
  "5011011": {
    "QuestID": 5011011,
    "PrestigeID": 101,
    "SubTabID": 1010102,
    "ShowConditions": [
      {
        "Type": "FinishMainMission",
        "Param": "1011301"
      },
      {
        "Type": "FinishMainMission",
        "Param": "2011101"
      }
    ],
    "IsDisplayProgress": false
  },
  "5012007": {
    "QuestID": 5012007,
    "PrestigeID": 101,
    "SubTabID": 1010201,
    "ShowConditions": [
      {
        "Type": "PlayerLevel",
        "Param": "1"
      }
    ],
    "IsDisplayProgress": false
  },
  "5012025": {
    "QuestID": 5012025,
    "PrestigeID": 101,
    "SubTabID": 1010201,
    "ShowConditions": [
      {
        "Type": "FinishMainMission",
        "Param": "1010701"
      }
    ],
    "IsDisplayProgress": false
  },
  "5012029": {
    "QuestID": 5012029,
    "PrestigeID": 101,
    "SubTabID": 1010201,
    "ShowConditions": [
      {
        "Type": "PlayerLevel",
        "Param": "1"
      }
    ],
    "IsDisplayProgress": true
  },
  "5012031": {
    "QuestID": 5012031,
    "PrestigeID": 101,
    "SubTabID": 1010201,
    "ShowConditions": [
      {
        "Type": "FinishMainMission",
        "Param": "2010710"
      }
    ],
    "IsDisplayProgress": false
  },
  "5012032": {
    "QuestID": 5012032,
    "PrestigeID": 101,
    "SubTabID": 1010201,
    "ShowConditions": [
      {
        "Type": "FinishMainMission",
        "Param": "2010502"
      }
    ],
    "IsDisplayProgress": false
  },
  "5012033": {
    "QuestID": 5012033,
    "PrestigeID": 101,
    "SubTabID": 1010201,
    "ShowConditions": [
      {
        "Type": "PlayerLevel",
        "Param": "1"
      }
    ],
    "IsDisplayProgress": true
  },
  "5013001": {
    "QuestID": 5013001,
    "PrestigeID": 101,
    "SubTabID": 1010301,
    "ShowConditions": [
      {
        "Type": "FinishMainMission",
        "Param": "1010002"
      }
    ],
    "IsDisplayProgress": true
  },
  "5013002": {
    "QuestID": 5013002,
    "PrestigeID": 101,
    "SubTabID": 1010301,
    "ShowConditions": [
      {
        "Type": "FinishMainMission",
        "Param": "1010002"
      }
    ],
    "IsDisplayProgress": true
  },
  "5013003": {
    "QuestID": 5013003,
    "PrestigeID": 101,
    "SubTabID": 1010301,
    "ShowConditions": [
      {
        "Type": "FinishMainMission",
        "Param": "1010002"
      }
    ],
    "IsDisplayProgress": true
  },
  "5013004": {
    "QuestID": 5013004,
    "PrestigeID": 101,
    "SubTabID": 1010302,
    "ShowConditions": [
      {
        "Type": "FinishMainMission",
        "Param": "1010204"
      }
    ],
    "IsDisplayProgress": true
  },
  "5013005": {
    "QuestID": 5013005,
    "PrestigeID": 101,
    "SubTabID": 1010302,
    "ShowConditions": [
      {
        "Type": "FinishMainMission",
        "Param": "1010204"
      }
    ],
    "IsDisplayProgress": true
  },
  "5013006": {
    "QuestID": 5013006,
    "PrestigeID": 101,
    "SubTabID": 1010302,
    "ShowConditions": [
      {
        "Type": "FinishMainMission",
        "Param": "1010204"
      }
    ],
    "IsDisplayProgress": true
  },
  "5013007": {
    "QuestID": 5013007,
    "PrestigeID": 101,
    "SubTabID": 1010302,
    "ShowConditions": [
      {
        "Type": "FinishMainMission",
        "Param": "1010204"
      }
    ],
    "IsDisplayProgress": true
  },
  "5013008": {
    "QuestID": 5013008,
    "PrestigeID": 101,
    "SubTabID": 1010302,
    "ShowConditions": [
      {
        "Type": "FinishMainMission",
        "Param": "1010204"
      }
    ],
    "IsDisplayProgress": true
  },
  "5013009": {
    "QuestID": 5013009,
    "PrestigeID": 101,
    "SubTabID": 1010303,
    "ShowConditions": [
      {
        "Type": "FinishMainMission",
        "Param": "1010500"
      }
    ],
    "IsDisplayProgress": true
  },
  "5013010": {
    "QuestID": 5013010,
    "PrestigeID": 101,
    "SubTabID": 1010303,
    "ShowConditions": [
      {
        "Type": "FinishMainMission",
        "Param": "1010500"
      }
    ],
    "IsDisplayProgress": true
  },
  "5013011": {
    "QuestID": 5013011,
    "PrestigeID": 101,
    "SubTabID": 1010303,
    "ShowConditions": [
      {
        "Type": "FinishMainMission",
        "Param": "1010500"
      }
    ],
    "IsDisplayProgress": true
  },
  "5013012": {
    "QuestID": 5013012,
    "PrestigeID": 101,
    "SubTabID": 1010303,
    "ShowConditions": [
      {
        "Type": "FinishMainMission",
        "Param": "1010500"
      }
    ],
    "IsDisplayProgress": true
  },
  "5013013": {
    "QuestID": 5013013,
    "PrestigeID": 101,
    "SubTabID": 1010303,
    "ShowConditions": [
      {
        "Type": "FinishMainMission",
        "Param": "1010500"
      }
    ],
    "IsDisplayProgress": true
  },
  "5013015": {
    "QuestID": 5013015,
    "PrestigeID": 101,
    "SubTabID": 1010303,
    "ShowConditions": [
      {
        "Type": "FinishMainMission",
        "Param": "1010500"
      }
    ],
    "IsDisplayProgress": true
  },
  "5013016": {
    "QuestID": 5013016,
    "PrestigeID": 101,
    "SubTabID": 1010304,
    "ShowConditions": [
      {
        "Type": "FinishMainMission",
        "Param": "1010700"
      }
    ],
    "IsDisplayProgress": true
  },
  "5013017": {
    "QuestID": 5013017,
    "PrestigeID": 101,
    "SubTabID": 1010304,
    "ShowConditions": [
      {
        "Type": "FinishMainMission",
        "Param": "1010700"
      }
    ],
    "IsDisplayProgress": true
  },
  "5013018": {
    "QuestID": 5013018,
    "PrestigeID": 101,
    "SubTabID": 1010304,
    "ShowConditions": [
      {
        "Type": "FinishMainMission",
        "Param": "1010700"
      }
    ],
    "IsDisplayProgress": true
  },
  "5013019": {
    "QuestID": 5013019,
    "PrestigeID": 101,
    "SubTabID": 1010304,
    "ShowConditions": [
      {
        "Type": "FinishMainMission",
        "Param": "1010700"
      }
    ],
    "IsDisplayProgress": true
  },
  "5013020": {
    "QuestID": 5013020,
    "PrestigeID": 101,
    "SubTabID": 1010304,
    "ShowConditions": [
      {
        "Type": "FinishMainMission",
        "Param": "1010700"
      }
    ],
    "IsDisplayProgress": true
  },
  "5013021": {
    "QuestID": 5013021,
    "PrestigeID": 101,
    "SubTabID": 1010305,
    "ShowConditions": [
      {
        "Type": "FinishMainMission",
        "Param": "1010901"
      }
    ],
    "IsDisplayProgress": true
  },
  "5013022": {
    "QuestID": 5013022,
    "PrestigeID": 101,
    "SubTabID": 1010305,
    "ShowConditions": [
      {
        "Type": "FinishMainMission",
        "Param": "1010901"
      }
    ],
    "IsDisplayProgress": true
  },
  "5013023": {
    "QuestID": 5013023,
    "PrestigeID": 101,
    "SubTabID": 1010305,
    "ShowConditions": [
      {
        "Type": "FinishMainMission",
        "Param": "1010901"
      }
    ],
    "IsDisplayProgress": true
  },
  "5013024": {
    "QuestID": 5013024,
    "PrestigeID": 101,
    "SubTabID": 1010305,
    "ShowConditions": [
      {
        "Type": "FinishMainMission",
        "Param": "1010901"
      }
    ],
    "IsDisplayProgress": true
  },
  "5013025": {
    "QuestID": 5013025,
    "PrestigeID": 101,
    "SubTabID": 1010305,
    "ShowConditions": [
      {
        "Type": "FinishMainMission",
        "Param": "1010901"
      }
    ],
    "IsDisplayProgress": true
  },
  "5013026": {
    "QuestID": 5013026,
    "PrestigeID": 101,
    "SubTabID": 1010306,
    "ShowConditions": [
      {
        "Type": "FinishMainMission",
        "Param": "1011100"
      }
    ],
    "IsDisplayProgress": true
  },
  "5013027": {
    "QuestID": 5013027,
    "PrestigeID": 101,
    "SubTabID": 1010306,
    "ShowConditions": [
      {
        "Type": "FinishMainMission",
        "Param": "1011100"
      }
    ],
    "IsDisplayProgress": true
  },
  "5013028": {
    "QuestID": 5013028,
    "PrestigeID": 101,
    "SubTabID": 1010306,
    "ShowConditions": [
      {
        "Type": "FinishMainMission",
        "Param": "1011100"
      }
    ],
    "IsDisplayProgress": true
  },
  "5013029": {
    "QuestID": 5013029,
    "PrestigeID": 101,
    "SubTabID": 1010306,
    "ShowConditions": [
      {
        "Type": "FinishMainMission",
        "Param": "1011100"
      }
    ],
    "IsDisplayProgress": true
  },
  "5013031": {
    "QuestID": 5013031,
    "PrestigeID": 101,
    "SubTabID": 1010306,
    "ShowConditions": [
      {
        "Type": "FinishMainMission",
        "Param": "1011100"
      }
    ],
    "IsDisplayProgress": true
  },
  "5013032": {
    "QuestID": 5013032,
    "PrestigeID": 101,
    "SubTabID": 1010307,
    "ShowConditions": [
      {
        "Type": "FinishMainMission",
        "Param": "1011202"
      }
    ],
    "IsDisplayProgress": true
  },
  "5013033": {
    "QuestID": 5013033,
    "PrestigeID": 101,
    "SubTabID": 1010307,
    "ShowConditions": [
      {
        "Type": "FinishMainMission",
        "Param": "1011202"
      }
    ],
    "IsDisplayProgress": true
  },
  "5013034": {
    "QuestID": 5013034,
    "PrestigeID": 101,
    "SubTabID": 1010307,
    "ShowConditions": [
      {
        "Type": "FinishMainMission",
        "Param": "1011202"
      }
    ],
    "IsDisplayProgress": true
  },
  "5013036": {
    "QuestID": 5013036,
    "PrestigeID": 101,
    "SubTabID": 1010307,
    "ShowConditions": [
      {
        "Type": "FinishMainMission",
        "Param": "1011202"
      }
    ],
    "IsDisplayProgress": true
  },
  "5013037": {
    "QuestID": 5013037,
    "PrestigeID": 101,
    "SubTabID": 1010308,
    "ShowConditions": [
      {
        "Type": "FinishMainMission",
        "Param": "1011403"
      }
    ],
    "IsDisplayProgress": true
  },
  "5013038": {
    "QuestID": 5013038,
    "PrestigeID": 101,
    "SubTabID": 1010308,
    "ShowConditions": [
      {
        "Type": "FinishMainMission",
        "Param": "1011403"
      }
    ],
    "IsDisplayProgress": true
  }
}