{
  "100:1": {
    "PrestigeID": 100,
    "Level": 1,
    "Count": 0,
    "LevelName": {
      "hash": 2982661
    },
    "PrestigeLevelReward": 0,
    "IsHighLight": false
  },
  "100:2": {
    "PrestigeID": 100,
    "Level": 2,
    "Count": 90,
    "LevelName": {
      "hash": 2982662
    },
    "PrestigeLevelReward": 112002,
    "IsHighLight": false
  },
  "100:3": {
    "PrestigeID": 100,
    "Level": 3,
    "Count": 180,
    "LevelName": {
      "hash": 2982663
    },
    "PrestigeLevelReward": 112003,
    "IsHighLight": false
  },
  "100:4": {
    "PrestigeID": 100,
    "Level": 4,
    "Count": 270,
    "LevelName": {
      "hash": 2982664
    },
    "PrestigeLevelReward": 112004,
    "IsHighLight": false
  },
  "100:5": {
    "PrestigeID": 100,
    "Level": 5,
    "Count": 380,
    "LevelName": {
      "hash": 2982665
    },
    "PrestigeLevelReward": 112005,
    "IsHighLight": true
  },
  "100:6": {
    "PrestigeID": 100,
    "Level": 6,
    "Count": 490,
    "LevelName": {
      "hash": 2982666
    },
    "PrestigeLevelReward": 112006,
    "IsHighLight": false
  },
  "100:7": {
    "PrestigeID": 100,
    "Level": 7,
    "Count": 600,
    "LevelName": {
      "hash": 2982667
    },
    "PrestigeLevelReward": 112007,
    "IsHighLight": false
  },
  "100:8": {
    "PrestigeID": 100,
    "Level": 8,
    "Count": 720,
    "LevelName": {
      "hash": 2982668
    },
    "PrestigeLevelReward": 112008,
    "IsHighLight": false
  },
  "100:9": {
    "PrestigeID": 100,
    "Level": 9,
    "Count": 840,
    "LevelName": {
      "hash": 2982669
    },
    "PrestigeLevelReward": 112009,
    "IsHighLight": false
  },
  "100:10": {
    "PrestigeID": 100,
    "Level": 10,
    "Count": 960,
    "LevelName": {
      "hash": 1569066601
    },
    "PrestigeLevelReward": 112010,
    "IsHighLight": true
  },
  "101:1": {
    "PrestigeID": 101,
    "Level": 1,
    "Count": 0,
    "LevelName": {
      "hash": 2982628
    },
    "PrestigeLevelReward": 0,
    "IsHighLight": false
  },
  "101:2": {
    "PrestigeID": 101,
    "Level": 2,
    "Count": 100,
    "LevelName": {
      "hash": 2982631
    },
    "PrestigeLevelReward": 112102,
    "IsHighLight": false
  },
  "101:3": {
    "PrestigeID": 101,
    "Level": 3,
    "Count": 200,
    "LevelName": {
      "hash": 2982630
    },
    "PrestigeLevelReward": 112103,
    "IsHighLight": false
  },
  "101:4": {
    "PrestigeID": 101,
    "Level": 4,
    "Count": 300,
    "LevelName": {
      "hash": 2982633
    },
    "PrestigeLevelReward": 112104,
    "IsHighLight": false
  },
  "101:5": {
    "PrestigeID": 101,
    "Level": 5,
    "Count": 400,
    "LevelName": {
      "hash": 2982632
    },
    "PrestigeLevelReward": 112105,
    "IsHighLight": true
  },
  "101:6": {
    "PrestigeID": 101,
    "Level": 6,
    "Count": 510,
    "LevelName": {
      "hash": 2982635
    },
    "PrestigeLevelReward": 112106,
    "IsHighLight": false
  },
  "101:7": {
    "PrestigeID": 101,
    "Level": 7,
    "Count": 620,
    "LevelName": {
      "hash": 2982634
    },
    "PrestigeLevelReward": 112107,
    "IsHighLight": false
  },
  "101:8": {
    "PrestigeID": 101,
    "Level": 8,
    "Count": 730,
    "LevelName": {
      "hash": 2982637
    },
    "PrestigeLevelReward": 112108,
    "IsHighLight": false
  },
  "101:9": {
    "PrestigeID": 101,
    "Level": 9,
    "Count": 840,
    "LevelName": {
      "hash": 2982636
    },
    "PrestigeLevelReward": 112109,
    "IsHighLight": false
  },
  "101:10": {
    "PrestigeID": 101,
    "Level": 10,
    "Count": 950,
    "LevelName": {
      "hash": 1569066570
    },
    "PrestigeLevelReward": 112110,
    "IsHighLight": true
  },
  "101:11": {
    "PrestigeID": 101,
    "Level": 11,
    "Count": 1070,
    "LevelName": {
      "hash": 1569066569
    },
    "PrestigeLevelReward": 112111,
    "IsHighLight": false
  },
  "101:12": {
    "PrestigeID": 101,
    "Level": 12,
    "Count": 1190,
    "LevelName": {
      "hash": 1569066572
    },
    "PrestigeLevelReward": 112112,
    "IsHighLight": false
  },
  "101:13": {
    "PrestigeID": 101,
    "Level": 13,
    "Count": 1310,
    "LevelName": {
      "hash": 1569066571
    },
    "PrestigeLevelReward": 112113,
    "IsHighLight": false
  },
  "101:14": {
    "PrestigeID": 101,
    "Level": 14,
    "Count": 1430,
    "LevelName": {
      "hash": 1569066574
    },
    "PrestigeLevelReward": 112114,
    "IsHighLight": false
  },
  "101:15": {
    "PrestigeID": 101,
    "Level": 15,
    "Count": 1550,
    "LevelName": {
      "hash": 1569066573
    },
    "PrestigeLevelReward": 112115,
    "IsHighLight": true
  },
  "101:16": {
    "PrestigeID": 101,
    "Level": 16,
    "Count": 1680,
    "LevelName": {
      "hash": 1569066576
    },
    "PrestigeLevelReward": 112116,
    "IsHighLight": false
  },
  "101:17": {
    "PrestigeID": 101,
    "Level": 17,
    "Count": 1810,
    "LevelName": {
      "hash": 1569066575
    },
    "PrestigeLevelReward": 112117,
    "IsHighLight": false
  },
  "101:18": {
    "PrestigeID": 101,
    "Level": 18,
    "Count": 1940,
    "LevelName": {
      "hash": 1569066578
    },
    "PrestigeLevelReward": 112118,
    "IsHighLight": false
  },
  "101:19": {
    "PrestigeID": 101,
    "Level": 19,
    "Count": 2070,
    "LevelName": {
      "hash": 1569066577
    },
    "PrestigeLevelReward": 112119,
    "IsHighLight": false
  },
  "101:20": {
    "PrestigeID": 101,
    "Level": 20,
    "Count": 2200,
    "LevelName": {
      "hash": -1159816785
    },
    "PrestigeLevelReward": 112120,
    "IsHighLight": true
  }
}