{
  "1": {
    "ID": 1,
    "LimitType": "IncludeAvatar",
    "ParamType": "Equal",
    "ParamInt1": 8001,
    "ParamInt2": 0,
    "LitmiteDesc": {
      "hash": -1254714648
    }
  },
  "2": {
    "ID": 2,
    "LimitType": "TeamLevel",
    "ParamType": "Greater",
    "ParamInt1": 25,
    "ParamInt2": 0,
    "LitmiteDesc": {
      "hash": -1254714651
    }
  },
  "3": {
    "ID": 3,
    "LimitType": "HasMainMission",
    "ParamType": "Equal",
    "ParamInt1": 2011301,
    "ParamInt2": 0,
    "LitmiteDesc": {
      "hash": -1254714650
    }
  }
}