{
  "1:0": {
    "TypeID": 1,
    "Level": 0,
    "Exp": 540
  },
  "1:1": {
    "TypeID": 1,
    "Level": 1,
    "Exp": 690
  },
  "1:2": {
    "TypeID": 1,
    "Level": 2,
    "Exp": 840
  },
  "1:3": {
    "TypeID": 1,
    "Level": 3,
    "Exp": 1020
  },
  "1:4": {
    "TypeID": 1,
    "Level": 4,
    "Exp": 1230
  },
  "1:5": {
    "TypeID": 1,
    "Level": 5,
    "Exp": 1440
  },
  "1:6": {
    "TypeID": 1,
    "Level": 6,
    "Exp": 0
  },
  "1:7": {
    "TypeID": 1,
    "Level": 7,
    "Exp": 0
  },
  "1:8": {
    "TypeID": 1,
    "Level": 8,
    "Exp": 0
  },
  "1:9": {
    "TypeID": 1,
    "Level": 9,
    "Exp": 0
  },
  "1:10": {
    "TypeID": 1,
    "Level": 10,
    "Exp": 0
  },
  "1:11": {
    "TypeID": 1,
    "Level": 11,
    "Exp": 0
  },
  "1:12": {
    "TypeID": 1,
    "Level": 12,
    "Exp": 0
  },
  "1:13": {
    "TypeID": 1,
    "Level": 13,
    "Exp": 0
  },
  "1:14": {
    "TypeID": 1,
    "Level": 14,
    "Exp": 0
  },
  "1:15": {
    "TypeID": 1,
    "Level": 15,
    "Exp": 0
  },
  "2:0": {
    "TypeID": 2,
    "Level": 0,
    "Exp": 900
  },
  "2:1": {
    "TypeID": 2,
    "Level": 1,
    "Exp": 1150
  },
  "2:2": {
    "TypeID": 2,
    "Level": 2,
    "Exp": 1400
  },
  "2:3": {
    "TypeID": 2,
    "Level": 3,
    "Exp": 1700
  },
  "2:4": {
    "TypeID": 2,
    "Level": 4,
    "Exp": 2050
  },
  "2:5": {
    "TypeID": 2,
    "Level": 5,
    "Exp": 2400
  },
  "2:6": {
    "TypeID": 2,
    "Level": 6,
    "Exp": 2900
  },
  "2:7": {
    "TypeID": 2,
    "Level": 7,
    "Exp": 3500
  },
  "2:8": {
    "TypeID": 2,
    "Level": 8,
    "Exp": 4300
  },
  "2:9": {
    "TypeID": 2,
    "Level": 9,
    "Exp": 0
  },
  "2:10": {
    "TypeID": 2,
    "Level": 10,
    "Exp": 0
  },
  "2:11": {
    "TypeID": 2,
    "Level": 11,
    "Exp": 0
  },
  "2:12": {
    "TypeID": 2,
    "Level": 12,
    "Exp": 0
  },
  "2:13": {
    "TypeID": 2,
    "Level": 13,
    "Exp": 0
  },
  "2:14": {
    "TypeID": 2,
    "Level": 14,
    "Exp": 0
  },
  "2:15": {
    "TypeID": 2,
    "Level": 15,
    "Exp": 0
  },
  "3:0": {
    "TypeID": 3,
    "Level": 0,
    "Exp": 1440
  },
  "3:1": {
    "TypeID": 3,
    "Level": 1,
    "Exp": 1840
  },
  "3:2": {
    "TypeID": 3,
    "Level": 2,
    "Exp": 2240
  },
  "3:3": {
    "TypeID": 3,
    "Level": 3,
    "Exp": 2720
  },
  "3:4": {
    "TypeID": 3,
    "Level": 4,
    "Exp": 3280
  },
  "3:5": {
    "TypeID": 3,
    "Level": 5,
    "Exp": 3840
  },
  "3:6": {
    "TypeID": 3,
    "Level": 6,
    "Exp": 4640
  },
  "3:7": {
    "TypeID": 3,
    "Level": 7,
    "Exp": 5600
  },
  "3:8": {
    "TypeID": 3,
    "Level": 8,
    "Exp": 6880
  },
  "3:9": {
    "TypeID": 3,
    "Level": 9,
    "Exp": 8400
  },
  "3:10": {
    "TypeID": 3,
    "Level": 10,
    "Exp": 10320
  },
  "3:11": {
    "TypeID": 3,
    "Level": 11,
    "Exp": 12800
  },
  "3:12": {
    "TypeID": 3,
    "Level": 12,
    "Exp": 0
  },
  "3:13": {
    "TypeID": 3,
    "Level": 13,
    "Exp": 0
  },
  "3:14": {
    "TypeID": 3,
    "Level": 14,
    "Exp": 0
  },
  "3:15": {
    "TypeID": 3,
    "Level": 15,
    "Exp": 0
  },
  "4:0": {
    "TypeID": 4,
    "Level": 0,
    "Exp": 1800
  },
  "4:1": {
    "TypeID": 4,
    "Level": 1,
    "Exp": 2300
  },
  "4:2": {
    "TypeID": 4,
    "Level": 2,
    "Exp": 2800
  },
  "4:3": {
    "TypeID": 4,
    "Level": 3,
    "Exp": 3400
  },
  "4:4": {
    "TypeID": 4,
    "Level": 4,
    "Exp": 4100
  },
  "4:5": {
    "TypeID": 4,
    "Level": 5,
    "Exp": 4800
  },
  "4:6": {
    "TypeID": 4,
    "Level": 6,
    "Exp": 5800
  },
  "4:7": {
    "TypeID": 4,
    "Level": 7,
    "Exp": 7000
  },
  "4:8": {
    "TypeID": 4,
    "Level": 8,
    "Exp": 8600
  },
  "4:9": {
    "TypeID": 4,
    "Level": 9,
    "Exp": 10500
  },
  "4:10": {
    "TypeID": 4,
    "Level": 10,
    "Exp": 12900
  },
  "4:11": {
    "TypeID": 4,
    "Level": 11,
    "Exp": 16000
  },
  "4:12": {
    "TypeID": 4,
    "Level": 12,
    "Exp": 19800
  },
  "4:13": {
    "TypeID": 4,
    "Level": 13,
    "Exp": 24400
  },
  "4:14": {
    "TypeID": 4,
    "Level": 14,
    "Exp": 30100
  },
  "4:15": {
    "TypeID": 4,
    "Level": 15,
    "Exp": 0
  }
}