{
  "InventoryPage": {
    "PageKey": "InventoryPage",
    "CurrencyIDList": [
      2,
      1
    ],
    "IsDetailButton": false
  },
  "SkillTreePointDetailPanel": {
    "PageKey": "SkillTreePointDetailPanel",
    "CurrencyIDList": [
      2
    ],
    "IsDetailButton": false
  },
  "SwitchAreaPage": {
    "PageKey": "SwitchAreaPage",
    "CurrencyIDList": [
      11
    ],
    "IsDetailButton": false
  },
  "MapOverviewPage": {
    "PageKey": "MapOverviewPage",
    "CurrencyIDList": [
      11
    ],
    "IsDetailButton": false
  },
  "AvatarLevelUpDialog": {
    "PageKey": "AvatarLevelUpDialog",
    "CurrencyIDList": [
      2
    ],
    "IsDetailButton": false
  },
  "AvatarPromotionDialog": {
    "PageKey": "AvatarPromotionDialog",
    "CurrencyIDList": [
      2
    ],
    "IsDetailButton": false
  },
  "Shop101Page": {
    "PageKey": "Shop101Page",
    "CurrencyIDList": [
      1,
      2
    ],
    "IsDetailButton": false
  },
  "Shop102Page": {
    "PageKey": "Shop102Page",
    "CurrencyIDList": [
      120001
    ],
    "IsDetailButton": false
  },
  "Shop103Page": {
    "PageKey": "Shop103Page",
    "CurrencyIDList": [
      120002
    ],
    "IsDetailButton": false
  },
  "Shop104Page": {
    "PageKey": "Shop104Page",
    "CurrencyIDList": [
      252
    ],
    "IsDetailButton": false
  },
  "Shop105Page": {
    "PageKey": "Shop105Page",
    "CurrencyIDList": [
      251
    ],
    "IsDetailButton": false
  },
  "EquipmentLevelUpPanel": {
    "PageKey": "EquipmentLevelUpPanel",
    "CurrencyIDList": [
      2
    ],
    "IsDetailButton": false
  },
  "EquipmentPromotionPanel": {
    "PageKey": "EquipmentPromotionPanel",
    "CurrencyIDList": [
      2
    ],
    "IsDetailButton": false
  },
  "RewardConfirmDialog": {
    "PageKey": "RewardConfirmDialog",
    "CurrencyIDList": [
      11
    ],
    "IsDetailButton": false
  },
  "Shop201Page": {
    "PageKey": "Shop201Page",
    "CurrencyIDList": [
      2
    ],
    "IsDetailButton": false
  },
  "Shop301Page": {
    "PageKey": "Shop301Page",
    "CurrencyIDList": [
      2
    ],
    "IsDetailButton": false
  },
  "Shop401Page": {
    "PageKey": "Shop401Page",
    "CurrencyIDList": [
      2
    ],
    "IsDetailButton": false
  },
  "ItemComposePage": {
    "PageKey": "ItemComposePage",
    "CurrencyIDList": [
      2
    ],
    "IsDetailButton": false
  },
  "MapContainerPanel": {
    "PageKey": "MapContainerPanel",
    "CurrencyIDList": [
      11
    ],
    "IsDetailButton": false
  },
  "StandardGachaPage": {
    "PageKey": "StandardGachaPage",
    "CurrencyIDList": [
      101,
      1
    ],
    "IsDetailButton": true
  },
  "CharacterGachaPage": {
    "PageKey": "CharacterGachaPage",
    "CurrencyIDList": [
      102,
      1
    ],
    "IsDetailButton": true
  },
  "LightconeGachaPage": {
    "PageKey": "LightconeGachaPage",
    "CurrencyIDList": [
      102,
      1
    ],
    "IsDetailButton": true
  },
  "Shop999Page": {
    "PageKey": "Shop999Page",
    "CurrencyIDList": [
      1
    ],
    "IsDetailButton": false
  },
  "Shop501Page": {
    "PageKey": "Shop501Page",
    "CurrencyIDList": [
      31
    ],
    "IsDetailButton": false
  },
  "Shop502Page": {
    "PageKey": "Shop502Page",
    "CurrencyIDList": [
      31
    ],
    "IsDetailButton": false
  },
  "Shop503Page": {
    "PageKey": "Shop503Page",
    "CurrencyIDList": [
      31
    ],
    "IsDetailButton": false
  },
  "Shop504Page": {
    "PageKey": "Shop504Page",
    "CurrencyIDList": [
      501
    ],
    "IsDetailButton": false
  },
  "Shop505Page": {
    "PageKey": "Shop505Page",
    "CurrencyIDList": [
      502
    ],
    "IsDetailButton": false
  },
  "Shop601Page": {
    "PageKey": "Shop601Page",
    "CurrencyIDList": [
      120001
    ],
    "IsDetailButton": false
  },
  "Shop991Page": {
    "PageKey": "Shop991Page",
    "CurrencyIDList": [
      2
    ],
    "IsDetailButton": false
  },
  "Shop992Page": {
    "PageKey": "Shop992Page",
    "CurrencyIDList": [
      2
    ],
    "IsDetailButton": false
  },
  "RogueConfirmRecoverStaminaDialog": {
    "PageKey": "RogueConfirmRecoverStaminaDialog",
    "CurrencyIDList": [
      31,
      32
    ],
    "IsDetailButton": false
  },
  "RogueConfirmReviveAvatarDialog": {
    "PageKey": "RogueConfirmReviveAvatarDialog",
    "CurrencyIDList": [
      31
    ],
    "IsDetailButton": false
  },
  "InventoryPage_Rogue": {
    "PageKey": "InventoryPage_Rogue",
    "CurrencyIDList": [
      31
    ],
    "IsDetailButton": false
  },
  "Shop993Page": {
    "PageKey": "Shop993Page",
    "CurrencyIDList": [
      2
    ],
    "IsDetailButton": false
  },
  "RogueAppraisalPage": {
    "PageKey": "RogueAppraisalPage",
    "CurrencyIDList": [],
    "IsDetailButton": false
  },
  "Shop994Page": {
    "PageKey": "Shop994Page",
    "CurrencyIDList": [
      2
    ],
    "IsDetailButton": false
  },
  "RogueSelectBuffDialog": {
    "PageKey": "RogueSelectBuffDialog",
    "CurrencyIDList": [
      31
    ],
    "IsDetailButton": false
  },
  "Shop995Page": {
    "PageKey": "Shop995Page",
    "CurrencyIDList": [
      2
    ],
    "IsDetailButton": false
  },
  "RechargePage": {
    "PageKey": "RechargePage",
    "CurrencyIDList": [
      3,
      1
    ],
    "IsDetailButton": true
  },
  "FarmRelicRewardDialog": {
    "PageKey": "FarmRelicRewardDialog",
    "CurrencyIDList": [
      11
    ],
    "IsDetailButton": false
  },
  "FarmRelicPage": {
    "PageKey": "FarmRelicPage",
    "CurrencyIDList": [
      11
    ],
    "IsDetailButton": false
  },
  "FarmElementPage": {
    "PageKey": "FarmElementPage",
    "CurrencyIDList": [
      11
    ],
    "IsDetailButton": false
  },
  "RogueBuffShopPage": {
    "PageKey": "RogueBuffShopPage",
    "CurrencyIDList": [
      31
    ],
    "IsDetailButton": false
  },
  "RelicUpgradePage": {
    "PageKey": "RelicUpgradePage",
    "CurrencyIDList": [
      2
    ],
    "IsDetailButton": false
  },
  "RogueMapSelectPage": {
    "PageKey": "RogueMapSelectPage",
    "CurrencyIDList": [
      32
    ],
    "IsDetailButton": false
  },
  "RogueSelectBuffPage": {
    "PageKey": "RogueSelectBuffPage",
    "CurrencyIDList": [
      31
    ],
    "IsDetailButton": false
  },
  "RogueMenuPage": {
    "PageKey": "RogueMenuPage",
    "CurrencyIDList": [
      31
    ],
    "IsDetailButton": false
  }
}