{
  "0": {
    "ErrorID": 0,
    "Text": {
      "hash": -101987035
    }
  },
  "1": {
    "ErrorID": 1,
    "Text": {
      "hash": 1464096906
    }
  },
  "2": {
    "ErrorID": 2,
    "Text": {
      "hash": 1060812379
    }
  },
  "3": {
    "ErrorID": 3,
    "Text": {
      "hash": -1668070976
    }
  },
  "4": {
    "ErrorID": 4,
    "Text": {
      "hash": 1867381433
    }
  },
  "5": {
    "ErrorID": 5,
    "Text": {
      "hash": -861501922
    }
  },
  "6": {
    "ErrorID": 6,
    "Text": {
      "hash": -1264786449
    }
  },
  "7": {
    "ErrorID": 7,
    "Text": {
      "hash": 301297492
    }
  },
  "8": {
    "ErrorID": 8,
    "Text": {
      "hash": -458217395
    }
  },
  "9": {
    "ErrorID": 9,
    "Text": {
      "hash": 1107866546
    }
  },
  "1000": {
    "ErrorID": 1000,
    "Text": {
      "hash": 1058611706
    }
  },
  "1001": {
    "ErrorID": 1001,
    "Text": {
      "hash": 1058611705
    }
  },
  "1002": {
    "ErrorID": 1002,
    "Text": {
      "hash": 1058611704
    }
  },
  "1003": {
    "ErrorID": 1003,
    "Text": {
      "hash": 1058611703
    }
  },
  "1004": {
    "ErrorID": 1004,
    "Text": {
      "hash": 1058611710
    }
  },
  "1005": {
    "ErrorID": 1005,
    "Text": {
      "hash": 1058611709
    }
  },
  "1006": {
    "ErrorID": 1006,
    "Text": {
      "hash": 1058611708
    }
  },
  "1007": {
    "ErrorID": 1007,
    "Text": {
      "hash": 1058611707
    }
  },
  "1008": {
    "ErrorID": 1008,
    "Text": {
      "hash": 1058611698
    }
  },
  "1009": {
    "ErrorID": 1009,
    "Text": {
      "hash": 1058611697
    }
  },
  "1010": {
    "ErrorID": 1010,
    "Text": {
      "hash": -507472235
    }
  },
  "1011": {
    "ErrorID": 1011,
    "Text": {
      "hash": -507472236
    }
  },
  "1012": {
    "ErrorID": 1012,
    "Text": {
      "hash": -507472237
    }
  },
  "1013": {
    "ErrorID": 1013,
    "Text": {
      "hash": -507472238
    }
  },
  "1100": {
    "ErrorID": 1100,
    "Text": {
      "hash": 1058611737
    }
  },
  "1101": {
    "ErrorID": 1101,
    "Text": {
      "hash": 1058611738
    }
  },
  "1102": {
    "ErrorID": 1102,
    "Text": {
      "hash": 1058611735
    }
  },
  "1103": {
    "ErrorID": 1103,
    "Text": {
      "hash": 1058611736
    }
  },
  "1104": {
    "ErrorID": 1104,
    "Text": {
      "hash": 1058611741
    }
  },
  "1105": {
    "ErrorID": 1105,
    "Text": {
      "hash": 1058611742
    }
  },
  "1200": {
    "ErrorID": 1200,
    "Text": {
      "hash": 1058611640
    }
  },
  "1201": {
    "ErrorID": 1201,
    "Text": {
      "hash": 1058611639
    }
  },
  "1202": {
    "ErrorID": 1202,
    "Text": {
      "hash": 1058611642
    }
  },
  "1203": {
    "ErrorID": 1203,
    "Text": {
      "hash": 1058611641
    }
  },
  "1204": {
    "ErrorID": 1204,
    "Text": {
      "hash": 1058611644
    }
  },
  "1205": {
    "ErrorID": 1205,
    "Text": {
      "hash": 1058611643
    }
  },
  "1206": {
    "ErrorID": 1206,
    "Text": {
      "hash": 1058611646
    }
  },
  "1207": {
    "ErrorID": 1207,
    "Text": {
      "hash": 1058611645
    }
  },
  "1208": {
    "ErrorID": 1208,
    "Text": {
      "hash": 1058611632
    }
  },
  "1209": {
    "ErrorID": 1209,
    "Text": {
      "hash": 1058611631
    }
  },
  "1210": {
    "ErrorID": 1210,
    "Text": {
      "hash": -507472301
    }
  },
  "1211": {
    "ErrorID": 1211,
    "Text": {
      "hash": -507472302
    }
  },
  "1212": {
    "ErrorID": 1212,
    "Text": {
      "hash": -507472299
    }
  },
  "1213": {
    "ErrorID": 1213,
    "Text": {
      "hash": -507472300
    }
  },
  "1214": {
    "ErrorID": 1214,
    "Text": {
      "hash": -507472297
    }
  },
  "1215": {
    "ErrorID": 1215,
    "Text": {
      "hash": -507472298
    }
  },
  "1216": {
    "ErrorID": 1216,
    "Text": {
      "hash": -507472295
    }
  },
  "1217": {
    "ErrorID": 1217,
    "Text": {
      "hash": -507472296
    }
  },
  "1218": {
    "ErrorID": 1218,
    "Text": {
      "hash": -507472309
    }
  },
  "1300": {
    "ErrorID": 1300,
    "Text": {
      "hash": 1058611671
    }
  },
  "1301": {
    "ErrorID": 1301,
    "Text": {
      "hash": 1058611672
    }
  },
  "1302": {
    "ErrorID": 1302,
    "Text": {
      "hash": 1058611673
    }
  },
  "1303": {
    "ErrorID": 1303,
    "Text": {
      "hash": 1058611674
    }
  },
  "1304": {
    "ErrorID": 1304,
    "Text": {
      "hash": 1058611675
    }
  },
  "1305": {
    "ErrorID": 1305,
    "Text": {
      "hash": 1058611676
    }
  },
  "1306": {
    "ErrorID": 1306,
    "Text": {
      "hash": 1058611677
    }
  },
  "1307": {
    "ErrorID": 1307,
    "Text": {
      "hash": 1058611678
    }
  },
  "1308": {
    "ErrorID": 1308,
    "Text": {
      "hash": 1058611663
    }
  },
  "1309": {
    "ErrorID": 1309,
    "Text": {
      "hash": 1058611664
    }
  },
  "1310": {
    "ErrorID": 1310,
    "Text": {
      "hash": -507472270
    }
  },
  "1311": {
    "ErrorID": 1311,
    "Text": {
      "hash": -507472269
    }
  },
  "1312": {
    "ErrorID": 1312,
    "Text": {
      "hash": -507472268
    }
  },
  "1313": {
    "ErrorID": 1313,
    "Text": {
      "hash": -507472267
    }
  },
  "1314": {
    "ErrorID": 1314,
    "Text": {
      "hash": -507472266
    }
  },
  "1315": {
    "ErrorID": 1315,
    "Text": {
      "hash": -507472265
    }
  },
  "1316": {
    "ErrorID": 1316,
    "Text": {
      "hash": -507472264
    }
  },
  "1317": {
    "ErrorID": 1317,
    "Text": {
      "hash": -507472263
    }
  },
  "1318": {
    "ErrorID": 1318,
    "Text": {
      "hash": -507472278
    }
  },
  "1319": {
    "ErrorID": 1319,
    "Text": {
      "hash": -507472277
    }
  },
  "1350": {
    "ErrorID": 1350,
    "Text": {
      "hash": 1461896198
    }
  },
  "1351": {
    "ErrorID": 1351,
    "Text": {
      "hash": 1461896199
    }
  },
  "1352": {
    "ErrorID": 1352,
    "Text": {
      "hash": 1461896200
    }
  },
  "1353": {
    "ErrorID": 1353,
    "Text": {
      "hash": 1461896201
    }
  },
  "1354": {
    "ErrorID": 1354,
    "Text": {
      "hash": 1461896202
    }
  },
  "1355": {
    "ErrorID": 1355,
    "Text": {
      "hash": 1461896203
    }
  },
  "1356": {
    "ErrorID": 1356,
    "Text": {
      "hash": 1461896204
    }
  },
  "1357": {
    "ErrorID": 1357,
    "Text": {
      "hash": 1461896205
    }
  },
  "1358": {
    "ErrorID": 1358,
    "Text": {
      "hash": 1461896190
    }
  },
  "1359": {
    "ErrorID": 1359,
    "Text": {
      "hash": 1461896191
    }
  },
  "1360": {
    "ErrorID": 1360,
    "Text": {
      "hash": -104187743
    }
  },
  "1361": {
    "ErrorID": 1361,
    "Text": {
      "hash": -104187742
    }
  },
  "1362": {
    "ErrorID": 1362,
    "Text": {
      "hash": -104187741
    }
  },
  "1363": {
    "ErrorID": 1363,
    "Text": {
      "hash": -104187740
    }
  },
  "1364": {
    "ErrorID": 1364,
    "Text": {
      "hash": -104187739
    }
  },
  "1365": {
    "ErrorID": 1365,
    "Text": {
      "hash": -104187738
    }
  },
  "1366": {
    "ErrorID": 1366,
    "Text": {
      "hash": -104187737
    }
  },
  "1367": {
    "ErrorID": 1367,
    "Text": {
      "hash": -104187736
    }
  },
  "1368": {
    "ErrorID": 1368,
    "Text": {
      "hash": -104187751
    }
  },
  "1369": {
    "ErrorID": 1369,
    "Text": {
      "hash": -104187750
    }
  },
  "1370": {
    "ErrorID": 1370,
    "Text": {
      "hash": -1670271684
    }
  },
  "1400": {
    "ErrorID": 1400,
    "Text": {
      "hash": 1058611838
    }
  },
  "1401": {
    "ErrorID": 1401,
    "Text": {
      "hash": 1058611837
    }
  },
  "1402": {
    "ErrorID": 1402,
    "Text": {
      "hash": 1058611836
    }
  },
  "1403": {
    "ErrorID": 1403,
    "Text": {
      "hash": 1058611835
    }
  },
  "1404": {
    "ErrorID": 1404,
    "Text": {
      "hash": 1058611834
    }
  },
  "1405": {
    "ErrorID": 1405,
    "Text": {
      "hash": 1058611833
    }
  },
  "1406": {
    "ErrorID": 1406,
    "Text": {
      "hash": 1058611832
    }
  },
  "1407": {
    "ErrorID": 1407,
    "Text": {
      "hash": 1058611831
    }
  },
  "1408": {
    "ErrorID": 1408,
    "Text": {
      "hash": 1058611830
    }
  },
  "1409": {
    "ErrorID": 1409,
    "Text": {
      "hash": 1058611829
    }
  },
  "1410": {
    "ErrorID": 1410,
    "Text": {
      "hash": -507472103
    }
  },
  "1411": {
    "ErrorID": 1411,
    "Text": {
      "hash": -507472104
    }
  },
  "1412": {
    "ErrorID": 1412,
    "Text": {
      "hash": -507472105
    }
  },
  "1413": {
    "ErrorID": 1413,
    "Text": {
      "hash": -507472106
    }
  },
  "1414": {
    "ErrorID": 1414,
    "Text": {
      "hash": -507472107
    }
  },
  "1415": {
    "ErrorID": 1415,
    "Text": {
      "hash": -507472108
    }
  },
  "1416": {
    "ErrorID": 1416,
    "Text": {
      "hash": -507472109
    }
  },
  "1417": {
    "ErrorID": 1417,
    "Text": {
      "hash": -507472110
    }
  },
  "1418": {
    "ErrorID": 1418,
    "Text": {
      "hash": -507472111
    }
  },
  "1419": {
    "ErrorID": 1419,
    "Text": {
      "hash": -507472112
    }
  },
  "1420": {
    "ErrorID": 1420,
    "Text": {
      "hash": -2073556044
    }
  },
  "1421": {
    "ErrorID": 1421,
    "Text": {
      "hash": -2073556045
    }
  },
  "1700": {
    "ErrorID": 1700,
    "Text": {
      "hash": 1058611803
    }
  },
  "1701": {
    "ErrorID": 1701,
    "Text": {
      "hash": 1058611804
    }
  },
  "1702": {
    "ErrorID": 1702,
    "Text": {
      "hash": 1058611805
    }
  },
  "1703": {
    "ErrorID": 1703,
    "Text": {
      "hash": 1058611806
    }
  },
  "1704": {
    "ErrorID": 1704,
    "Text": {
      "hash": 1058611799
    }
  },
  "1800": {
    "ErrorID": 1800,
    "Text": {
      "hash": 1058611442
    }
  },
  "1801": {
    "ErrorID": 1801,
    "Text": {
      "hash": 1058611441
    }
  },
  "1802": {
    "ErrorID": 1802,
    "Text": {
      "hash": 1058611440
    }
  },
  "1804": {
    "ErrorID": 1804,
    "Text": {
      "hash": 1058611446
    }
  },
  "1805": {
    "ErrorID": 1805,
    "Text": {
      "hash": 1058611445
    }
  },
  "1806": {
    "ErrorID": 1806,
    "Text": {
      "hash": 1058611444
    }
  },
  "1807": {
    "ErrorID": 1807,
    "Text": {
      "hash": 1058611443
    }
  },
  "1808": {
    "ErrorID": 1808,
    "Text": {
      "hash": 1058611450
    }
  },
  "1809": {
    "ErrorID": 1809,
    "Text": {
      "hash": 1058611449
    }
  },
  "1900": {
    "ErrorID": 1900,
    "Text": {
      "hash": 1058611473
    }
  },
  "1901": {
    "ErrorID": 1901,
    "Text": {
      "hash": 1058611474
    }
  },
  "1902": {
    "ErrorID": 1902,
    "Text": {
      "hash": 1058611471
    }
  },
  "1903": {
    "ErrorID": 1903,
    "Text": {
      "hash": 1058611472
    }
  },
  "2000": {
    "ErrorID": 2000,
    "Text": {
      "hash": 2080248619
    }
  },
  "2001": {
    "ErrorID": 2001,
    "Text": {
      "hash": 2080248618
    }
  },
  "2002": {
    "ErrorID": 2002,
    "Text": {
      "hash": 2080248617
    }
  },
  "2003": {
    "ErrorID": 2003,
    "Text": {
      "hash": 2080248616
    }
  },
  "2004": {
    "ErrorID": 2004,
    "Text": {
      "hash": 2080248623
    }
  },
  "2005": {
    "ErrorID": 2005,
    "Text": {
      "hash": 2080248622
    }
  },
  "2006": {
    "ErrorID": 2006,
    "Text": {
      "hash": 2080248621
    }
  },
  "2007": {
    "ErrorID": 2007,
    "Text": {
      "hash": 2080248620
    }
  },
  "2100": {
    "ErrorID": 2100,
    "Text": {
      "hash": 2080248650
    }
  },
  "2101": {
    "ErrorID": 2101,
    "Text": {
      "hash": 2080248651
    }
  },
  "2102": {
    "ErrorID": 2102,
    "Text": {
      "hash": 2080248648
    }
  },
  "2103": {
    "ErrorID": 2103,
    "Text": {
      "hash": 2080248649
    }
  },
  "2104": {
    "ErrorID": 2104,
    "Text": {
      "hash": 2080248654
    }
  },
  "2105": {
    "ErrorID": 2105,
    "Text": {
      "hash": 2080248655
    }
  },
  "2106": {
    "ErrorID": 2106,
    "Text": {
      "hash": 2080248652
    }
  },
  "2107": {
    "ErrorID": 2107,
    "Text": {
      "hash": 2080248653
    }
  },
  "2108": {
    "ErrorID": 2108,
    "Text": {
      "hash": 2080248642
    }
  },
  "2109": {
    "ErrorID": 2109,
    "Text": {
      "hash": 2080248643
    }
  },
  "2200": {
    "ErrorID": 2200,
    "Text": {
      "hash": 2080248553
    }
  },
  "2201": {
    "ErrorID": 2201,
    "Text": {
      "hash": 2080248552
    }
  },
  "2202": {
    "ErrorID": 2202,
    "Text": {
      "hash": 2080248555
    }
  },
  "2203": {
    "ErrorID": 2203,
    "Text": {
      "hash": 2080248554
    }
  },
  "2204": {
    "ErrorID": 2204,
    "Text": {
      "hash": 2080248557
    }
  },
  "2205": {
    "ErrorID": 2205,
    "Text": {
      "hash": 2080248556
    }
  },
  "2206": {
    "ErrorID": 2206,
    "Text": {
      "hash": 2080248559
    }
  },
  "2207": {
    "ErrorID": 2207,
    "Text": {
      "hash": 2080248558
    }
  },
  "2208": {
    "ErrorID": 2208,
    "Text": {
      "hash": 2080248545
    }
  },
  "2209": {
    "ErrorID": 2209,
    "Text": {
      "hash": 2080248544
    }
  },
  "2210": {
    "ErrorID": 2210,
    "Text": {
      "hash": -648634802
    }
  },
  "2211": {
    "ErrorID": 2211,
    "Text": {
      "hash": -648634803
    }
  },
  "2212": {
    "ErrorID": 2212,
    "Text": {
      "hash": -648634800
    }
  },
  "2213": {
    "ErrorID": 2213,
    "Text": {
      "hash": -648634801
    }
  },
  "2214": {
    "ErrorID": 2214,
    "Text": {
      "hash": -648634798
    }
  },
  "2215": {
    "ErrorID": 2215,
    "Text": {
      "hash": -648634799
    }
  },
  "2216": {
    "ErrorID": 2216,
    "Text": {
      "hash": -648634796
    }
  },
  "2217": {
    "ErrorID": 2217,
    "Text": {
      "hash": -648634797
    }
  },
  "2218": {
    "ErrorID": 2218,
    "Text": {
      "hash": -648634810
    }
  },
  "2219": {
    "ErrorID": 2219,
    "Text": {
      "hash": -648634811
    }
  },
  "2220": {
    "ErrorID": 2220,
    "Text": {
      "hash": 917449139
    }
  },
  "2221": {
    "ErrorID": 2221,
    "Text": {
      "hash": 917449138
    }
  },
  "2222": {
    "ErrorID": 2222,
    "Text": {
      "hash": 917449141
    }
  },
  "2223": {
    "ErrorID": 2223,
    "Text": {
      "hash": 917449140
    }
  },
  "2300": {
    "ErrorID": 2300,
    "Text": {
      "hash": 2080248584
    }
  },
  "2400": {
    "ErrorID": 2400,
    "Text": {
      "hash": 2080248751
    }
  },
  "2401": {
    "ErrorID": 2401,
    "Text": {
      "hash": 2080248750
    }
  },
  "2402": {
    "ErrorID": 2402,
    "Text": {
      "hash": 2080248749
    }
  },
  "2403": {
    "ErrorID": 2403,
    "Text": {
      "hash": 2080248748
    }
  },
  "2404": {
    "ErrorID": 2404,
    "Text": {
      "hash": 2080248747
    }
  },
  "2405": {
    "ErrorID": 2405,
    "Text": {
      "hash": 2080248746
    }
  },
  "2406": {
    "ErrorID": 2406,
    "Text": {
      "hash": 2080248745
    }
  },
  "2407": {
    "ErrorID": 2407,
    "Text": {
      "hash": 2080248744
    }
  },
  "2500": {
    "ErrorID": 2500,
    "Text": {
      "hash": 2080248782
    }
  },
  "2600": {
    "ErrorID": 2600,
    "Text": {
      "hash": 2080248685
    }
  },
  "2601": {
    "ErrorID": 2601,
    "Text": {
      "hash": 2080248684
    }
  },
  "2602": {
    "ErrorID": 2602,
    "Text": {
      "hash": 2080248687
    }
  },
  "2603": {
    "ErrorID": 2603,
    "Text": {
      "hash": 2080248686
    }
  },
  "2604": {
    "ErrorID": 2604,
    "Text": {
      "hash": 2080248681
    }
  },
  "2605": {
    "ErrorID": 2605,
    "Text": {
      "hash": 2080248680
    }
  },
  "2607": {
    "ErrorID": 2607,
    "Text": {
      "hash": 2080248682
    }
  },
  "2608": {
    "ErrorID": 2608,
    "Text": {
      "hash": 2080248677
    }
  },
  "2609": {
    "ErrorID": 2609,
    "Text": {
      "hash": 2080248676
    }
  },
  "2610": {
    "ErrorID": 2610,
    "Text": {
      "hash": -648634670
    }
  },
  "2611": {
    "ErrorID": 2611,
    "Text": {
      "hash": -648634671
    }
  },
  "2612": {
    "ErrorID": 2612,
    "Text": {
      "hash": -648634668
    }
  },
  "2613": {
    "ErrorID": 2613,
    "Text": {
      "hash": -648634669
    }
  },
  "2614": {
    "ErrorID": 2614,
    "Text": {
      "hash": -648634674
    }
  },
  "2615": {
    "ErrorID": 2615,
    "Text": {
      "hash": -648634675
    }
  },
  "2616": {
    "ErrorID": 2616,
    "Text": {
      "hash": -648634672
    }
  },
  "2617": {
    "ErrorID": 2617,
    "Text": {
      "hash": -648634673
    }
  },
  "2618": {
    "ErrorID": 2618,
    "Text": {
      "hash": -648634678
    }
  },
  "2700": {
    "ErrorID": 2700,
    "Text": {
      "hash": 2080248716
    }
  },
  "2701": {
    "ErrorID": 2701,
    "Text": {
      "hash": 2080248717
    }
  },
  "2702": {
    "ErrorID": 2702,
    "Text": {
      "hash": 2080248718
    }
  },
  "2703": {
    "ErrorID": 2703,
    "Text": {
      "hash": 2080248719
    }
  },
  "2751": {
    "ErrorID": 2751,
    "Text": {
      "hash": 1320733830
    }
  },
  "2752": {
    "ErrorID": 2752,
    "Text": {
      "hash": 1320733831
    }
  },
  "2753": {
    "ErrorID": 2753,
    "Text": {
      "hash": 1320733832
    }
  },
  "2754": {
    "ErrorID": 2754,
    "Text": {
      "hash": 1320733825
    }
  },
  "2755": {
    "ErrorID": 2755,
    "Text": {
      "hash": 1320733826
    }
  },
  "2756": {
    "ErrorID": 2756,
    "Text": {
      "hash": 1320733827
    }
  },
  "2801": {
    "ErrorID": 2801,
    "Text": {
      "hash": 2080248354
    }
  },
  "2802": {
    "ErrorID": 2802,
    "Text": {
      "hash": 2080248353
    }
  },
  "2803": {
    "ErrorID": 2803,
    "Text": {
      "hash": 2080248352
    }
  },
  "2804": {
    "ErrorID": 2804,
    "Text": {
      "hash": 2080248359
    }
  },
  "2805": {
    "ErrorID": 2805,
    "Text": {
      "hash": 2080248358
    }
  },
  "2806": {
    "ErrorID": 2806,
    "Text": {
      "hash": 2080248357
    }
  },
  "2807": {
    "ErrorID": 2807,
    "Text": {
      "hash": 2080248356
    }
  },
  "2808": {
    "ErrorID": 2808,
    "Text": {
      "hash": 2080248363
    }
  },
  "2809": {
    "ErrorID": 2809,
    "Text": {
      "hash": 2080248362
    }
  },
  "2810": {
    "ErrorID": 2810,
    "Text": {
      "hash": -648635000
    }
  },
  "2850": {
    "ErrorID": 2850,
    "Text": {
      "hash": 1320733468
    }
  },
  "2851": {
    "ErrorID": 2851,
    "Text": {
      "hash": 1320733467
    }
  },
  "2852": {
    "ErrorID": 2852,
    "Text": {
      "hash": 1320733466
    }
  },
  "2853": {
    "ErrorID": 2853,
    "Text": {
      "hash": 1320733465
    }
  },
  "2901": {
    "ErrorID": 2901,
    "Text": {
      "hash": 2080248387
    }
  },
  "2902": {
    "ErrorID": 2902,
    "Text": {
      "hash": 2080248384
    }
  },
  "2903": {
    "ErrorID": 2903,
    "Text": {
      "hash": 2080248385
    }
  },
  "2904": {
    "ErrorID": 2904,
    "Text": {
      "hash": 2080248390
    }
  },
  "2905": {
    "ErrorID": 2905,
    "Text": {
      "hash": 2080248391
    }
  },
  "2906": {
    "ErrorID": 2906,
    "Text": {
      "hash": 2080248388
    }
  },
  "2907": {
    "ErrorID": 2907,
    "Text": {
      "hash": 2080248389
    }
  },
  "2908": {
    "ErrorID": 2908,
    "Text": {
      "hash": 2080248394
    }
  },
  "2909": {
    "ErrorID": 2909,
    "Text": {
      "hash": 2080248395
    }
  },
  "2910": {
    "ErrorID": 2910,
    "Text": {
      "hash": -648634969
    }
  },
  "2911": {
    "ErrorID": 2911,
    "Text": {
      "hash": -648634968
    }
  },
  "2951": {
    "ErrorID": 2951,
    "Text": {
      "hash": 1320733500
    }
  },
  "2952": {
    "ErrorID": 2952,
    "Text": {
      "hash": 1320733497
    }
  },
  "2953": {
    "ErrorID": 2953,
    "Text": {
      "hash": 1320733498
    }
  },
  "2954": {
    "ErrorID": 2954,
    "Text": {
      "hash": 1320733503
    }
  },
  "2955": {
    "ErrorID": 2955,
    "Text": {
      "hash": 1320733504
    }
  },
  "2956": {
    "ErrorID": 2956,
    "Text": {
      "hash": 1320733501
    }
  },
  "3001": {
    "ErrorID": 3001,
    "Text": {
      "hash": 776286703
    }
  },
  "3002": {
    "ErrorID": 3002,
    "Text": {
      "hash": 776286702
    }
  },
  "3003": {
    "ErrorID": 3003,
    "Text": {
      "hash": 776286701
    }
  },
  "3004": {
    "ErrorID": 3004,
    "Text": {
      "hash": 776286708
    }
  },
  "3005": {
    "ErrorID": 3005,
    "Text": {
      "hash": 776286707
    }
  },
  "3006": {
    "ErrorID": 3006,
    "Text": {
      "hash": 776286706
    }
  },
  "3007": {
    "ErrorID": 3007,
    "Text": {
      "hash": 776286705
    }
  },
  "3051": {
    "ErrorID": 3051,
    "Text": {
      "hash": 1179571230
    }
  },
  "3052": {
    "ErrorID": 3052,
    "Text": {
      "hash": 1179571229
    }
  },
  "3053": {
    "ErrorID": 3053,
    "Text": {
      "hash": 1179571228
    }
  },
  "3054": {
    "ErrorID": 3054,
    "Text": {
      "hash": 1179571235
    }
  },
  "3055": {
    "ErrorID": 3055,
    "Text": {
      "hash": 1179571234
    }
  },
  "3056": {
    "ErrorID": 3056,
    "Text": {
      "hash": 1179571233
    }
  },
  "3101": {
    "ErrorID": 3101,
    "Text": {
      "hash": 776286736
    }
  },
  "3102": {
    "ErrorID": 3102,
    "Text": {
      "hash": 776286733
    }
  },
  "3103": {
    "ErrorID": 3103,
    "Text": {
      "hash": 776286734
    }
  },
  "3104": {
    "ErrorID": 3104,
    "Text": {
      "hash": 776286739
    }
  },
  "3105": {
    "ErrorID": 3105,
    "Text": {
      "hash": 776286740
    }
  },
  "3106": {
    "ErrorID": 3106,
    "Text": {
      "hash": 776286737
    }
  },
  "3107": {
    "ErrorID": 3107,
    "Text": {
      "hash": 776286738
    }
  },
  "3108": {
    "ErrorID": 3108,
    "Text": {
      "hash": 776286727
    }
  },
  "3109": {
    "ErrorID": 3109,
    "Text": {
      "hash": 776286728
    }
  },
  "3110": {
    "ErrorID": 3110,
    "Text": {
      "hash": -789797206
    }
  },
  "3111": {
    "ErrorID": 3111,
    "Text": {
      "hash": -789797205
    }
  },
  "3112": {
    "ErrorID": 3112,
    "Text": {
      "hash": -789797208
    }
  },
  "3151": {
    "ErrorID": 3151,
    "Text": {
      "hash": 1179571263
    }
  },
  "3152": {
    "ErrorID": 3152,
    "Text": {
      "hash": 1179571260
    }
  },
  "3153": {
    "ErrorID": 3153,
    "Text": {
      "hash": 1179571261
    }
  },
  "3154": {
    "ErrorID": 3154,
    "Text": {
      "hash": 1179571266
    }
  },
  "3155": {
    "ErrorID": 3155,
    "Text": {
      "hash": 1179571267
    }
  },
  "3201": {
    "ErrorID": 3201,
    "Text": {
      "hash": 776286637
    }
  },
  "3202": {
    "ErrorID": 3202,
    "Text": {
      "hash": 776286640
    }
  },
  "3203": {
    "ErrorID": 3203,
    "Text": {
      "hash": 776286639
    }
  },
  "3204": {
    "ErrorID": 3204,
    "Text": {
      "hash": 776286642
    }
  },
  "3205": {
    "ErrorID": 3205,
    "Text": {
      "hash": 776286641
    }
  },
  "3206": {
    "ErrorID": 3206,
    "Text": {
      "hash": 776286644
    }
  },
  "3207": {
    "ErrorID": 3207,
    "Text": {
      "hash": 776286643
    }
  },
  "3208": {
    "ErrorID": 3208,
    "Text": {
      "hash": 776286630
    }
  },
  "3209": {
    "ErrorID": 3209,
    "Text": {
      "hash": 776286629
    }
  },
  "3301": {
    "ErrorID": 3301,
    "Text": {
      "hash": 776286670
    }
  },
  "3302": {
    "ErrorID": 3302,
    "Text": {
      "hash": 776286671
    }
  },
  "3501": {
    "ErrorID": 3501,
    "Text": {
      "hash": 776286868
    }
  },
  "3502": {
    "ErrorID": 3502,
    "Text": {
      "hash": 776286865
    }
  },
  "3503": {
    "ErrorID": 3503,
    "Text": {
      "hash": 776286866
    }
  },
  "3504": {
    "ErrorID": 3504,
    "Text": {
      "hash": 776286863
    }
  },
  "3505": {
    "ErrorID": 3505,
    "Text": {
      "hash": 776286864
    }
  },
  "3506": {
    "ErrorID": 3506,
    "Text": {
      "hash": 776286861
    }
  },
  "3507": {
    "ErrorID": 3507,
    "Text": {
      "hash": 776286862
    }
  }
}