{
  "1": {
    "RogueBuffDisplayTypeID": 1,
    "RogueBuffDisplayTypeTitleTextmapID": {
      "hash": -887237815
    },
    "RogueBuffDisplayTypeTextmapID": {
      "hash": -459160183
    },
    "RogueBuffDisplayTypeIconPath": "SpriteOutput/TabIcon/Inventory/InventoryLightConeIcon.png"
  },
  "3": {
    "RogueBuffDisplayTypeID": 3,
    "RogueBuffDisplayTypeTitleTextmapID": {
      "hash": -887237817
    },
    "RogueBuffDisplayTypeTextmapID": {
      "hash": -1621959597
    },
    "RogueBuffDisplayTypeIconPath": "SpriteOutput/TabIcon/Inventory/InventoryMaterialsIcon.png"
  }
}