{
  "1:0": {
    "RogueChallengeRewardID": 1,
    "WorldLevel": 0,
    "ChallengeScore": 2000,
    "RewardID": 105001
  },
  "2:0": {
    "RogueChallengeRewardID": 2,
    "WorldLevel": 0,
    "ChallengeScore": 4000,
    "RewardID": 105002
  },
  "3:0": {
    "RogueChallengeRewardID": 3,
    "WorldLevel": 0,
    "ChallengeScore": 8000,
    "RewardID": 105003
  },
  "4:0": {
    "RogueChallengeRewardID": 4,
    "WorldLevel": 0,
    "ChallengeScore": 16000,
    "RewardID": 105004
  },
  "5:0": {
    "RogueChallengeRewardID": 5,
    "WorldLevel": 0,
    "ChallengeScore": 24000,
    "RewardID": 105005
  },
  "6:0": {
    "RogueChallengeRewardID": 6,
    "WorldLevel": 0,
    "ChallengeScore": 32000,
    "RewardID": 105006
  },
  "7:0": {
    "RogueChallengeRewardID": 7,
    "WorldLevel": 0,
    "ChallengeScore": 40000,
    "RewardID": 105007
  },
  "8:0": {
    "RogueChallengeRewardID": 8,
    "WorldLevel": 0,
    "ChallengeScore": 50000,
    "RewardID": 105008
  },
  "9:0": {
    "RogueChallengeRewardID": 9,
    "WorldLevel": 0,
    "ChallengeScore": 60000,
    "RewardID": 105009
  },
  "10:0": {
    "RogueChallengeRewardID": 10,
    "WorldLevel": 0,
    "ChallengeScore": 80000,
    "RewardID": 105010
  },
  "1:1": {
    "RogueChallengeRewardID": 1,
    "WorldLevel": 1,
    "ChallengeScore": 2000,
    "RewardID": 105001
  },
  "2:1": {
    "RogueChallengeRewardID": 2,
    "WorldLevel": 1,
    "ChallengeScore": 4000,
    "RewardID": 105002
  },
  "3:1": {
    "RogueChallengeRewardID": 3,
    "WorldLevel": 1,
    "ChallengeScore": 8000,
    "RewardID": 105003
  },
  "4:1": {
    "RogueChallengeRewardID": 4,
    "WorldLevel": 1,
    "ChallengeScore": 16000,
    "RewardID": 105004
  },
  "5:1": {
    "RogueChallengeRewardID": 5,
    "WorldLevel": 1,
    "ChallengeScore": 24000,
    "RewardID": 105005
  },
  "6:1": {
    "RogueChallengeRewardID": 6,
    "WorldLevel": 1,
    "ChallengeScore": 32000,
    "RewardID": 105006
  },
  "7:1": {
    "RogueChallengeRewardID": 7,
    "WorldLevel": 1,
    "ChallengeScore": 40000,
    "RewardID": 105007
  },
  "8:1": {
    "RogueChallengeRewardID": 8,
    "WorldLevel": 1,
    "ChallengeScore": 50000,
    "RewardID": 105008
  },
  "9:1": {
    "RogueChallengeRewardID": 9,
    "WorldLevel": 1,
    "ChallengeScore": 60000,
    "RewardID": 105009
  },
  "10:1": {
    "RogueChallengeRewardID": 10,
    "WorldLevel": 1,
    "ChallengeScore": 80000,
    "RewardID": 105010
  },
  "1:2": {
    "RogueChallengeRewardID": 1,
    "WorldLevel": 2,
    "ChallengeScore": 2000,
    "RewardID": 105001
  },
  "2:2": {
    "RogueChallengeRewardID": 2,
    "WorldLevel": 2,
    "ChallengeScore": 4000,
    "RewardID": 105002
  },
  "3:2": {
    "RogueChallengeRewardID": 3,
    "WorldLevel": 2,
    "ChallengeScore": 8000,
    "RewardID": 105003
  },
  "4:2": {
    "RogueChallengeRewardID": 4,
    "WorldLevel": 2,
    "ChallengeScore": 16000,
    "RewardID": 105004
  },
  "5:2": {
    "RogueChallengeRewardID": 5,
    "WorldLevel": 2,
    "ChallengeScore": 24000,
    "RewardID": 105005
  },
  "6:2": {
    "RogueChallengeRewardID": 6,
    "WorldLevel": 2,
    "ChallengeScore": 32000,
    "RewardID": 105006
  },
  "7:2": {
    "RogueChallengeRewardID": 7,
    "WorldLevel": 2,
    "ChallengeScore": 40000,
    "RewardID": 105007
  },
  "8:2": {
    "RogueChallengeRewardID": 8,
    "WorldLevel": 2,
    "ChallengeScore": 50000,
    "RewardID": 105008
  },
  "9:2": {
    "RogueChallengeRewardID": 9,
    "WorldLevel": 2,
    "ChallengeScore": 60000,
    "RewardID": 105009
  },
  "10:2": {
    "RogueChallengeRewardID": 10,
    "WorldLevel": 2,
    "ChallengeScore": 80000,
    "RewardID": 105010
  },
  "1:3": {
    "RogueChallengeRewardID": 1,
    "WorldLevel": 3,
    "ChallengeScore": 2000,
    "RewardID": 105001
  },
  "2:3": {
    "RogueChallengeRewardID": 2,
    "WorldLevel": 3,
    "ChallengeScore": 4000,
    "RewardID": 105002
  },
  "3:3": {
    "RogueChallengeRewardID": 3,
    "WorldLevel": 3,
    "ChallengeScore": 8000,
    "RewardID": 105003
  },
  "4:3": {
    "RogueChallengeRewardID": 4,
    "WorldLevel": 3,
    "ChallengeScore": 16000,
    "RewardID": 105004
  },
  "5:3": {
    "RogueChallengeRewardID": 5,
    "WorldLevel": 3,
    "ChallengeScore": 24000,
    "RewardID": 105005
  },
  "6:3": {
    "RogueChallengeRewardID": 6,
    "WorldLevel": 3,
    "ChallengeScore": 32000,
    "RewardID": 105006
  },
  "7:3": {
    "RogueChallengeRewardID": 7,
    "WorldLevel": 3,
    "ChallengeScore": 40000,
    "RewardID": 105007
  },
  "8:3": {
    "RogueChallengeRewardID": 8,
    "WorldLevel": 3,
    "ChallengeScore": 50000,
    "RewardID": 105008
  },
  "9:3": {
    "RogueChallengeRewardID": 9,
    "WorldLevel": 3,
    "ChallengeScore": 60000,
    "RewardID": 105009
  },
  "10:3": {
    "RogueChallengeRewardID": 10,
    "WorldLevel": 3,
    "ChallengeScore": 80000,
    "RewardID": 105010
  },
  "1:4": {
    "RogueChallengeRewardID": 1,
    "WorldLevel": 4,
    "ChallengeScore": 2000,
    "RewardID": 105001
  },
  "2:4": {
    "RogueChallengeRewardID": 2,
    "WorldLevel": 4,
    "ChallengeScore": 4000,
    "RewardID": 105002
  },
  "3:4": {
    "RogueChallengeRewardID": 3,
    "WorldLevel": 4,
    "ChallengeScore": 8000,
    "RewardID": 105003
  },
  "4:4": {
    "RogueChallengeRewardID": 4,
    "WorldLevel": 4,
    "ChallengeScore": 16000,
    "RewardID": 105004
  },
  "5:4": {
    "RogueChallengeRewardID": 5,
    "WorldLevel": 4,
    "ChallengeScore": 24000,
    "RewardID": 105005
  },
  "6:4": {
    "RogueChallengeRewardID": 6,
    "WorldLevel": 4,
    "ChallengeScore": 32000,
    "RewardID": 105006
  },
  "7:4": {
    "RogueChallengeRewardID": 7,
    "WorldLevel": 4,
    "ChallengeScore": 40000,
    "RewardID": 105007
  },
  "8:4": {
    "RogueChallengeRewardID": 8,
    "WorldLevel": 4,
    "ChallengeScore": 50000,
    "RewardID": 105008
  },
  "9:4": {
    "RogueChallengeRewardID": 9,
    "WorldLevel": 4,
    "ChallengeScore": 60000,
    "RewardID": 105009
  },
  "10:4": {
    "RogueChallengeRewardID": 10,
    "WorldLevel": 4,
    "ChallengeScore": 80000,
    "RewardID": 105010
  },
  "1:5": {
    "RogueChallengeRewardID": 1,
    "WorldLevel": 5,
    "ChallengeScore": 2000,
    "RewardID": 105001
  },
  "2:5": {
    "RogueChallengeRewardID": 2,
    "WorldLevel": 5,
    "ChallengeScore": 4000,
    "RewardID": 105002
  },
  "3:5": {
    "RogueChallengeRewardID": 3,
    "WorldLevel": 5,
    "ChallengeScore": 8000,
    "RewardID": 105003
  },
  "4:5": {
    "RogueChallengeRewardID": 4,
    "WorldLevel": 5,
    "ChallengeScore": 16000,
    "RewardID": 105004
  },
  "5:5": {
    "RogueChallengeRewardID": 5,
    "WorldLevel": 5,
    "ChallengeScore": 24000,
    "RewardID": 105005
  },
  "6:5": {
    "RogueChallengeRewardID": 6,
    "WorldLevel": 5,
    "ChallengeScore": 32000,
    "RewardID": 105006
  },
  "7:5": {
    "RogueChallengeRewardID": 7,
    "WorldLevel": 5,
    "ChallengeScore": 40000,
    "RewardID": 105007
  },
  "8:5": {
    "RogueChallengeRewardID": 8,
    "WorldLevel": 5,
    "ChallengeScore": 50000,
    "RewardID": 105008
  },
  "9:5": {
    "RogueChallengeRewardID": 9,
    "WorldLevel": 5,
    "ChallengeScore": 60000,
    "RewardID": 105009
  },
  "10:5": {
    "RogueChallengeRewardID": 10,
    "WorldLevel": 5,
    "ChallengeScore": 80000,
    "RewardID": 105010
  },
  "1:6": {
    "RogueChallengeRewardID": 1,
    "WorldLevel": 6,
    "ChallengeScore": 2000,
    "RewardID": 105001
  },
  "2:6": {
    "RogueChallengeRewardID": 2,
    "WorldLevel": 6,
    "ChallengeScore": 4000,
    "RewardID": 105002
  },
  "3:6": {
    "RogueChallengeRewardID": 3,
    "WorldLevel": 6,
    "ChallengeScore": 8000,
    "RewardID": 105003
  },
  "4:6": {
    "RogueChallengeRewardID": 4,
    "WorldLevel": 6,
    "ChallengeScore": 16000,
    "RewardID": 105004
  },
  "5:6": {
    "RogueChallengeRewardID": 5,
    "WorldLevel": 6,
    "ChallengeScore": 24000,
    "RewardID": 105005
  },
  "6:6": {
    "RogueChallengeRewardID": 6,
    "WorldLevel": 6,
    "ChallengeScore": 32000,
    "RewardID": 105006
  },
  "7:6": {
    "RogueChallengeRewardID": 7,
    "WorldLevel": 6,
    "ChallengeScore": 40000,
    "RewardID": 105007
  },
  "8:6": {
    "RogueChallengeRewardID": 8,
    "WorldLevel": 6,
    "ChallengeScore": 50000,
    "RewardID": 105008
  },
  "9:6": {
    "RogueChallengeRewardID": 9,
    "WorldLevel": 6,
    "ChallengeScore": 60000,
    "RewardID": 105009
  },
  "10:6": {
    "RogueChallengeRewardID": 10,
    "WorldLevel": 6,
    "ChallengeScore": 80000,
    "RewardID": 105010
  }
}