{
  "1:1": {
    "BlessID": 1,
    "BlessLevel": 1,
    "RogueBlessNameTextmapID": {
      "hash": -59664020
    },
    "BlessIconPath": "SpriteOutput/ProfessionIconMiddle/IconProfessionKnight.png",
    "MazeBuffID": 620101,
    "MazeBuffLevel": 1,
    "LevelUpMonsterKillCount": 6
  },
  "1:2": {
    "BlessID": 1,
    "BlessLevel": 2,
    "RogueBlessNameTextmapID": {
      "hash": -59664020
    },
    "BlessIconPath": "SpriteOutput/ProfessionIconMiddle/IconProfessionKnight.png",
    "MazeBuffID": 620102,
    "MazeBuffLevel": 1,
    "LevelUpMonsterKillCount": 9
  },
  "1:3": {
    "BlessID": 1,
    "BlessLevel": 3,
    "RogueBlessNameTextmapID": {
      "hash": -59664020
    },
    "BlessIconPath": "SpriteOutput/ProfessionIconMiddle/IconProfessionKnight.png",
    "MazeBuffID": 620103,
    "MazeBuffLevel": 1,
    "LevelUpMonsterKillCount": 12
  },
  "1:4": {
    "BlessID": 1,
    "BlessLevel": 4,
    "RogueBlessNameTextmapID": {
      "hash": -59664020
    },
    "BlessIconPath": "SpriteOutput/ProfessionIconMiddle/IconProfessionKnight.png",
    "MazeBuffID": 620104,
    "MazeBuffLevel": 1,
    "LevelUpMonsterKillCount": 15
  },
  "1:5": {
    "BlessID": 1,
    "BlessLevel": 5,
    "RogueBlessNameTextmapID": {
      "hash": -59664020
    },
    "BlessIconPath": "SpriteOutput/ProfessionIconMiddle/IconProfessionKnight.png",
    "MazeBuffID": 620105,
    "MazeBuffLevel": 1,
    "LevelUpMonsterKillCount": 24
  },
  "2:1": {
    "BlessID": 2,
    "BlessLevel": 1,
    "RogueBlessNameTextmapID": {
      "hash": -1625747961
    },
    "BlessIconPath": "SpriteOutput/ProfessionIconMiddle/IconProfessionWarlock.png",
    "MazeBuffID": 620201,
    "MazeBuffLevel": 1,
    "LevelUpMonsterKillCount": 6
  },
  "2:2": {
    "BlessID": 2,
    "BlessLevel": 2,
    "RogueBlessNameTextmapID": {
      "hash": -1625747961
    },
    "BlessIconPath": "SpriteOutput/ProfessionIconMiddle/IconProfessionWarlock.png",
    "MazeBuffID": 620202,
    "MazeBuffLevel": 1,
    "LevelUpMonsterKillCount": 9
  },
  "2:3": {
    "BlessID": 2,
    "BlessLevel": 3,
    "RogueBlessNameTextmapID": {
      "hash": -1625747961
    },
    "BlessIconPath": "SpriteOutput/ProfessionIconMiddle/IconProfessionWarlock.png",
    "MazeBuffID": 620203,
    "MazeBuffLevel": 1,
    "LevelUpMonsterKillCount": 12
  },
  "2:4": {
    "BlessID": 2,
    "BlessLevel": 4,
    "RogueBlessNameTextmapID": {
      "hash": -1625747961
    },
    "BlessIconPath": "SpriteOutput/ProfessionIconMiddle/IconProfessionWarlock.png",
    "MazeBuffID": 620204,
    "MazeBuffLevel": 1,
    "LevelUpMonsterKillCount": 15
  },
  "2:5": {
    "BlessID": 2,
    "BlessLevel": 5,
    "RogueBlessNameTextmapID": {
      "hash": -1625747961
    },
    "BlessIconPath": "SpriteOutput/ProfessionIconMiddle/IconProfessionWarlock.png",
    "MazeBuffID": 620205,
    "MazeBuffLevel": 1,
    "LevelUpMonsterKillCount": 24
  },
  "3:1": {
    "BlessID": 3,
    "BlessLevel": 1,
    "RogueBlessNameTextmapID": {
      "hash": 1103135394
    },
    "BlessIconPath": "SpriteOutput/ItemFigures/401002.png",
    "MazeBuffID": 620301,
    "MazeBuffLevel": 1,
    "LevelUpMonsterKillCount": 6
  },
  "3:2": {
    "BlessID": 3,
    "BlessLevel": 2,
    "RogueBlessNameTextmapID": {
      "hash": 1103135394
    },
    "BlessIconPath": "SpriteOutput/ItemFigures/401002.png",
    "MazeBuffID": 620302,
    "MazeBuffLevel": 1,
    "LevelUpMonsterKillCount": 9
  },
  "3:3": {
    "BlessID": 3,
    "BlessLevel": 3,
    "RogueBlessNameTextmapID": {
      "hash": 1103135394
    },
    "BlessIconPath": "SpriteOutput/ItemFigures/401002.png",
    "MazeBuffID": 620303,
    "MazeBuffLevel": 1,
    "LevelUpMonsterKillCount": 12
  },
  "3:4": {
    "BlessID": 3,
    "BlessLevel": 4,
    "RogueBlessNameTextmapID": {
      "hash": 1103135394
    },
    "BlessIconPath": "SpriteOutput/ItemFigures/401002.png",
    "MazeBuffID": 620304,
    "MazeBuffLevel": 1,
    "LevelUpMonsterKillCount": 15
  },
  "3:5": {
    "BlessID": 3,
    "BlessLevel": 5,
    "RogueBlessNameTextmapID": {
      "hash": 1103135394
    },
    "BlessIconPath": "SpriteOutput/ItemFigures/401002.png",
    "MazeBuffID": 620305,
    "MazeBuffLevel": 1,
    "LevelUpMonsterKillCount": 24
  },
  "4:1": {
    "BlessID": 4,
    "BlessLevel": 1,
    "RogueBlessNameTextmapID": {
      "hash": -462948547
    },
    "BlessIconPath": "SpriteOutput/ItemFigures/401002.png",
    "MazeBuffID": 620401,
    "MazeBuffLevel": 1,
    "LevelUpMonsterKillCount": 6
  },
  "4:2": {
    "BlessID": 4,
    "BlessLevel": 2,
    "RogueBlessNameTextmapID": {
      "hash": -462948547
    },
    "BlessIconPath": "SpriteOutput/ItemFigures/401002.png",
    "MazeBuffID": 620402,
    "MazeBuffLevel": 1,
    "LevelUpMonsterKillCount": 9
  },
  "4:3": {
    "BlessID": 4,
    "BlessLevel": 3,
    "RogueBlessNameTextmapID": {
      "hash": -462948547
    },
    "BlessIconPath": "SpriteOutput/ItemFigures/401002.png",
    "MazeBuffID": 620403,
    "MazeBuffLevel": 1,
    "LevelUpMonsterKillCount": 12
  },
  "4:4": {
    "BlessID": 4,
    "BlessLevel": 4,
    "RogueBlessNameTextmapID": {
      "hash": -462948547
    },
    "BlessIconPath": "SpriteOutput/ItemFigures/401002.png",
    "MazeBuffID": 620404,
    "MazeBuffLevel": 1,
    "LevelUpMonsterKillCount": 15
  },
  "4:5": {
    "BlessID": 4,
    "BlessLevel": 5,
    "RogueBlessNameTextmapID": {
      "hash": -462948547
    },
    "BlessIconPath": "SpriteOutput/ItemFigures/401002.png",
    "MazeBuffID": 620405,
    "MazeBuffLevel": 1,
    "LevelUpMonsterKillCount": 24
  },
  "5:1": {
    "BlessID": 5,
    "BlessLevel": 1,
    "RogueBlessNameTextmapID": {
      "hash": -2029032488
    },
    "BlessIconPath": "SpriteOutput/ItemFigures/401002.png",
    "MazeBuffID": 620501,
    "MazeBuffLevel": 1,
    "LevelUpMonsterKillCount": 6
  },
  "5:2": {
    "BlessID": 5,
    "BlessLevel": 2,
    "RogueBlessNameTextmapID": {
      "hash": -2029032488
    },
    "BlessIconPath": "SpriteOutput/ItemFigures/401002.png",
    "MazeBuffID": 620502,
    "MazeBuffLevel": 1,
    "LevelUpMonsterKillCount": 9
  },
  "5:3": {
    "BlessID": 5,
    "BlessLevel": 3,
    "RogueBlessNameTextmapID": {
      "hash": -2029032488
    },
    "BlessIconPath": "SpriteOutput/ItemFigures/401002.png",
    "MazeBuffID": 620503,
    "MazeBuffLevel": 1,
    "LevelUpMonsterKillCount": 12
  },
  "5:4": {
    "BlessID": 5,
    "BlessLevel": 4,
    "RogueBlessNameTextmapID": {
      "hash": -2029032488
    },
    "BlessIconPath": "SpriteOutput/ItemFigures/401002.png",
    "MazeBuffID": 620504,
    "MazeBuffLevel": 1,
    "LevelUpMonsterKillCount": 15
  },
  "5:5": {
    "BlessID": 5,
    "BlessLevel": 5,
    "RogueBlessNameTextmapID": {
      "hash": -2029032488
    },
    "BlessIconPath": "SpriteOutput/ItemFigures/401002.png",
    "MazeBuffID": 620505,
    "MazeBuffLevel": 1,
    "LevelUpMonsterKillCount": 24
  },
  "6:1": {
    "BlessID": 6,
    "BlessLevel": 1,
    "RogueBlessNameTextmapID": {
      "hash": 699850867
    },
    "BlessIconPath": "SpriteOutput/ItemFigures/401002.png",
    "MazeBuffID": 620601,
    "MazeBuffLevel": 1,
    "LevelUpMonsterKillCount": 6
  },
  "6:2": {
    "BlessID": 6,
    "BlessLevel": 2,
    "RogueBlessNameTextmapID": {
      "hash": 699850867
    },
    "BlessIconPath": "SpriteOutput/ItemFigures/401002.png",
    "MazeBuffID": 620602,
    "MazeBuffLevel": 1,
    "LevelUpMonsterKillCount": 9
  },
  "6:3": {
    "BlessID": 6,
    "BlessLevel": 3,
    "RogueBlessNameTextmapID": {
      "hash": 699850867
    },
    "BlessIconPath": "SpriteOutput/ItemFigures/401002.png",
    "MazeBuffID": 620603,
    "MazeBuffLevel": 1,
    "LevelUpMonsterKillCount": 12
  },
  "6:4": {
    "BlessID": 6,
    "BlessLevel": 4,
    "RogueBlessNameTextmapID": {
      "hash": 699850867
    },
    "BlessIconPath": "SpriteOutput/ItemFigures/401002.png",
    "MazeBuffID": 620604,
    "MazeBuffLevel": 1,
    "LevelUpMonsterKillCount": 15
  },
  "6:5": {
    "BlessID": 6,
    "BlessLevel": 5,
    "RogueBlessNameTextmapID": {
      "hash": 699850867
    },
    "BlessIconPath": "SpriteOutput/ItemFigures/401002.png",
    "MazeBuffID": 620605,
    "MazeBuffLevel": 1,
    "LevelUpMonsterKillCount": 24
  }
}