{
  "100": {
    "RogueBuffType": 100,
    "RogueBuffTypeTextmapID": {
      "hash": 120514411
    },
    "RogueBuffTypeIcon": "",
    "RogueBuffDisplayTypeID": 1,
    "RogueBuffDisplayGod": 0
  },
  "120": {
    "RogueBuffType": 120,
    "RogueBuffTypeTextmapID": {
      "hash": -1042285003
    },
    "RogueBuffTypeIcon": "SpriteOutput/ProfessionIconMiddle/IconProfessionKnight.png",
    "RogueBuffDisplayTypeID": 1,
    "RogueBuffDisplayGod": 0
  },
  "121": {
    "RogueBuffType": 121,
    "RogueBuffTypeTextmapID": {
      "hash": -1042285004
    },
    "RogueBuffTypeIcon": "SpriteOutput/ProfessionIconMiddle/IconProfessionShaman.png",
    "RogueBuffDisplayTypeID": 1,
    "RogueBuffDisplayGod": 0
  },
  "122": {
    "RogueBuffType": 122,
    "RogueBuffTypeTextmapID": {
      "hash": -1042285005
    },
    "RogueBuffTypeIcon": "SpriteOutput/ProfessionIconMiddle/IconProfessionWarlock.png",
    "RogueBuffDisplayTypeID": 1,
    "RogueBuffDisplayGod": 0
  },
  "123": {
    "RogueBuffType": 123,
    "RogueBuffTypeTextmapID": {
      "hash": -1042285006
    },
    "RogueBuffTypeIcon": "SpriteOutput/ProfessionIconMiddle/IconProfessionPirest.png",
    "RogueBuffDisplayTypeID": 1,
    "RogueBuffDisplayGod": 0
  },
  "124": {
    "RogueBuffType": 124,
    "RogueBuffTypeTextmapID": {
      "hash": -1042284999
    },
    "RogueBuffTypeIcon": "SpriteOutput/ProfessionIconMiddle/IconProfessionRogue.png",
    "RogueBuffDisplayTypeID": 1,
    "RogueBuffDisplayGod": 0
  },
  "125": {
    "RogueBuffType": 125,
    "RogueBuffTypeTextmapID": {
      "hash": -1042285000
    },
    "RogueBuffTypeIcon": "SpriteOutput/ProfessionIconMiddle/IconProfessionWarrior.png",
    "RogueBuffDisplayTypeID": 1,
    "RogueBuffDisplayGod": 0
  },
  "126": {
    "RogueBuffType": 126,
    "RogueBuffTypeTextmapID": {
      "hash": -1042285001
    },
    "RogueBuffTypeIcon": "SpriteOutput/ProfessionIconMiddle/IconProfessionMage.png",
    "RogueBuffDisplayTypeID": 1,
    "RogueBuffDisplayGod": 0
  }
}