{
  "1": {
    "Level": 1,
    "ExploreExp": 0,
    "SelectBuff": 0,
    "PickAvatar": false
  },
  "2": {
    "Level": 2,
    "ExploreExp": 20,
    "SelectBuff": 0,
    "PickAvatar": false
  },
  "3": {
    "Level": 3,
    "ExploreExp": 50,
    "SelectBuff": 0,
    "PickAvatar": false
  },
  "4": {
    "Level": 4,
    "ExploreExp": 100,
    "SelectBuff": 0,
    "PickAvatar": false
  },
  "5": {
    "Level": 5,
    "ExploreExp": 150,
    "SelectBuff": 0,
    "PickAvatar": false
  },
  "6": {
    "Level": 6,
    "ExploreExp": 200,
    "SelectBuff": 0,
    "PickAvatar": false
  }
}