{
  "420001": {
    "StoneItemID": 420001,
    "FailReward": 9002001,
    "PerfectBuffGroup": 100920,
    "NormalBuffGroup": 100910,
    "StoneCost": [],
    "SuccessRate": 0.9,
    "PerfectRate": 0.1
  },
  "420002": {
    "StoneItemID": 420002,
    "FailReward": 9002002,
    "PerfectBuffGroup": 100920,
    "NormalBuffGroup": 100910,
    "StoneCost": [],
    "SuccessRate": 0.7,
    "PerfectRate": 0.3
  },
  "420003": {
    "StoneItemID": 420003,
    "FailReward": 9002003,
    "PerfectBuffGroup": 100920,
    "NormalBuffGroup": 100910,
    "StoneCost": [],
    "SuccessRate": 0.5,
    "PerfectRate": 0.5
  },
  "420004": {
    "StoneItemID": 420004,
    "FailReward": 9002004,
    "PerfectBuffGroup": 100920,
    "NormalBuffGroup": 100910,
    "StoneCost": [],
    "SuccessRate": 1.0,
    "PerfectRate": 1.0
  },
  "420005": {
    "StoneItemID": 420005,
    "FailReward": 9002005,
    "PerfectBuffGroup": 100920,
    "NormalBuffGroup": 100910,
    "StoneCost": [],
    "SuccessRate": 0.3,
    "PerfectRate": 1.0
  },
  "420006": {
    "StoneItemID": 420006,
    "FailReward": 9002006,
    "PerfectBuffGroup": 100920,
    "NormalBuffGroup": 100910,
    "StoneCost": [],
    "SuccessRate": 0.0,
    "PerfectRate": 0.0
  },
  "420007": {
    "StoneItemID": 420007,
    "FailReward": 9002001,
    "PerfectBuffGroup": 9005,
    "NormalBuffGroup": 9005,
    "StoneCost": [],
    "SuccessRate": 1.0,
    "PerfectRate": 0.0
  },
  "420008": {
    "StoneItemID": 420008,
    "FailReward": 9002001,
    "PerfectBuffGroup": 9009,
    "NormalBuffGroup": 9008,
    "StoneCost": [],
    "SuccessRate": 1.0,
    "PerfectRate": 0.3
  },
  "421006": {
    "StoneItemID": 421006,
    "FailReward": 9002007,
    "PerfectBuffGroup": 12203,
    "NormalBuffGroup": 1221,
    "StoneCost": [],
    "SuccessRate": 1.0,
    "PerfectRate": 0.0
  },
  "422006": {
    "StoneItemID": 422006,
    "FailReward": 9002007,
    "PerfectBuffGroup": 12103,
    "NormalBuffGroup": 1211,
    "StoneCost": [],
    "SuccessRate": 1.0,
    "PerfectRate": 0.0
  },
  "423006": {
    "StoneItemID": 423006,
    "FailReward": 9002007,
    "PerfectBuffGroup": 12003,
    "NormalBuffGroup": 1201,
    "StoneCost": [],
    "SuccessRate": 1.0,
    "PerfectRate": 0.0
  },
  "424006": {
    "StoneItemID": 424006,
    "FailReward": 9002007,
    "PerfectBuffGroup": 12403,
    "NormalBuffGroup": 1241,
    "StoneCost": [],
    "SuccessRate": 1.0,
    "PerfectRate": 0.0
  },
  "427006": {
    "StoneItemID": 427006,
    "FailReward": 9002007,
    "PerfectBuffGroup": 12603,
    "NormalBuffGroup": 1261,
    "StoneCost": [],
    "SuccessRate": 1.0,
    "PerfectRate": 0.0
  },
  "428006": {
    "StoneItemID": 428006,
    "FailReward": 9002007,
    "PerfectBuffGroup": 12303,
    "NormalBuffGroup": 1231,
    "StoneCost": [],
    "SuccessRate": 1.0,
    "PerfectRate": 0.0
  },
  "429006": {
    "StoneItemID": 429006,
    "FailReward": 9002007,
    "PerfectBuffGroup": 12503,
    "NormalBuffGroup": 1251,
    "StoneCost": [],
    "SuccessRate": 1.0,
    "PerfectRate": 0.0
  }
}