{
  "5001": {
    "ScoringGroupID": 5001,
    "ScoringIDList": [
      11002,
      11004,
      11011,
      11012,
      11013
    ]
  },
  "5002": {
    "ScoringGroupID": 5002,
    "ScoringIDList": [
      11002,
      11004,
      11021,
      11022,
      11023
    ]
  },
  "5003": {
    "ScoringGroupID": 5003,
    "ScoringIDList": [
      11002,
      11004,
      11031,
      11032,
      11033
    ]
  },
  "5004": {
    "ScoringGroupID": 5004,
    "ScoringIDList": [
      11002,
      11004,
      11041,
      11042,
      11043
    ]
  },
  "5005": {
    "ScoringGroupID": 5005,
    "ScoringIDList": [
      11002,
      11004,
      11051,
      11052,
      11053
    ]
  },
  "5006": {
    "ScoringGroupID": 5006,
    "ScoringIDList": [
      11002,
      11004,
      11061,
      11062,
      11063
    ]
  },
  "5007": {
    "ScoringGroupID": 5007,
    "ScoringIDList": [
      11002,
      11004,
      11071,
      11072,
      11073
    ]
  },
  "5008": {
    "ScoringGroupID": 5008,
    "ScoringIDList": [
      11002,
      11004,
      11081,
      11082,
      11083
    ]
  }
}