{
  "1": {
    "ID": "1",
    "ShowString": {
      "hash": -1328219103
    }
  },
  "2": {
    "ID": "2",
    "ShowString": {
      "hash": -2028362208
    }
  },
  "3": {
    "ID": "3",
    "ShowString": {
      "hash": 17481744
    }
  },
  "4": {
    "ID": "4",
    "ShowString": {
      "hash": 994881107
    }
  },
  "5": {
    "ID": "5",
    "ShowString": {
      "hash": -1144097826
    }
  },
  "6": {
    "ID": "6",
    "ShowString": {
      "hash": 996001262
    }
  }
}