{
  "10001": {
    "GoodsID": 10001,
    "ItemID": 101,
    "ShopGoodsIconPath": "",
    "ItemCount": 1,
    "Level": 0,
    "Rank": 0,
    "CurrencyList": [
      252
    ],
    "CurrencyCostList": [
      10
    ],
    "GoodsSortID": 1,
    "LimitType1": "Null",
    "LimitValue1List": [],
    "LimitType2": "Null",
    "LimitValue2List": [],
    "OnShelfType1": "Null",
    "OnShelfValue1List": [],
    "LimitTimes": 0,
    "CanBeRefresh": false,
    "RefreshType": 0,
    "ShopID": 104,
    "ScheduleDataID": 10010001
  },
  "10002": {
    "GoodsID": 10002,
    "ItemID": 102,
    "ShopGoodsIconPath": "",
    "ItemCount": 1,
    "Level": 0,
    "Rank": 0,
    "CurrencyList": [
      252
    ],
    "CurrencyCostList": [
      10
    ],
    "GoodsSortID": 1,
    "LimitType1": "Null",
    "LimitValue1List": [],
    "LimitType2": "Null",
    "LimitValue2List": [],
    "OnShelfType1": "Null",
    "OnShelfValue1List": [],
    "LimitTimes": 0,
    "CanBeRefresh": false,
    "RefreshType": 0,
    "ShopID": 104,
    "ScheduleDataID": 10010002
  },
  "10003": {
    "GoodsID": 10003,
    "ItemID": 1108,
    "ShopGoodsIconPath": "SpriteOutput/AvatarShopIcon/1108.png",
    "ItemCount": 1,
    "Level": 1,
    "Rank": 0,
    "CurrencyList": [
      252
    ],
    "CurrencyCostList": [
      70
    ],
    "GoodsSortID": 2,
    "LimitType1": "Null",
    "LimitValue1List": [],
    "LimitType2": "Null",
    "LimitValue2List": [],
    "OnShelfType1": "Null",
    "OnShelfValue1List": [],
    "LimitTimes": 1,
    "CanBeRefresh": false,
    "RefreshType": 0,
    "ShopID": 104,
    "ScheduleDataID": 10010003
  },
  "10004": {
    "GoodsID": 10004,
    "ItemID": 1109,
    "ShopGoodsIconPath": "SpriteOutput/AvatarShopIcon/1109.png",
    "ItemCount": 1,
    "Level": 1,
    "Rank": 0,
    "CurrencyList": [
      252
    ],
    "CurrencyCostList": [
      70
    ],
    "GoodsSortID": 2,
    "LimitType1": "Null",
    "LimitValue1List": [],
    "LimitType2": "Null",
    "LimitValue2List": [],
    "OnShelfType1": "Null",
    "OnShelfValue1List": [],
    "LimitTimes": 1,
    "CanBeRefresh": false,
    "RefreshType": 0,
    "ShopID": 104,
    "ScheduleDataID": 10010004
  },
  "10005": {
    "GoodsID": 10005,
    "ItemID": 21001,
    "ShopGoodsIconPath": "",
    "ItemCount": 1,
    "Level": 1,
    "Rank": 1,
    "CurrencyList": [
      252
    ],
    "CurrencyCostList": [
      46
    ],
    "GoodsSortID": 3,
    "LimitType1": "Null",
    "LimitValue1List": [],
    "LimitType2": "Null",
    "LimitValue2List": [],
    "OnShelfType1": "Null",
    "OnShelfValue1List": [],
    "LimitTimes": 1,
    "CanBeRefresh": false,
    "RefreshType": 0,
    "ShopID": 104,
    "ScheduleDataID": 10010005
  },
  "10006": {
    "GoodsID": 10006,
    "ItemID": 21002,
    "ShopGoodsIconPath": "",
    "ItemCount": 1,
    "Level": 1,
    "Rank": 1,
    "CurrencyList": [
      252
    ],
    "CurrencyCostList": [
      46
    ],
    "GoodsSortID": 3,
    "LimitType1": "Null",
    "LimitValue1List": [],
    "LimitType2": "Null",
    "LimitValue2List": [],
    "OnShelfType1": "Null",
    "OnShelfValue1List": [],
    "LimitTimes": 1,
    "CanBeRefresh": false,
    "RefreshType": 0,
    "ShopID": 104,
    "ScheduleDataID": 10010006
  },
  "10007": {
    "GoodsID": 10007,
    "ItemID": 21003,
    "ShopGoodsIconPath": "",
    "ItemCount": 1,
    "Level": 1,
    "Rank": 1,
    "CurrencyList": [
      252
    ],
    "CurrencyCostList": [
      46
    ],
    "GoodsSortID": 3,
    "LimitType1": "Null",
    "LimitValue1List": [],
    "LimitType2": "Null",
    "LimitValue2List": [],
    "OnShelfType1": "Null",
    "OnShelfValue1List": [],
    "LimitTimes": 1,
    "CanBeRefresh": false,
    "RefreshType": 0,
    "ShopID": 104,
    "ScheduleDataID": 10010007
  },
  "10008": {
    "GoodsID": 10008,
    "ItemID": 21000,
    "ShopGoodsIconPath": "",
    "ItemCount": 1,
    "Level": 1,
    "Rank": 1,
    "CurrencyList": [
      252
    ],
    "CurrencyCostList": [
      46
    ],
    "GoodsSortID": 3,
    "LimitType1": "Null",
    "LimitValue1List": [],
    "LimitType2": "Null",
    "LimitValue2List": [],
    "OnShelfType1": "Null",
    "OnShelfValue1List": [],
    "LimitTimes": 1,
    "CanBeRefresh": false,
    "RefreshType": 0,
    "ShopID": 104,
    "ScheduleDataID": 10010008
  },
  "10009": {
    "GoodsID": 10009,
    "ItemID": 21004,
    "ShopGoodsIconPath": "",
    "ItemCount": 1,
    "Level": 1,
    "Rank": 1,
    "CurrencyList": [
      252
    ],
    "CurrencyCostList": [
      46
    ],
    "GoodsSortID": 3,
    "LimitType1": "Null",
    "LimitValue1List": [],
    "LimitType2": "Null",
    "LimitValue2List": [],
    "OnShelfType1": "Null",
    "OnShelfValue1List": [],
    "LimitTimes": 1,
    "CanBeRefresh": false,
    "RefreshType": 0,
    "ShopID": 104,
    "ScheduleDataID": 10010009
  },
  "10010": {
    "GoodsID": 10010,
    "ItemID": 21005,
    "ShopGoodsIconPath": "",
    "ItemCount": 1,
    "Level": 1,
    "Rank": 1,
    "CurrencyList": [
      252
    ],
    "CurrencyCostList": [
      46
    ],
    "GoodsSortID": 3,
    "LimitType1": "Null",
    "LimitValue1List": [],
    "LimitType2": "Null",
    "LimitValue2List": [],
    "OnShelfType1": "Null",
    "OnShelfValue1List": [],
    "LimitTimes": 1,
    "CanBeRefresh": false,
    "RefreshType": 0,
    "ShopID": 104,
    "ScheduleDataID": 10010010
  },
  "10011": {
    "GoodsID": 10011,
    "ItemID": 21006,
    "ShopGoodsIconPath": "",
    "ItemCount": 1,
    "Level": 1,
    "Rank": 1,
    "CurrencyList": [
      252
    ],
    "CurrencyCostList": [
      46
    ],
    "GoodsSortID": 3,
    "LimitType1": "Null",
    "LimitValue1List": [],
    "LimitType2": "Null",
    "LimitValue2List": [],
    "OnShelfType1": "Null",
    "OnShelfValue1List": [],
    "LimitTimes": 1,
    "CanBeRefresh": false,
    "RefreshType": 0,
    "ShopID": 104,
    "ScheduleDataID": 10010011
  },
  "10100": {
    "GoodsID": 10100,
    "ItemID": 102,
    "ShopGoodsIconPath": "",
    "ItemCount": 1,
    "Level": 0,
    "Rank": 0,
    "CurrencyList": [
      251
    ],
    "CurrencyCostList": [
      150
    ],
    "GoodsSortID": 1,
    "LimitType1": "Null",
    "LimitValue1List": [],
    "LimitType2": "Null",
    "LimitValue2List": [],
    "OnShelfType1": "Null",
    "OnShelfValue1List": [],
    "LimitTimes": 1,
    "CanBeRefresh": true,
    "RefreshType": 2,
    "ShopID": 105,
    "ScheduleDataID": 10010100
  },
  "10101": {
    "GoodsID": 10101,
    "ItemID": 101,
    "ShopGoodsIconPath": "",
    "ItemCount": 1,
    "Level": 0,
    "Rank": 0,
    "CurrencyList": [
      251
    ],
    "CurrencyCostList": [
      150
    ],
    "GoodsSortID": 1,
    "LimitType1": "Null",
    "LimitValue1List": [],
    "LimitType2": "Null",
    "LimitValue2List": [],
    "OnShelfType1": "Null",
    "OnShelfValue1List": [],
    "LimitTimes": 1,
    "CanBeRefresh": true,
    "RefreshType": 2,
    "ShopID": 105,
    "ScheduleDataID": 10010101
  },
  "10102": {
    "GoodsID": 10102,
    "ItemID": 241,
    "ShopGoodsIconPath": "",
    "ItemCount": 1,
    "Level": 0,
    "Rank": 0,
    "CurrencyList": [
      251
    ],
    "CurrencyCostList": [
      200
    ],
    "GoodsSortID": 2,
    "LimitType1": "Level",
    "LimitValue1List": [
      20
    ],
    "LimitType2": "Null",
    "LimitValue2List": [],
    "OnShelfType1": "Null",
    "OnShelfValue1List": [],
    "LimitTimes": 1,
    "CanBeRefresh": true,
    "RefreshType": 2,
    "ShopID": 105,
    "ScheduleDataID": 10010102
  },
  "10103": {
    "GoodsID": 10103,
    "ItemID": 212,
    "ShopGoodsIconPath": "",
    "ItemCount": 2,
    "Level": 0,
    "Rank": 0,
    "CurrencyList": [
      251
    ],
    "CurrencyCostList": [
      10
    ],
    "GoodsSortID": 3,
    "LimitType1": "Level",
    "LimitValue1List": [
      10
    ],
    "LimitType2": "Null",
    "LimitValue2List": [],
    "OnShelfType1": "Null",
    "OnShelfValue1List": [],
    "LimitTimes": 20,
    "CanBeRefresh": true,
    "RefreshType": 2,
    "ShopID": 105,
    "ScheduleDataID": 10010103
  },
  "10104": {
    "GoodsID": 10104,
    "ItemID": 221,
    "ShopGoodsIconPath": "",
    "ItemCount": 2,
    "Level": 0,
    "Rank": 0,
    "CurrencyList": [
      251
    ],
    "CurrencyCostList": [
      8
    ],
    "GoodsSortID": 3,
    "LimitType1": "Level",
    "LimitValue1List": [
      10
    ],
    "LimitType2": "Null",
    "LimitValue2List": [],
    "OnShelfType1": "Null",
    "OnShelfValue1List": [],
    "LimitTimes": 20,
    "CanBeRefresh": true,
    "RefreshType": 2,
    "ShopID": 105,
    "ScheduleDataID": 10010104
  },
  "10105": {
    "GoodsID": 10105,
    "ItemID": 2,
    "ShopGoodsIconPath": "",
    "ItemCount": 10000,
    "Level": 0,
    "Rank": 0,
    "CurrencyList": [
      251
    ],
    "CurrencyCostList": [
      20
    ],
    "GoodsSortID": 3,
    "LimitType1": "Null",
    "LimitValue1List": [],
    "LimitType2": "Null",
    "LimitValue2List": [],
    "OnShelfType1": "Null",
    "OnShelfValue1List": [],
    "LimitTimes": 20,
    "CanBeRefresh": true,
    "RefreshType": 2,
    "ShopID": 105,
    "ScheduleDataID": 10010105
  },
  "10106": {
    "GoodsID": 10106,
    "ItemID": 110111,
    "ShopGoodsIconPath": "",
    "ItemCount": 2,
    "Level": 0,
    "Rank": 0,
    "CurrencyList": [
      251
    ],
    "CurrencyCostList": [
      20
    ],
    "GoodsSortID": 4,
    "LimitType1": "Level",
    "LimitValue1List": [
      20
    ],
    "LimitType2": "Null",
    "LimitValue2List": [],
    "OnShelfType1": "Null",
    "OnShelfValue1List": [],
    "LimitTimes": 5,
    "CanBeRefresh": true,
    "RefreshType": 2,
    "ShopID": 105,
    "ScheduleDataID": 10010106
  },
  "10107": {
    "GoodsID": 10107,
    "ItemID": 110121,
    "ShopGoodsIconPath": "",
    "ItemCount": 2,
    "Level": 0,
    "Rank": 0,
    "CurrencyList": [
      251
    ],
    "CurrencyCostList": [
      20
    ],
    "GoodsSortID": 4,
    "LimitType1": "Level",
    "LimitValue1List": [
      20
    ],
    "LimitType2": "Null",
    "LimitValue2List": [],
    "OnShelfType1": "Null",
    "OnShelfValue1List": [],
    "LimitTimes": 5,
    "CanBeRefresh": true,
    "RefreshType": 2,
    "ShopID": 105,
    "ScheduleDataID": 10010107
  },
  "10108": {
    "GoodsID": 10108,
    "ItemID": 110131,
    "ShopGoodsIconPath": "",
    "ItemCount": 2,
    "Level": 0,
    "Rank": 0,
    "CurrencyList": [
      251
    ],
    "CurrencyCostList": [
      20
    ],
    "GoodsSortID": 4,
    "LimitType1": "Level",
    "LimitValue1List": [
      20
    ],
    "LimitType2": "Null",
    "LimitValue2List": [],
    "OnShelfType1": "Null",
    "OnShelfValue1List": [],
    "LimitTimes": 5,
    "CanBeRefresh": true,
    "RefreshType": 2,
    "ShopID": 105,
    "ScheduleDataID": 10010108
  },
  "10109": {
    "GoodsID": 10109,
    "ItemID": 110141,
    "ShopGoodsIconPath": "",
    "ItemCount": 2,
    "Level": 0,
    "Rank": 0,
    "CurrencyList": [
      251
    ],
    "CurrencyCostList": [
      20
    ],
    "GoodsSortID": 4,
    "LimitType1": "Level",
    "LimitValue1List": [
      20
    ],
    "LimitType2": "Null",
    "LimitValue2List": [],
    "OnShelfType1": "Null",
    "OnShelfValue1List": [],
    "LimitTimes": 5,
    "CanBeRefresh": true,
    "RefreshType": 2,
    "ShopID": 105,
    "ScheduleDataID": 10010109
  },
  "10110": {
    "GoodsID": 10110,
    "ItemID": 110151,
    "ShopGoodsIconPath": "",
    "ItemCount": 2,
    "Level": 0,
    "Rank": 0,
    "CurrencyList": [
      251
    ],
    "CurrencyCostList": [
      20
    ],
    "GoodsSortID": 4,
    "LimitType1": "Level",
    "LimitValue1List": [
      20
    ],
    "LimitType2": "Null",
    "LimitValue2List": [],
    "OnShelfType1": "Null",
    "OnShelfValue1List": [],
    "LimitTimes": 5,
    "CanBeRefresh": true,
    "RefreshType": 2,
    "ShopID": 105,
    "ScheduleDataID": 10010110
  },
  "10111": {
    "GoodsID": 10111,
    "ItemID": 110161,
    "ShopGoodsIconPath": "",
    "ItemCount": 2,
    "Level": 0,
    "Rank": 0,
    "CurrencyList": [
      251
    ],
    "CurrencyCostList": [
      20
    ],
    "GoodsSortID": 4,
    "LimitType1": "Level",
    "LimitValue1List": [
      20
    ],
    "LimitType2": "Null",
    "LimitValue2List": [],
    "OnShelfType1": "Null",
    "OnShelfValue1List": [],
    "LimitTimes": 5,
    "CanBeRefresh": true,
    "RefreshType": 2,
    "ShopID": 105,
    "ScheduleDataID": 10010111
  },
  "10112": {
    "GoodsID": 10112,
    "ItemID": 110171,
    "ShopGoodsIconPath": "",
    "ItemCount": 2,
    "Level": 0,
    "Rank": 0,
    "CurrencyList": [
      251
    ],
    "CurrencyCostList": [
      20
    ],
    "GoodsSortID": 4,
    "LimitType1": "Level",
    "LimitValue1List": [
      20
    ],
    "LimitType2": "Null",
    "LimitValue2List": [],
    "OnShelfType1": "Null",
    "OnShelfValue1List": [],
    "LimitTimes": 5,
    "CanBeRefresh": true,
    "RefreshType": 2,
    "ShopID": 105,
    "ScheduleDataID": 10010112
  },
  "10113": {
    "GoodsID": 10113,
    "ItemID": 111001,
    "ShopGoodsIconPath": "",
    "ItemCount": 3,
    "Level": 0,
    "Rank": 0,
    "CurrencyList": [
      251
    ],
    "CurrencyCostList": [
      6
    ],
    "GoodsSortID": 5,
    "LimitType1": "Level",
    "LimitValue1List": [
      20
    ],
    "LimitType2": "Null",
    "LimitValue2List": [],
    "OnShelfType1": "Null",
    "OnShelfValue1List": [],
    "LimitTimes": 15,
    "CanBeRefresh": true,
    "RefreshType": 2,
    "ShopID": 105,
    "ScheduleDataID": 10010113
  },
  "10114": {
    "GoodsID": 10114,
    "ItemID": 111011,
    "ShopGoodsIconPath": "",
    "ItemCount": 3,
    "Level": 0,
    "Rank": 0,
    "CurrencyList": [
      251
    ],
    "CurrencyCostList": [
      6
    ],
    "GoodsSortID": 5,
    "LimitType1": "Level",
    "LimitValue1List": [
      20
    ],
    "LimitType2": "Null",
    "LimitValue2List": [],
    "OnShelfType1": "Null",
    "OnShelfValue1List": [],
    "LimitTimes": 15,
    "CanBeRefresh": true,
    "RefreshType": 2,
    "ShopID": 105,
    "ScheduleDataID": 10010114
  },
  "10115": {
    "GoodsID": 10115,
    "ItemID": 112001,
    "ShopGoodsIconPath": "",
    "ItemCount": 3,
    "Level": 0,
    "Rank": 0,
    "CurrencyList": [
      251
    ],
    "CurrencyCostList": [
      6
    ],
    "GoodsSortID": 5,
    "LimitType1": "Level",
    "LimitValue1List": [
      20
    ],
    "LimitType2": "Null",
    "LimitValue2List": [],
    "OnShelfType1": "Null",
    "OnShelfValue1List": [],
    "LimitTimes": 15,
    "CanBeRefresh": true,
    "RefreshType": 2,
    "ShopID": 105,
    "ScheduleDataID": 10010115
  },
  "10116": {
    "GoodsID": 10116,
    "ItemID": 112011,
    "ShopGoodsIconPath": "",
    "ItemCount": 3,
    "Level": 0,
    "Rank": 0,
    "CurrencyList": [
      251
    ],
    "CurrencyCostList": [
      6
    ],
    "GoodsSortID": 5,
    "LimitType1": "Level",
    "LimitValue1List": [
      20
    ],
    "LimitType2": "Null",
    "LimitValue2List": [],
    "OnShelfType1": "Null",
    "OnShelfValue1List": [],
    "LimitTimes": 15,
    "CanBeRefresh": true,
    "RefreshType": 2,
    "ShopID": 105,
    "ScheduleDataID": 10010116
  },
  "10117": {
    "GoodsID": 10117,
    "ItemID": 2,
    "ShopGoodsIconPath": "",
    "ItemCount": 10000,
    "Level": 0,
    "Rank": 0,
    "CurrencyList": [
      251
    ],
    "CurrencyCostList": [
      40
    ],
    "GoodsSortID": 9,
    "LimitType1": "Null",
    "LimitValue1List": [],
    "LimitType2": "Null",
    "LimitValue2List": [],
    "OnShelfType1": "Null",
    "OnShelfValue1List": [],
    "LimitTimes": 0,
    "CanBeRefresh": false,
    "RefreshType": 0,
    "ShopID": 105,
    "ScheduleDataID": 10010117
  },
  "90053": {
    "GoodsID": 90053,
    "ItemID": 190121,
    "ShopGoodsIconPath": "",
    "ItemCount": 1,
    "Level": 0,
    "Rank": 0,
    "CurrencyList": [
      2
    ],
    "CurrencyCostList": [
      2000
    ],
    "GoodsSortID": 1,
    "LimitType1": "Null",
    "LimitValue1List": [],
    "LimitType2": "Null",
    "LimitValue2List": [],
    "OnShelfType1": "Null",
    "OnShelfValue1List": [],
    "LimitTimes": 1,
    "CanBeRefresh": false,
    "RefreshType": 0,
    "ShopID": 401,
    "ScheduleDataID": 10090053
  },
  "90054": {
    "GoodsID": 90054,
    "ItemID": 190125,
    "ShopGoodsIconPath": "",
    "ItemCount": 1,
    "Level": 0,
    "Rank": 0,
    "CurrencyList": [
      2
    ],
    "CurrencyCostList": [
      2000
    ],
    "GoodsSortID": 2,
    "LimitType1": "Null",
    "LimitValue1List": [],
    "LimitType2": "Null",
    "LimitValue2List": [],
    "OnShelfType1": "Null",
    "OnShelfValue1List": [],
    "LimitTimes": 1,
    "CanBeRefresh": false,
    "RefreshType": 0,
    "ShopID": 401,
    "ScheduleDataID": 10090054
  },
  "90055": {
    "GoodsID": 90055,
    "ItemID": 190135,
    "ShopGoodsIconPath": "",
    "ItemCount": 1,
    "Level": 0,
    "Rank": 0,
    "CurrencyList": [
      2
    ],
    "CurrencyCostList": [
      1200
    ],
    "GoodsSortID": 3,
    "LimitType1": "Null",
    "LimitValue1List": [],
    "LimitType2": "Null",
    "LimitValue2List": [],
    "OnShelfType1": "Level",
    "OnShelfValue1List": [
      99
    ],
    "LimitTimes": 1,
    "CanBeRefresh": false,
    "RefreshType": 0,
    "ShopID": 401,
    "ScheduleDataID": 10090055
  },
  "90056": {
    "GoodsID": 90056,
    "ItemID": 190136,
    "ShopGoodsIconPath": "",
    "ItemCount": 1,
    "Level": 0,
    "Rank": 0,
    "CurrencyList": [
      2
    ],
    "CurrencyCostList": [
      1500
    ],
    "GoodsSortID": 4,
    "LimitType1": "Null",
    "LimitValue1List": [],
    "LimitType2": "Null",
    "LimitValue2List": [],
    "OnShelfType1": "Null",
    "OnShelfValue1List": [],
    "LimitTimes": 1,
    "CanBeRefresh": false,
    "RefreshType": 0,
    "ShopID": 401,
    "ScheduleDataID": 10090056
  },
  "90057": {
    "GoodsID": 90057,
    "ItemID": 190137,
    "ShopGoodsIconPath": "",
    "ItemCount": 1,
    "Level": 0,
    "Rank": 0,
    "CurrencyList": [
      2
    ],
    "CurrencyCostList": [
      1000
    ],
    "GoodsSortID": 5,
    "LimitType1": "Null",
    "LimitValue1List": [],
    "LimitType2": "Null",
    "LimitValue2List": [],
    "OnShelfType1": "Null",
    "OnShelfValue1List": [],
    "LimitTimes": 1,
    "CanBeRefresh": false,
    "RefreshType": 0,
    "ShopID": 401,
    "ScheduleDataID": 10090057
  },
  "90058": {
    "GoodsID": 90058,
    "ItemID": 190122,
    "ShopGoodsIconPath": "",
    "ItemCount": 1,
    "Level": 0,
    "Rank": 0,
    "CurrencyList": [
      2
    ],
    "CurrencyCostList": [
      5000
    ],
    "GoodsSortID": 1,
    "LimitType1": "Null",
    "LimitValue1List": [],
    "LimitType2": "Null",
    "LimitValue2List": [],
    "OnShelfType1": "Null",
    "OnShelfValue1List": [],
    "LimitTimes": 1,
    "CanBeRefresh": false,
    "RefreshType": 0,
    "ShopID": 301,
    "ScheduleDataID": 10090058
  },
  "90059": {
    "GoodsID": 90059,
    "ItemID": 190123,
    "ShopGoodsIconPath": "",
    "ItemCount": 1,
    "Level": 0,
    "Rank": 0,
    "CurrencyList": [
      2
    ],
    "CurrencyCostList": [
      5000
    ],
    "GoodsSortID": 2,
    "LimitType1": "Null",
    "LimitValue1List": [],
    "LimitType2": "Null",
    "LimitValue2List": [],
    "OnShelfType1": "Null",
    "OnShelfValue1List": [],
    "LimitTimes": 1,
    "CanBeRefresh": false,
    "RefreshType": 0,
    "ShopID": 301,
    "ScheduleDataID": 10090059
  },
  "90061": {
    "GoodsID": 90061,
    "ItemID": 101,
    "ShopGoodsIconPath": "",
    "ItemCount": 1,
    "Level": 0,
    "Rank": 0,
    "CurrencyList": [
      1
    ],
    "CurrencyCostList": [
      160
    ],
    "GoodsSortID": 1,
    "LimitType1": "Null",
    "LimitValue1List": [],
    "LimitType2": "Null",
    "LimitValue2List": [],
    "OnShelfType1": "Null",
    "OnShelfValue1List": [],
    "LimitTimes": 0,
    "CanBeRefresh": false,
    "RefreshType": 0,
    "ShopID": 999,
    "ScheduleDataID": 10090061
  },
  "90062": {
    "GoodsID": 90062,
    "ItemID": 102,
    "ShopGoodsIconPath": "",
    "ItemCount": 1,
    "Level": 0,
    "Rank": 0,
    "CurrencyList": [
      1
    ],
    "CurrencyCostList": [
      160
    ],
    "GoodsSortID": 2,
    "LimitType1": "Null",
    "LimitValue1List": [],
    "LimitType2": "Null",
    "LimitValue2List": [],
    "OnShelfType1": "Null",
    "OnShelfValue1List": [],
    "LimitTimes": 0,
    "CanBeRefresh": false,
    "RefreshType": 0,
    "ShopID": 999,
    "ScheduleDataID": 10090062
  },
  "90063": {
    "GoodsID": 90063,
    "ItemID": 101,
    "ShopGoodsIconPath": "",
    "ItemCount": 1,
    "Level": 0,
    "Rank": 0,
    "CurrencyList": [
      1
    ],
    "CurrencyCostList": [
      160
    ],
    "GoodsSortID": 1,
    "LimitType1": "Null",
    "LimitValue1List": [],
    "LimitType2": "Null",
    "LimitValue2List": [],
    "OnShelfType1": "Null",
    "OnShelfValue1List": [],
    "LimitTimes": 0,
    "CanBeRefresh": false,
    "RefreshType": 0,
    "ShopID": 1000,
    "ScheduleDataID": 10090063
  },
  "90064": {
    "GoodsID": 90064,
    "ItemID": 102,
    "ShopGoodsIconPath": "",
    "ItemCount": 1,
    "Level": 0,
    "Rank": 0,
    "CurrencyList": [
      1
    ],
    "CurrencyCostList": [
      160
    ],
    "GoodsSortID": 2,
    "LimitType1": "Null",
    "LimitValue1List": [],
    "LimitType2": "Null",
    "LimitValue2List": [],
    "OnShelfType1": "Null",
    "OnShelfValue1List": [],
    "LimitTimes": 0,
    "CanBeRefresh": false,
    "RefreshType": 0,
    "ShopID": 1000,
    "ScheduleDataID": 10090064
  },
  "190049": {
    "GoodsID": 190049,
    "ItemID": 180001,
    "ShopGoodsIconPath": "",
    "ItemCount": 1,
    "Level": 0,
    "Rank": 0,
    "CurrencyList": [
      2
    ],
    "CurrencyCostList": [
      260
    ],
    "GoodsSortID": 1,
    "LimitType1": "Null",
    "LimitValue1List": [],
    "LimitType2": "Null",
    "LimitValue2List": [],
    "OnShelfType1": "Null",
    "OnShelfValue1List": [],
    "LimitTimes": 15,
    "CanBeRefresh": false,
    "RefreshType": 1,
    "ShopID": 201,
    "ScheduleDataID": 10190049
  },
  "190050": {
    "GoodsID": 190050,
    "ItemID": 180002,
    "ShopGoodsIconPath": "",
    "ItemCount": 1,
    "Level": 0,
    "Rank": 0,
    "CurrencyList": [
      2
    ],
    "CurrencyCostList": [
      260
    ],
    "GoodsSortID": 2,
    "LimitType1": "Null",
    "LimitValue1List": [],
    "LimitType2": "Null",
    "LimitValue2List": [],
    "OnShelfType1": "Null",
    "OnShelfValue1List": [],
    "LimitTimes": 15,
    "CanBeRefresh": false,
    "RefreshType": 1,
    "ShopID": 201,
    "ScheduleDataID": 10190050
  },
  "190051": {
    "GoodsID": 190051,
    "ItemID": 181001,
    "ShopGoodsIconPath": "",
    "ItemCount": 1,
    "Level": 0,
    "Rank": 0,
    "CurrencyList": [
      2
    ],
    "CurrencyCostList": [
      390
    ],
    "GoodsSortID": 3,
    "LimitType1": "Null",
    "LimitValue1List": [],
    "LimitType2": "Null",
    "LimitValue2List": [],
    "OnShelfType1": "Null",
    "OnShelfValue1List": [],
    "LimitTimes": 10,
    "CanBeRefresh": false,
    "RefreshType": 1,
    "ShopID": 201,
    "ScheduleDataID": 10190051
  },
  "190052": {
    "GoodsID": 190052,
    "ItemID": 181002,
    "ShopGoodsIconPath": "",
    "ItemCount": 1,
    "Level": 0,
    "Rank": 0,
    "CurrencyList": [
      2
    ],
    "CurrencyCostList": [
      390
    ],
    "GoodsSortID": 4,
    "LimitType1": "Null",
    "LimitValue1List": [],
    "LimitType2": "Null",
    "LimitValue2List": [],
    "OnShelfType1": "Null",
    "OnShelfValue1List": [],
    "LimitTimes": 10,
    "CanBeRefresh": false,
    "RefreshType": 1,
    "ShopID": 201,
    "ScheduleDataID": 10190052
  },
  "190053": {
    "GoodsID": 190053,
    "ItemID": 181003,
    "ShopGoodsIconPath": "",
    "ItemCount": 1,
    "Level": 0,
    "Rank": 0,
    "CurrencyList": [
      2
    ],
    "CurrencyCostList": [
      390
    ],
    "GoodsSortID": 5,
    "LimitType1": "Null",
    "LimitValue1List": [],
    "LimitType2": "Null",
    "LimitValue2List": [],
    "OnShelfType1": "Null",
    "OnShelfValue1List": [],
    "LimitTimes": 10,
    "CanBeRefresh": false,
    "RefreshType": 1,
    "ShopID": 201,
    "ScheduleDataID": 10190053
  },
  "190101": {
    "GoodsID": 190101,
    "ItemID": 180001,
    "ShopGoodsIconPath": "",
    "ItemCount": 1,
    "Level": 0,
    "Rank": 0,
    "CurrencyList": [
      2
    ],
    "CurrencyCostList": [
      260
    ],
    "GoodsSortID": 1,
    "LimitType1": "Null",
    "LimitValue1List": [],
    "LimitType2": "Null",
    "LimitValue2List": [],
    "OnShelfType1": "Null",
    "OnShelfValue1List": [],
    "LimitTimes": 15,
    "CanBeRefresh": false,
    "RefreshType": 1,
    "ShopID": 994,
    "ScheduleDataID": 10190101
  },
  "190102": {
    "GoodsID": 190102,
    "ItemID": 180002,
    "ShopGoodsIconPath": "",
    "ItemCount": 1,
    "Level": 0,
    "Rank": 0,
    "CurrencyList": [
      2
    ],
    "CurrencyCostList": [
      260
    ],
    "GoodsSortID": 2,
    "LimitType1": "Null",
    "LimitValue1List": [],
    "LimitType2": "Null",
    "LimitValue2List": [],
    "OnShelfType1": "Null",
    "OnShelfValue1List": [],
    "LimitTimes": 10,
    "CanBeRefresh": false,
    "RefreshType": 1,
    "ShopID": 994,
    "ScheduleDataID": 10190102
  },
  "190103": {
    "GoodsID": 190103,
    "ItemID": 181002,
    "ShopGoodsIconPath": "",
    "ItemCount": 1,
    "Level": 0,
    "Rank": 0,
    "CurrencyList": [
      2
    ],
    "CurrencyCostList": [
      400
    ],
    "GoodsSortID": 3,
    "LimitType1": "Null",
    "LimitValue1List": [],
    "LimitType2": "Null",
    "LimitValue2List": [],
    "OnShelfType1": "Null",
    "OnShelfValue1List": [],
    "LimitTimes": 10,
    "CanBeRefresh": false,
    "RefreshType": 1,
    "ShopID": 994,
    "ScheduleDataID": 10190103
  },
  "190104": {
    "GoodsID": 190104,
    "ItemID": 181003,
    "ShopGoodsIconPath": "",
    "ItemCount": 1,
    "Level": 0,
    "Rank": 0,
    "CurrencyList": [
      2
    ],
    "CurrencyCostList": [
      360
    ],
    "GoodsSortID": 4,
    "LimitType1": "Null",
    "LimitValue1List": [],
    "LimitType2": "Null",
    "LimitValue2List": [],
    "OnShelfType1": "Null",
    "OnShelfValue1List": [],
    "LimitTimes": 5,
    "CanBeRefresh": false,
    "RefreshType": 1,
    "ShopID": 994,
    "ScheduleDataID": 10190104
  },
  "190105": {
    "GoodsID": 190105,
    "ItemID": 182002,
    "ShopGoodsIconPath": "",
    "ItemCount": 1,
    "Level": 0,
    "Rank": 0,
    "CurrencyList": [
      2
    ],
    "CurrencyCostList": [
      500
    ],
    "GoodsSortID": 5,
    "LimitType1": "Null",
    "LimitValue1List": [],
    "LimitType2": "Null",
    "LimitValue2List": [],
    "OnShelfType1": "Null",
    "OnShelfValue1List": [],
    "LimitTimes": 10,
    "CanBeRefresh": false,
    "RefreshType": 0,
    "ShopID": 994,
    "ScheduleDataID": 10190105
  },
  "190106": {
    "GoodsID": 190106,
    "ItemID": 182004,
    "ShopGoodsIconPath": "",
    "ItemCount": 1,
    "Level": 0,
    "Rank": 0,
    "CurrencyList": [
      2
    ],
    "CurrencyCostList": [
      500
    ],
    "GoodsSortID": 6,
    "LimitType1": "Null",
    "LimitValue1List": [],
    "LimitType2": "Null",
    "LimitValue2List": [],
    "OnShelfType1": "Null",
    "OnShelfValue1List": [],
    "LimitTimes": 10,
    "CanBeRefresh": false,
    "RefreshType": 0,
    "ShopID": 994,
    "ScheduleDataID": 10190106
  },
  "190201": {
    "GoodsID": 190201,
    "ItemID": 180001,
    "ShopGoodsIconPath": "",
    "ItemCount": 1,
    "Level": 0,
    "Rank": 0,
    "CurrencyList": [
      2
    ],
    "CurrencyCostList": [
      260
    ],
    "GoodsSortID": 1,
    "LimitType1": "Null",
    "LimitValue1List": [],
    "LimitType2": "Null",
    "LimitValue2List": [],
    "OnShelfType1": "Null",
    "OnShelfValue1List": [],
    "LimitTimes": 10,
    "CanBeRefresh": false,
    "RefreshType": 1,
    "ShopID": 995,
    "ScheduleDataID": 10190201
  },
  "190202": {
    "GoodsID": 190202,
    "ItemID": 180002,
    "ShopGoodsIconPath": "",
    "ItemCount": 1,
    "Level": 0,
    "Rank": 0,
    "CurrencyList": [
      2
    ],
    "CurrencyCostList": [
      260
    ],
    "GoodsSortID": 2,
    "LimitType1": "Null",
    "LimitValue1List": [],
    "LimitType2": "Null",
    "LimitValue2List": [],
    "OnShelfType1": "Null",
    "OnShelfValue1List": [],
    "LimitTimes": 15,
    "CanBeRefresh": false,
    "RefreshType": 1,
    "ShopID": 995,
    "ScheduleDataID": 10190202
  },
  "190203": {
    "GoodsID": 190203,
    "ItemID": 181001,
    "ShopGoodsIconPath": "",
    "ItemCount": 1,
    "Level": 0,
    "Rank": 0,
    "CurrencyList": [
      2
    ],
    "CurrencyCostList": [
      400
    ],
    "GoodsSortID": 3,
    "LimitType1": "Null",
    "LimitValue1List": [],
    "LimitType2": "Null",
    "LimitValue2List": [],
    "OnShelfType1": "Null",
    "OnShelfValue1List": [],
    "LimitTimes": 10,
    "CanBeRefresh": false,
    "RefreshType": 1,
    "ShopID": 995,
    "ScheduleDataID": 10190203
  },
  "190204": {
    "GoodsID": 190204,
    "ItemID": 181003,
    "ShopGoodsIconPath": "",
    "ItemCount": 1,
    "Level": 0,
    "Rank": 0,
    "CurrencyList": [
      2
    ],
    "CurrencyCostList": [
      360
    ],
    "GoodsSortID": 4,
    "LimitType1": "Null",
    "LimitValue1List": [],
    "LimitType2": "Null",
    "LimitValue2List": [],
    "OnShelfType1": "Null",
    "OnShelfValue1List": [],
    "LimitTimes": 10,
    "CanBeRefresh": false,
    "RefreshType": 1,
    "ShopID": 995,
    "ScheduleDataID": 10190204
  },
  "190205": {
    "GoodsID": 190205,
    "ItemID": 182001,
    "ShopGoodsIconPath": "",
    "ItemCount": 1,
    "Level": 0,
    "Rank": 0,
    "CurrencyList": [
      2
    ],
    "CurrencyCostList": [
      550
    ],
    "GoodsSortID": 5,
    "LimitType1": "Null",
    "LimitValue1List": [],
    "LimitType2": "Null",
    "LimitValue2List": [],
    "OnShelfType1": "Null",
    "OnShelfValue1List": [],
    "LimitTimes": 10,
    "CanBeRefresh": false,
    "RefreshType": 0,
    "ShopID": 995,
    "ScheduleDataID": 10190205
  },
  "190206": {
    "GoodsID": 190206,
    "ItemID": 182003,
    "ShopGoodsIconPath": "",
    "ItemCount": 1,
    "Level": 0,
    "Rank": 0,
    "CurrencyList": [
      2
    ],
    "CurrencyCostList": [
      500
    ],
    "GoodsSortID": 6,
    "LimitType1": "Null",
    "LimitValue1List": [],
    "LimitType2": "Null",
    "LimitValue2List": [],
    "OnShelfType1": "Null",
    "OnShelfValue1List": [],
    "LimitTimes": 10,
    "CanBeRefresh": false,
    "RefreshType": 0,
    "ShopID": 995,
    "ScheduleDataID": 10190206
  },
  "190301": {
    "GoodsID": 190301,
    "ItemID": 400004,
    "ShopGoodsIconPath": "",
    "ItemCount": 1,
    "Level": 0,
    "Rank": 0,
    "CurrencyList": [
      2
    ],
    "CurrencyCostList": [
      600
    ],
    "GoodsSortID": 1,
    "LimitType1": "Null",
    "LimitValue1List": [],
    "LimitType2": "Null",
    "LimitValue2List": [],
    "OnShelfType1": "Null",
    "OnShelfValue1List": [],
    "LimitTimes": 10,
    "CanBeRefresh": false,
    "RefreshType": 1,
    "ShopID": 993,
    "ScheduleDataID": 10190301
  },
  "190302": {
    "GoodsID": 190302,
    "ItemID": 401003,
    "ShopGoodsIconPath": "",
    "ItemCount": 1,
    "Level": 0,
    "Rank": 0,
    "CurrencyList": [
      2
    ],
    "CurrencyCostList": [
      1500
    ],
    "GoodsSortID": 2,
    "LimitType1": "Null",
    "LimitValue1List": [],
    "LimitType2": "Null",
    "LimitValue2List": [],
    "OnShelfType1": "Null",
    "OnShelfValue1List": [],
    "LimitTimes": 10,
    "CanBeRefresh": false,
    "RefreshType": 1,
    "ShopID": 993,
    "ScheduleDataID": 10190302
  },
  "190303": {
    "GoodsID": 190303,
    "ItemID": 402001,
    "ShopGoodsIconPath": "",
    "ItemCount": 1,
    "Level": 0,
    "Rank": 0,
    "CurrencyList": [
      2
    ],
    "CurrencyCostList": [
      3300
    ],
    "GoodsSortID": 3,
    "LimitType1": "Null",
    "LimitValue1List": [],
    "LimitType2": "Null",
    "LimitValue2List": [],
    "OnShelfType1": "Null",
    "OnShelfValue1List": [],
    "LimitTimes": 10,
    "CanBeRefresh": false,
    "RefreshType": 0,
    "ShopID": 993,
    "ScheduleDataID": 10190303
  },
  "190304": {
    "GoodsID": 190304,
    "ItemID": 402002,
    "ShopGoodsIconPath": "",
    "ItemCount": 1,
    "Level": 0,
    "Rank": 0,
    "CurrencyList": [
      2
    ],
    "CurrencyCostList": [
      3600
    ],
    "GoodsSortID": 4,
    "LimitType1": "Null",
    "LimitValue1List": [],
    "LimitType2": "Null",
    "LimitValue2List": [],
    "OnShelfType1": "Null",
    "OnShelfValue1List": [],
    "LimitTimes": 5,
    "CanBeRefresh": false,
    "RefreshType": 0,
    "ShopID": 993,
    "ScheduleDataID": 10190304
  },
  "190305": {
    "GoodsID": 190305,
    "ItemID": 408004,
    "ShopGoodsIconPath": "",
    "ItemCount": 1,
    "Level": 0,
    "Rank": 0,
    "CurrencyList": [
      2
    ],
    "CurrencyCostList": [
      5200
    ],
    "GoodsSortID": 5,
    "LimitType1": "Null",
    "LimitValue1List": [],
    "LimitType2": "Null",
    "LimitValue2List": [],
    "OnShelfType1": "Null",
    "OnShelfValue1List": [],
    "LimitTimes": 5,
    "CanBeRefresh": false,
    "RefreshType": 0,
    "ShopID": 993,
    "ScheduleDataID": 10190305
  },
  "240001": {
    "GoodsID": 240001,
    "ItemID": 1001,
    "ShopGoodsIconPath": "SpriteOutput/AvatarShopIcon/1001.png",
    "ItemCount": 1,
    "Level": 1,
    "Rank": 0,
    "CurrencyList": [
      501
    ],
    "CurrencyCostList": [
      4500
    ],
    "GoodsSortID": 1,
    "LimitType1": "Null",
    "LimitValue1List": [],
    "LimitType2": "Null",
    "LimitValue2List": [],
    "OnShelfType1": "Level",
    "OnShelfValue1List": [
      999
    ],
    "LimitTimes": 1,
    "CanBeRefresh": true,
    "RefreshType": 4,
    "ShopID": 504,
    "ScheduleDataID": 10240001
  },
  "240002": {
    "GoodsID": 240002,
    "ItemID": 1008,
    "ShopGoodsIconPath": "SpriteOutput/AvatarShopIcon/1008.png",
    "ItemCount": 1,
    "Level": 1,
    "Rank": 0,
    "CurrencyList": [
      501
    ],
    "CurrencyCostList": [
      4500
    ],
    "GoodsSortID": 1,
    "LimitType1": "Null",
    "LimitValue1List": [],
    "LimitType2": "Null",
    "LimitValue2List": [],
    "OnShelfType1": "Level",
    "OnShelfValue1List": [
      999
    ],
    "LimitTimes": 1,
    "CanBeRefresh": true,
    "RefreshType": 4,
    "ShopID": 504,
    "ScheduleDataID": 10240002
  },
  "240003": {
    "GoodsID": 240003,
    "ItemID": 1009,
    "ShopGoodsIconPath": "SpriteOutput/AvatarShopIcon/1009.png",
    "ItemCount": 1,
    "Level": 1,
    "Rank": 0,
    "CurrencyList": [
      501
    ],
    "CurrencyCostList": [
      4500
    ],
    "GoodsSortID": 1,
    "LimitType1": "Null",
    "LimitValue1List": [],
    "LimitType2": "Null",
    "LimitValue2List": [],
    "OnShelfType1": "Level",
    "OnShelfValue1List": [
      999
    ],
    "LimitTimes": 1,
    "CanBeRefresh": true,
    "RefreshType": 4,
    "ShopID": 504,
    "ScheduleDataID": 10240003
  },
  "240004": {
    "GoodsID": 240004,
    "ItemID": 1013,
    "ShopGoodsIconPath": "SpriteOutput/AvatarShopIcon/1013.png",
    "ItemCount": 1,
    "Level": 1,
    "Rank": 0,
    "CurrencyList": [
      501
    ],
    "CurrencyCostList": [
      4500
    ],
    "GoodsSortID": 1,
    "LimitType1": "Null",
    "LimitValue1List": [],
    "LimitType2": "Null",
    "LimitValue2List": [],
    "OnShelfType1": "Level",
    "OnShelfValue1List": [
      999
    ],
    "LimitTimes": 1,
    "CanBeRefresh": true,
    "RefreshType": 4,
    "ShopID": 504,
    "ScheduleDataID": 10240004
  },
  "240005": {
    "GoodsID": 240005,
    "ItemID": 1103,
    "ShopGoodsIconPath": "SpriteOutput/AvatarShopIcon/1103.png",
    "ItemCount": 1,
    "Level": 1,
    "Rank": 0,
    "CurrencyList": [
      501
    ],
    "CurrencyCostList": [
      4500
    ],
    "GoodsSortID": 1,
    "LimitType1": "Null",
    "LimitValue1List": [],
    "LimitType2": "Null",
    "LimitValue2List": [],
    "OnShelfType1": "Level",
    "OnShelfValue1List": [
      999
    ],
    "LimitTimes": 1,
    "CanBeRefresh": true,
    "RefreshType": 4,
    "ShopID": 504,
    "ScheduleDataID": 10240005
  },
  "240006": {
    "GoodsID": 240006,
    "ItemID": 1002,
    "ShopGoodsIconPath": "SpriteOutput/AvatarShopIcon/1002.png",
    "ItemCount": 1,
    "Level": 1,
    "Rank": 0,
    "CurrencyList": [
      501
    ],
    "CurrencyCostList": [
      4500
    ],
    "GoodsSortID": 1,
    "LimitType1": "Null",
    "LimitValue1List": [],
    "LimitType2": "Null",
    "LimitValue2List": [],
    "OnShelfType1": "Level",
    "OnShelfValue1List": [
      999
    ],
    "LimitTimes": 1,
    "CanBeRefresh": true,
    "RefreshType": 4,
    "ShopID": 504,
    "ScheduleDataID": 10240006
  },
  "240007": {
    "GoodsID": 240007,
    "ItemID": 1105,
    "ShopGoodsIconPath": "SpriteOutput/AvatarShopIcon/1105.png",
    "ItemCount": 1,
    "Level": 1,
    "Rank": 0,
    "CurrencyList": [
      501
    ],
    "CurrencyCostList": [
      4500
    ],
    "GoodsSortID": 1,
    "LimitType1": "Null",
    "LimitValue1List": [],
    "LimitType2": "Null",
    "LimitValue2List": [],
    "OnShelfType1": "Level",
    "OnShelfValue1List": [
      999
    ],
    "LimitTimes": 1,
    "CanBeRefresh": true,
    "RefreshType": 4,
    "ShopID": 504,
    "ScheduleDataID": 10240007
  },
  "240008": {
    "GoodsID": 240008,
    "ItemID": 1106,
    "ShopGoodsIconPath": "SpriteOutput/AvatarShopIcon/1106.png",
    "ItemCount": 1,
    "Level": 1,
    "Rank": 0,
    "CurrencyList": [
      501
    ],
    "CurrencyCostList": [
      4500
    ],
    "GoodsSortID": 1,
    "LimitType1": "Null",
    "LimitValue1List": [],
    "LimitType2": "Null",
    "LimitValue2List": [],
    "OnShelfType1": "Level",
    "OnShelfValue1List": [
      999
    ],
    "LimitTimes": 1,
    "CanBeRefresh": true,
    "RefreshType": 4,
    "ShopID": 504,
    "ScheduleDataID": 10240008
  },
  "240009": {
    "GoodsID": 240009,
    "ItemID": 1108,
    "ShopGoodsIconPath": "SpriteOutput/AvatarShopIcon/1108.png",
    "ItemCount": 1,
    "Level": 1,
    "Rank": 0,
    "CurrencyList": [
      501
    ],
    "CurrencyCostList": [
      4500
    ],
    "GoodsSortID": 1,
    "LimitType1": "Null",
    "LimitValue1List": [],
    "LimitType2": "Null",
    "LimitValue2List": [],
    "OnShelfType1": "Level",
    "OnShelfValue1List": [
      999
    ],
    "LimitTimes": 1,
    "CanBeRefresh": true,
    "RefreshType": 4,
    "ShopID": 504,
    "ScheduleDataID": 10240009
  },
  "240010": {
    "GoodsID": 240010,
    "ItemID": 1109,
    "ShopGoodsIconPath": "SpriteOutput/AvatarShopIcon/1109.png",
    "ItemCount": 1,
    "Level": 1,
    "Rank": 0,
    "CurrencyList": [
      501
    ],
    "CurrencyCostList": [
      4500
    ],
    "GoodsSortID": 1,
    "LimitType1": "Null",
    "LimitValue1List": [],
    "LimitType2": "Null",
    "LimitValue2List": [],
    "OnShelfType1": "Level",
    "OnShelfValue1List": [
      999
    ],
    "LimitTimes": 1,
    "CanBeRefresh": true,
    "RefreshType": 4,
    "ShopID": 504,
    "ScheduleDataID": 10240010
  },
  "240011": {
    "GoodsID": 240011,
    "ItemID": 70011,
    "ShopGoodsIconPath": "",
    "ItemCount": 1,
    "Level": 0,
    "Rank": 0,
    "CurrencyList": [
      501
    ],
    "CurrencyCostList": [
      40
    ],
    "GoodsSortID": 8,
    "LimitType1": "Level",
    "LimitValue1List": [
      15
    ],
    "LimitType2": "Null",
    "LimitValue2List": [],
    "OnShelfType1": "WorldLevel",
    "OnShelfValue1List": [
      0
    ],
    "LimitTimes": 10,
    "CanBeRefresh": true,
    "RefreshType": 4,
    "ShopID": 504,
    "ScheduleDataID": 10240011
  },
  "240012": {
    "GoodsID": 240012,
    "ItemID": 70012,
    "ShopGoodsIconPath": "",
    "ItemCount": 1,
    "Level": 0,
    "Rank": 0,
    "CurrencyList": [
      501
    ],
    "CurrencyCostList": [
      40
    ],
    "GoodsSortID": 8,
    "LimitType1": "Level",
    "LimitValue1List": [
      15
    ],
    "LimitType2": "Null",
    "LimitValue2List": [],
    "OnShelfType1": "WorldLevel",
    "OnShelfValue1List": [
      0
    ],
    "LimitTimes": 10,
    "CanBeRefresh": true,
    "RefreshType": 4,
    "ShopID": 504,
    "ScheduleDataID": 10240012
  },
  "240013": {
    "GoodsID": 240013,
    "ItemID": 70013,
    "ShopGoodsIconPath": "",
    "ItemCount": 1,
    "Level": 0,
    "Rank": 0,
    "CurrencyList": [
      501
    ],
    "CurrencyCostList": [
      40
    ],
    "GoodsSortID": 8,
    "LimitType1": "Level",
    "LimitValue1List": [
      15
    ],
    "LimitType2": "Null",
    "LimitValue2List": [],
    "OnShelfType1": "WorldLevel",
    "OnShelfValue1List": [
      0
    ],
    "LimitTimes": 10,
    "CanBeRefresh": true,
    "RefreshType": 4,
    "ShopID": 504,
    "ScheduleDataID": 10240013
  },
  "240014": {
    "GoodsID": 240014,
    "ItemID": 70014,
    "ShopGoodsIconPath": "",
    "ItemCount": 1,
    "Level": 0,
    "Rank": 0,
    "CurrencyList": [
      501
    ],
    "CurrencyCostList": [
      40
    ],
    "GoodsSortID": 8,
    "LimitType1": "Level",
    "LimitValue1List": [
      15
    ],
    "LimitType2": "Null",
    "LimitValue2List": [],
    "OnShelfType1": "WorldLevel",
    "OnShelfValue1List": [
      0
    ],
    "LimitTimes": 10,
    "CanBeRefresh": true,
    "RefreshType": 4,
    "ShopID": 504,
    "ScheduleDataID": 10240014
  },
  "240015": {
    "GoodsID": 240015,
    "ItemID": 101,
    "ShopGoodsIconPath": "",
    "ItemCount": 1,
    "Level": 0,
    "Rank": 0,
    "CurrencyList": [
      501
    ],
    "CurrencyCostList": [
      1000
    ],
    "GoodsSortID": 2,
    "LimitType1": "Null",
    "LimitValue1List": [],
    "LimitType2": "Null",
    "LimitValue2List": [],
    "OnShelfType1": "WorldLevel",
    "OnShelfValue1List": [
      0
    ],
    "LimitTimes": 1,
    "CanBeRefresh": true,
    "RefreshType": 4,
    "ShopID": 504,
    "ScheduleDataID": 10240015
  },
  "240016": {
    "GoodsID": 240016,
    "ItemID": 212,
    "ShopGoodsIconPath": "",
    "ItemCount": 1,
    "Level": 0,
    "Rank": 0,
    "CurrencyList": [
      501
    ],
    "CurrencyCostList": [
      25
    ],
    "GoodsSortID": 9,
    "LimitType1": "Null",
    "LimitValue1List": [],
    "LimitType2": "Null",
    "LimitValue2List": [],
    "OnShelfType1": "WorldLevel",
    "OnShelfValue1List": [
      0
    ],
    "LimitTimes": 10,
    "CanBeRefresh": true,
    "RefreshType": 4,
    "ShopID": 504,
    "ScheduleDataID": 10240016
  },
  "240017": {
    "GoodsID": 240017,
    "ItemID": 221,
    "ShopGoodsIconPath": "",
    "ItemCount": 1,
    "Level": 0,
    "Rank": 0,
    "CurrencyList": [
      501
    ],
    "CurrencyCostList": [
      20
    ],
    "GoodsSortID": 10,
    "LimitType1": "Null",
    "LimitValue1List": [],
    "LimitType2": "Null",
    "LimitValue2List": [],
    "OnShelfType1": "WorldLevel",
    "OnShelfValue1List": [
      0
    ],
    "LimitTimes": 10,
    "CanBeRefresh": true,
    "RefreshType": 4,
    "ShopID": 504,
    "ScheduleDataID": 10240017
  },
  "240018": {
    "GoodsID": 240018,
    "ItemID": 2,
    "ShopGoodsIconPath": "",
    "ItemCount": 10000,
    "Level": 0,
    "Rank": 0,
    "CurrencyList": [
      501
    ],
    "CurrencyCostList": [
      100
    ],
    "GoodsSortID": 12,
    "LimitType1": "Null",
    "LimitValue1List": [],
    "LimitType2": "Null",
    "LimitValue2List": [],
    "OnShelfType1": "WorldLevel",
    "OnShelfValue1List": [
      1
    ],
    "LimitTimes": 10,
    "CanBeRefresh": true,
    "RefreshType": 4,
    "ShopID": 504,
    "ScheduleDataID": 10240018
  },
  "240019": {
    "GoodsID": 240019,
    "ItemID": 70021,
    "ShopGoodsIconPath": "",
    "ItemCount": 1,
    "Level": 0,
    "Rank": 0,
    "CurrencyList": [
      501
    ],
    "CurrencyCostList": [
      160
    ],
    "GoodsSortID": 5,
    "LimitType1": "Level",
    "LimitValue1List": [
      25
    ],
    "LimitType2": "Null",
    "LimitValue2List": [],
    "OnShelfType1": "WorldLevel",
    "OnShelfValue1List": [
      1
    ],
    "LimitTimes": 6,
    "CanBeRefresh": true,
    "RefreshType": 4,
    "ShopID": 504,
    "ScheduleDataID": 10240019
  },
  "240020": {
    "GoodsID": 240020,
    "ItemID": 70022,
    "ShopGoodsIconPath": "",
    "ItemCount": 1,
    "Level": 0,
    "Rank": 0,
    "CurrencyList": [
      501
    ],
    "CurrencyCostList": [
      160
    ],
    "GoodsSortID": 5,
    "LimitType1": "Level",
    "LimitValue1List": [
      25
    ],
    "LimitType2": "Null",
    "LimitValue2List": [],
    "OnShelfType1": "WorldLevel",
    "OnShelfValue1List": [
      1
    ],
    "LimitTimes": 6,
    "CanBeRefresh": true,
    "RefreshType": 4,
    "ShopID": 504,
    "ScheduleDataID": 10240020
  },
  "240021": {
    "GoodsID": 240021,
    "ItemID": 241,
    "ShopGoodsIconPath": "",
    "ItemCount": 1,
    "Level": 0,
    "Rank": 0,
    "CurrencyList": [
      501
    ],
    "CurrencyCostList": [
      1000
    ],
    "GoodsSortID": 3,
    "LimitType1": "Null",
    "LimitValue1List": [],
    "LimitType2": "Null",
    "LimitValue2List": [],
    "OnShelfType1": "WorldLevel",
    "OnShelfValue1List": [
      2
    ],
    "LimitTimes": 2,
    "CanBeRefresh": true,
    "RefreshType": 4,
    "ShopID": 504,
    "ScheduleDataID": 10240021
  },
  "240022": {
    "GoodsID": 240022,
    "ItemID": 70023,
    "ShopGoodsIconPath": "",
    "ItemCount": 1,
    "Level": 0,
    "Rank": 0,
    "CurrencyList": [
      501
    ],
    "CurrencyCostList": [
      160
    ],
    "GoodsSortID": 5,
    "LimitType1": "Null",
    "LimitValue1List": [],
    "LimitType2": "Null",
    "LimitValue2List": [],
    "OnShelfType1": "WorldLevel",
    "OnShelfValue1List": [
      2
    ],
    "LimitTimes": 6,
    "CanBeRefresh": true,
    "RefreshType": 4,
    "ShopID": 504,
    "ScheduleDataID": 10240022
  },
  "240023": {
    "GoodsID": 240023,
    "ItemID": 70024,
    "ShopGoodsIconPath": "",
    "ItemCount": 1,
    "Level": 0,
    "Rank": 0,
    "CurrencyList": [
      501
    ],
    "CurrencyCostList": [
      160
    ],
    "GoodsSortID": 5,
    "LimitType1": "Null",
    "LimitValue1List": [],
    "LimitType2": "Null",
    "LimitValue2List": [],
    "OnShelfType1": "WorldLevel",
    "OnShelfValue1List": [
      2
    ],
    "LimitTimes": 6,
    "CanBeRefresh": true,
    "RefreshType": 4,
    "ShopID": 504,
    "ScheduleDataID": 10240023
  },
  "240024": {
    "GoodsID": 240024,
    "ItemID": 110111,
    "ShopGoodsIconPath": "",
    "ItemCount": 1,
    "Level": 0,
    "Rank": 0,
    "CurrencyList": [
      501
    ],
    "CurrencyCostList": [
      50
    ],
    "GoodsSortID": 11,
    "LimitType1": "Null",
    "LimitValue1List": [],
    "LimitType2": "Null",
    "LimitValue2List": [],
    "OnShelfType1": "WorldLevel",
    "OnShelfValue1List": [
      2
    ],
    "LimitTimes": 5,
    "CanBeRefresh": true,
    "RefreshType": 4,
    "ShopID": 504,
    "ScheduleDataID": 10240024
  },
  "240025": {
    "GoodsID": 240025,
    "ItemID": 110121,
    "ShopGoodsIconPath": "",
    "ItemCount": 1,
    "Level": 0,
    "Rank": 0,
    "CurrencyList": [
      501
    ],
    "CurrencyCostList": [
      50
    ],
    "GoodsSortID": 11,
    "LimitType1": "Null",
    "LimitValue1List": [],
    "LimitType2": "Null",
    "LimitValue2List": [],
    "OnShelfType1": "WorldLevel",
    "OnShelfValue1List": [
      2
    ],
    "LimitTimes": 5,
    "CanBeRefresh": true,
    "RefreshType": 4,
    "ShopID": 504,
    "ScheduleDataID": 10240025
  },
  "240026": {
    "GoodsID": 240026,
    "ItemID": 110131,
    "ShopGoodsIconPath": "",
    "ItemCount": 1,
    "Level": 0,
    "Rank": 0,
    "CurrencyList": [
      501
    ],
    "CurrencyCostList": [
      50
    ],
    "GoodsSortID": 11,
    "LimitType1": "Null",
    "LimitValue1List": [],
    "LimitType2": "Null",
    "LimitValue2List": [],
    "OnShelfType1": "WorldLevel",
    "OnShelfValue1List": [
      2
    ],
    "LimitTimes": 5,
    "CanBeRefresh": true,
    "RefreshType": 4,
    "ShopID": 504,
    "ScheduleDataID": 10240026
  },
  "240027": {
    "GoodsID": 240027,
    "ItemID": 110141,
    "ShopGoodsIconPath": "",
    "ItemCount": 1,
    "Level": 0,
    "Rank": 0,
    "CurrencyList": [
      501
    ],
    "CurrencyCostList": [
      50
    ],
    "GoodsSortID": 11,
    "LimitType1": "Null",
    "LimitValue1List": [],
    "LimitType2": "Null",
    "LimitValue2List": [],
    "OnShelfType1": "WorldLevel",
    "OnShelfValue1List": [
      2
    ],
    "LimitTimes": 5,
    "CanBeRefresh": true,
    "RefreshType": 4,
    "ShopID": 504,
    "ScheduleDataID": 10240027
  },
  "240028": {
    "GoodsID": 240028,
    "ItemID": 110151,
    "ShopGoodsIconPath": "",
    "ItemCount": 1,
    "Level": 0,
    "Rank": 0,
    "CurrencyList": [
      501
    ],
    "CurrencyCostList": [
      50
    ],
    "GoodsSortID": 11,
    "LimitType1": "Null",
    "LimitValue1List": [],
    "LimitType2": "Null",
    "LimitValue2List": [],
    "OnShelfType1": "WorldLevel",
    "OnShelfValue1List": [
      2
    ],
    "LimitTimes": 5,
    "CanBeRefresh": true,
    "RefreshType": 4,
    "ShopID": 504,
    "ScheduleDataID": 10240028
  },
  "240029": {
    "GoodsID": 240029,
    "ItemID": 110161,
    "ShopGoodsIconPath": "",
    "ItemCount": 1,
    "Level": 0,
    "Rank": 0,
    "CurrencyList": [
      501
    ],
    "CurrencyCostList": [
      50
    ],
    "GoodsSortID": 11,
    "LimitType1": "Null",
    "LimitValue1List": [],
    "LimitType2": "Null",
    "LimitValue2List": [],
    "OnShelfType1": "WorldLevel",
    "OnShelfValue1List": [
      2
    ],
    "LimitTimes": 5,
    "CanBeRefresh": true,
    "RefreshType": 4,
    "ShopID": 504,
    "ScheduleDataID": 10240029
  },
  "240030": {
    "GoodsID": 240030,
    "ItemID": 110171,
    "ShopGoodsIconPath": "",
    "ItemCount": 1,
    "Level": 0,
    "Rank": 0,
    "CurrencyList": [
      501
    ],
    "CurrencyCostList": [
      50
    ],
    "GoodsSortID": 11,
    "LimitType1": "Null",
    "LimitValue1List": [],
    "LimitType2": "Null",
    "LimitValue2List": [],
    "OnShelfType1": "WorldLevel",
    "OnShelfValue1List": [
      2
    ],
    "LimitTimes": 5,
    "CanBeRefresh": true,
    "RefreshType": 4,
    "ShopID": 504,
    "ScheduleDataID": 10240030
  },
  "240031": {
    "GoodsID": 240031,
    "ItemID": 241,
    "ShopGoodsIconPath": "",
    "ItemCount": 1,
    "Level": 0,
    "Rank": 0,
    "CurrencyList": [
      501
    ],
    "CurrencyCostList": [
      1000
    ],
    "GoodsSortID": 3,
    "LimitType1": "Null",
    "LimitValue1List": [],
    "LimitType2": "Null",
    "LimitValue2List": [],
    "OnShelfType1": "Level",
    "OnShelfValue1List": [
      99
    ],
    "LimitTimes": 1,
    "CanBeRefresh": true,
    "RefreshType": 4,
    "ShopID": 504,
    "ScheduleDataID": 10240031
  },
  "240032": {
    "GoodsID": 240032,
    "ItemID": 2,
    "ShopGoodsIconPath": "",
    "ItemCount": 10000,
    "Level": 0,
    "Rank": 0,
    "CurrencyList": [
      501
    ],
    "CurrencyCostList": [
      100
    ],
    "GoodsSortID": 4,
    "LimitType1": "Null",
    "LimitValue1List": [],
    "LimitType2": "Null",
    "LimitValue2List": [],
    "OnShelfType1": "Level",
    "OnShelfValue1List": [
      99
    ],
    "LimitTimes": 5,
    "CanBeRefresh": true,
    "RefreshType": 4,
    "ShopID": 504,
    "ScheduleDataID": 10240032
  },
  "240033": {
    "GoodsID": 240033,
    "ItemID": 213,
    "ShopGoodsIconPath": "",
    "ItemCount": 1,
    "Level": 0,
    "Rank": 0,
    "CurrencyList": [
      501
    ],
    "CurrencyCostList": [
      100
    ],
    "GoodsSortID": 6,
    "LimitType1": "Null",
    "LimitValue1List": [],
    "LimitType2": "Null",
    "LimitValue2List": [],
    "OnShelfType1": "WorldLevel",
    "OnShelfValue1List": [
      3
    ],
    "LimitTimes": 5,
    "CanBeRefresh": true,
    "RefreshType": 4,
    "ShopID": 504,
    "ScheduleDataID": 10240033
  },
  "240034": {
    "GoodsID": 240034,
    "ItemID": 222,
    "ShopGoodsIconPath": "",
    "ItemCount": 1,
    "Level": 0,
    "Rank": 0,
    "CurrencyList": [
      501
    ],
    "CurrencyCostList": [
      100
    ],
    "GoodsSortID": 7,
    "LimitType1": "Null",
    "LimitValue1List": [],
    "LimitType2": "Null",
    "LimitValue2List": [],
    "OnShelfType1": "WorldLevel",
    "OnShelfValue1List": [
      3
    ],
    "LimitTimes": 5,
    "CanBeRefresh": true,
    "RefreshType": 4,
    "ShopID": 504,
    "ScheduleDataID": 10240034
  },
  "240035": {
    "GoodsID": 240035,
    "ItemID": 101,
    "ShopGoodsIconPath": "",
    "ItemCount": 1,
    "Level": 0,
    "Rank": 0,
    "CurrencyList": [
      501
    ],
    "CurrencyCostList": [
      1000
    ],
    "GoodsSortID": 2,
    "LimitType1": "Null",
    "LimitValue1List": [],
    "LimitType2": "Null",
    "LimitValue2List": [],
    "OnShelfType1": "WorldLevel",
    "OnShelfValue1List": [
      4
    ],
    "LimitTimes": 1,
    "CanBeRefresh": true,
    "RefreshType": 4,
    "ShopID": 504,
    "ScheduleDataID": 10240035
  },
  "240036": {
    "GoodsID": 240036,
    "ItemID": 235,
    "ShopGoodsIconPath": "",
    "ItemCount": 1,
    "Level": 0,
    "Rank": 0,
    "CurrencyList": [
      501
    ],
    "CurrencyCostList": [
      45
    ],
    "GoodsSortID": 4,
    "LimitType1": "Null",
    "LimitValue1List": [],
    "LimitType2": "Null",
    "LimitValue2List": [],
    "OnShelfType1": "WorldLevel",
    "OnShelfValue1List": [
      4
    ],
    "LimitTimes": 10,
    "CanBeRefresh": true,
    "RefreshType": 4,
    "ShopID": 504,
    "ScheduleDataID": 10240036
  },
  "240037": {
    "GoodsID": 240037,
    "ItemID": 70031,
    "ShopGoodsIconPath": "",
    "ItemCount": 1,
    "Level": 0,
    "Rank": 0,
    "CurrencyList": [
      501
    ],
    "CurrencyCostList": [
      360
    ],
    "GoodsSortID": 9,
    "LimitType1": "Null",
    "LimitValue1List": [],
    "LimitType2": "Null",
    "LimitValue2List": [],
    "OnShelfType1": "WorldLevel",
    "OnShelfValue1List": [
      4
    ],
    "LimitTimes": 2,
    "CanBeRefresh": true,
    "RefreshType": 4,
    "ShopID": 504,
    "ScheduleDataID": 10240037
  },
  "240038": {
    "GoodsID": 240038,
    "ItemID": 70032,
    "ShopGoodsIconPath": "",
    "ItemCount": 1,
    "Level": 0,
    "Rank": 0,
    "CurrencyList": [
      501
    ],
    "CurrencyCostList": [
      360
    ],
    "GoodsSortID": 9,
    "LimitType1": "Null",
    "LimitValue1List": [],
    "LimitType2": "Null",
    "LimitValue2List": [],
    "OnShelfType1": "WorldLevel",
    "OnShelfValue1List": [
      4
    ],
    "LimitTimes": 2,
    "CanBeRefresh": true,
    "RefreshType": 4,
    "ShopID": 504,
    "ScheduleDataID": 10240038
  },
  "240039": {
    "GoodsID": 240039,
    "ItemID": 2,
    "ShopGoodsIconPath": "",
    "ItemCount": 10000,
    "Level": 0,
    "Rank": 0,
    "CurrencyList": [
      501
    ],
    "CurrencyCostList": [
      100
    ],
    "GoodsSortID": 4,
    "LimitType1": "Null",
    "LimitValue1List": [],
    "LimitType2": "Null",
    "LimitValue2List": [],
    "OnShelfType1": "WorldLevel",
    "OnShelfValue1List": [
      5
    ],
    "LimitTimes": 10,
    "CanBeRefresh": true,
    "RefreshType": 4,
    "ShopID": 504,
    "ScheduleDataID": 10240039
  },
  "240040": {
    "GoodsID": 240040,
    "ItemID": 213,
    "ShopGoodsIconPath": "",
    "ItemCount": 1,
    "Level": 0,
    "Rank": 0,
    "CurrencyList": [
      501
    ],
    "CurrencyCostList": [
      100
    ],
    "GoodsSortID": 5,
    "LimitType1": "Null",
    "LimitValue1List": [],
    "LimitType2": "Null",
    "LimitValue2List": [],
    "OnShelfType1": "WorldLevel",
    "OnShelfValue1List": [
      5
    ],
    "LimitTimes": 10,
    "CanBeRefresh": true,
    "RefreshType": 4,
    "ShopID": 504,
    "ScheduleDataID": 10240040
  },
  "240041": {
    "GoodsID": 240041,
    "ItemID": 222,
    "ShopGoodsIconPath": "",
    "ItemCount": 1,
    "Level": 0,
    "Rank": 0,
    "CurrencyList": [
      501
    ],
    "CurrencyCostList": [
      100
    ],
    "GoodsSortID": 6,
    "LimitType1": "Null",
    "LimitValue1List": [],
    "LimitType2": "Null",
    "LimitValue2List": [],
    "OnShelfType1": "WorldLevel",
    "OnShelfValue1List": [
      5
    ],
    "LimitTimes": 10,
    "CanBeRefresh": true,
    "RefreshType": 4,
    "ShopID": 504,
    "ScheduleDataID": 10240041
  },
  "240042": {
    "GoodsID": 240042,
    "ItemID": 70031,
    "ShopGoodsIconPath": "",
    "ItemCount": 1,
    "Level": 0,
    "Rank": 0,
    "CurrencyList": [
      501
    ],
    "CurrencyCostList": [
      360
    ],
    "GoodsSortID": 9,
    "LimitType1": "Null",
    "LimitValue1List": [],
    "LimitType2": "Null",
    "LimitValue2List": [],
    "OnShelfType1": "WorldLevel",
    "OnShelfValue1List": [
      5
    ],
    "LimitTimes": 10,
    "CanBeRefresh": true,
    "RefreshType": 4,
    "ShopID": 504,
    "ScheduleDataID": 10240042
  },
  "240043": {
    "GoodsID": 240043,
    "ItemID": 70032,
    "ShopGoodsIconPath": "",
    "ItemCount": 1,
    "Level": 0,
    "Rank": 0,
    "CurrencyList": [
      501
    ],
    "CurrencyCostList": [
      360
    ],
    "GoodsSortID": 9,
    "LimitType1": "Null",
    "LimitValue1List": [],
    "LimitType2": "Null",
    "LimitValue2List": [],
    "OnShelfType1": "WorldLevel",
    "OnShelfValue1List": [
      5
    ],
    "LimitTimes": 10,
    "CanBeRefresh": true,
    "RefreshType": 4,
    "ShopID": 504,
    "ScheduleDataID": 10240043
  },
  "240044": {
    "GoodsID": 240044,
    "ItemID": 70033,
    "ShopGoodsIconPath": "",
    "ItemCount": 1,
    "Level": 0,
    "Rank": 0,
    "CurrencyList": [
      501
    ],
    "CurrencyCostList": [
      360
    ],
    "GoodsSortID": 9,
    "LimitType1": "Null",
    "LimitValue1List": [],
    "LimitType2": "Null",
    "LimitValue2List": [],
    "OnShelfType1": "WorldLevel",
    "OnShelfValue1List": [
      5
    ],
    "LimitTimes": 10,
    "CanBeRefresh": true,
    "RefreshType": 4,
    "ShopID": 504,
    "ScheduleDataID": 10240044
  },
  "240045": {
    "GoodsID": 240045,
    "ItemID": 70034,
    "ShopGoodsIconPath": "",
    "ItemCount": 1,
    "Level": 0,
    "Rank": 0,
    "CurrencyList": [
      501
    ],
    "CurrencyCostList": [
      360
    ],
    "GoodsSortID": 9,
    "LimitType1": "Null",
    "LimitValue1List": [],
    "LimitType2": "Null",
    "LimitValue2List": [],
    "OnShelfType1": "WorldLevel",
    "OnShelfValue1List": [
      5
    ],
    "LimitTimes": 10,
    "CanBeRefresh": true,
    "RefreshType": 4,
    "ShopID": 504,
    "ScheduleDataID": 10240045
  },
  "240046": {
    "GoodsID": 240046,
    "ItemID": 1206,
    "ShopGoodsIconPath": "SpriteOutput/AvatarShopIcon/1206.png",
    "ItemCount": 1,
    "Level": 1,
    "Rank": 0,
    "CurrencyList": [
      501
    ],
    "CurrencyCostList": [
      2500
    ],
    "GoodsSortID": 1,
    "LimitType1": "Null",
    "LimitValue1List": [],
    "LimitType2": "Null",
    "LimitValue2List": [],
    "OnShelfType1": "WorldLevel",
    "OnShelfValue1List": [
      0
    ],
    "LimitTimes": 1,
    "CanBeRefresh": true,
    "RefreshType": 4,
    "ShopID": 504,
    "ScheduleDataID": 10240046
  },
  "240047": {
    "GoodsID": 240047,
    "ItemID": 1008,
    "ShopGoodsIconPath": "SpriteOutput/AvatarShopIcon/1008.png",
    "ItemCount": 1,
    "Level": 1,
    "Rank": 0,
    "CurrencyList": [
      501
    ],
    "CurrencyCostList": [
      2500
    ],
    "GoodsSortID": 1,
    "LimitType1": "Null",
    "LimitValue1List": [],
    "LimitType2": "Null",
    "LimitValue2List": [],
    "OnShelfType1": "WorldLevel",
    "OnShelfValue1List": [
      0
    ],
    "LimitTimes": 1,
    "CanBeRefresh": true,
    "RefreshType": 4,
    "ShopID": 504,
    "ScheduleDataID": 10240047
  }
}