{
  "STAT_DOT_Burn": {
    "Type": "STAT_DOT_Burn",
    "Icon": "SpriteOutput/UI/Avatar/Icon/IconImmuneBurn.png"
  },
  "STAT_Confine": {
    "Type": "STAT_Confine",
    "Icon": "SpriteOutput/UI/Avatar/Icon/IconImmuneCage.png"
  },
  "STAT_CTRL": {
    "Type": "STAT_CTRL",
    "Icon": "SpriteOutput/UI/Avatar/Icon/IconImmuneControl.png"
  },
  "STAT_DefenceDown": {
    "Type": "STAT_DefenceDown",
    "Icon": "SpriteOutput/UI/Avatar/Icon/IconImmuneDefenceDown.png"
  },
  "STAT_DOT_Electric": {
    "Type": "STAT_DOT_Electric",
    "Icon": "SpriteOutput/UI/Avatar/Icon/IconImmuneElectric.png"
  },
  "STAT_CTRL_Frozen": {
    "Type": "STAT_CTRL_Frozen",
    "Icon": "SpriteOutput/UI/Avatar/Icon/IconImmuneFrozen.png"
  },
  "STAT_DOT_Bleed": {
    "Type": "STAT_DOT_Bleed",
    "Icon": "SpriteOutput/UI/Avatar/Icon/IconImmuneLaceration.png"
  },
  "STAT_SpeedDown": {
    "Type": "STAT_SpeedDown",
    "Icon": "SpriteOutput/UI/Avatar/Icon/IconImmuneSlowDown.png"
  },
  "STAT_Fatigue": {
    "Type": "STAT_Fatigue",
    "Icon": "SpriteOutput/UI/Avatar/Icon/IconImmuneWeakness.png"
  },
  "STAT_DOT_Poison": {
    "Type": "STAT_DOT_Poison",
    "Icon": "SpriteOutput/UI/Avatar/Icon/IconImmuneWind.png"
  }
}