{
  "1001101": {
    "TrialPlayerID": 1001101,
    "PlayerID": 1101,
    "Type": "TYPE_TRIAL",
    "Level": 5,
    "Promotion": 0,
    "Rank": 0,
    "SkillTreeTemplate": "TYPE_MAX",
    "EquipmentID": 20005,
    "EquipmentLevel": 5,
    "EquipmentPromotion": 0,
    "EquipmentRank": 1,
    "IsAutoBattle": false,
    "DisableSwitch": false,
    "MainMissionID": 0,
    "PlaneID": 0,
    "IsProtected": false,
    "AbilityNameList": []
  },
  "1001102": {
    "TrialPlayerID": 1001102,
    "PlayerID": 1102,
    "Type": "TYPE_TRIAL",
    "Level": 5,
    "Promotion": 0,
    "Rank": 0,
    "SkillTreeTemplate": "TYPE_INIT",
    "EquipmentID": 20000,
    "EquipmentLevel": 5,
    "EquipmentPromotion": 0,
    "EquipmentRank": 1,
    "IsAutoBattle": true,
    "DisableSwitch": true,
    "MainMissionID": 0,
    "PlaneID": 0,
    "IsProtected": true,
    "AbilityNameList": []
  },
  "1001104": {
    "TrialPlayerID": 1001104,
    "PlayerID": 1104,
    "Type": "TYPE_TRIAL",
    "Level": 5,
    "Promotion": 0,
    "Rank": 0,
    "SkillTreeTemplate": "TYPE_INIT",
    "EquipmentID": 20003,
    "EquipmentLevel": 5,
    "EquipmentPromotion": 0,
    "EquipmentRank": 1,
    "IsAutoBattle": true,
    "DisableSwitch": true,
    "MainMissionID": 0,
    "PlaneID": 0,
    "IsProtected": true,
    "AbilityNameList": []
  },
  "1001105": {
    "TrialPlayerID": 1001105,
    "PlayerID": 1105,
    "Type": "TYPE_TRIAL",
    "Level": 5,
    "Promotion": 0,
    "Rank": 0,
    "SkillTreeTemplate": "TYPE_INIT",
    "EquipmentID": 20001,
    "EquipmentLevel": 5,
    "EquipmentPromotion": 0,
    "EquipmentRank": 1,
    "IsAutoBattle": true,
    "DisableSwitch": true,
    "MainMissionID": 0,
    "PlaneID": 0,
    "IsProtected": true,
    "AbilityNameList": []
  },
  "1001003": {
    "TrialPlayerID": 1001003,
    "PlayerID": 1003,
    "Type": "TYPE_TRIAL",
    "Level": 5,
    "Promotion": 0,
    "Rank": 0,
    "SkillTreeTemplate": "TYPE_INIT",
    "EquipmentID": 20006,
    "EquipmentLevel": 5,
    "EquipmentPromotion": 0,
    "EquipmentRank": 1,
    "IsAutoBattle": true,
    "DisableSwitch": true,
    "MainMissionID": 0,
    "PlaneID": 0,
    "IsProtected": true,
    "AbilityNameList": []
  },
  "1001002": {
    "TrialPlayerID": 1001002,
    "PlayerID": 1002,
    "Type": "TYPE_TRIAL",
    "Level": 5,
    "Promotion": 0,
    "Rank": 0,
    "SkillTreeTemplate": "TYPE_INIT",
    "EquipmentID": 20000,
    "EquipmentLevel": 5,
    "EquipmentPromotion": 0,
    "EquipmentRank": 1,
    "IsAutoBattle": true,
    "DisableSwitch": true,
    "MainMissionID": 0,
    "PlaneID": 0,
    "IsProtected": true,
    "AbilityNameList": []
  },
  "1001004": {
    "TrialPlayerID": 1001004,
    "PlayerID": 1004,
    "Type": "TYPE_TRIAL",
    "Level": 5,
    "Promotion": 0,
    "Rank": 0,
    "SkillTreeTemplate": "TYPE_INIT",
    "EquipmentID": 0,
    "EquipmentLevel": 5,
    "EquipmentPromotion": 0,
    "EquipmentRank": 1,
    "IsAutoBattle": true,
    "DisableSwitch": true,
    "MainMissionID": 0,
    "PlaneID": 0,
    "IsProtected": true,
    "AbilityNameList": []
  },
  "1001007": {
    "TrialPlayerID": 1001007,
    "PlayerID": 8001,
    "Type": "TYPE_TRIAL",
    "Level": 5,
    "Promotion": 0,
    "Rank": 0,
    "SkillTreeTemplate": "TYPE_MAX",
    "EquipmentID": 0,
    "EquipmentLevel": 5,
    "EquipmentPromotion": 0,
    "EquipmentRank": 1,
    "IsAutoBattle": false,
    "DisableSwitch": false,
    "MainMissionID": 0,
    "PlaneID": 0,
    "IsProtected": false,
    "AbilityNameList": []
  },
  "1001013": {
    "TrialPlayerID": 1001013,
    "PlayerID": 1013,
    "Type": "TYPE_TRIAL",
    "Level": 5,
    "Promotion": 0,
    "Rank": 0,
    "SkillTreeTemplate": "TYPE_MAX",
    "EquipmentID": 0,
    "EquipmentLevel": 5,
    "EquipmentPromotion": 0,
    "EquipmentRank": 1,
    "IsAutoBattle": false,
    "DisableSwitch": false,
    "MainMissionID": 0,
    "PlaneID": 0,
    "IsProtected": false,
    "AbilityNameList": []
  },
  "1001106": {
    "TrialPlayerID": 1001106,
    "PlayerID": 1106,
    "Type": "TYPE_TRIAL",
    "Level": 5,
    "Promotion": 0,
    "Rank": 0,
    "SkillTreeTemplate": "TYPE_MAX",
    "EquipmentID": 0,
    "EquipmentLevel": 5,
    "EquipmentPromotion": 0,
    "EquipmentRank": 0,
    "IsAutoBattle": false,
    "DisableSwitch": false,
    "MainMissionID": 0,
    "PlaneID": 0,
    "IsProtected": false,
    "AbilityNameList": []
  },
  "1001108": {
    "TrialPlayerID": 1001108,
    "PlayerID": 1108,
    "Type": "TYPE_TRIAL",
    "Level": 5,
    "Promotion": 0,
    "Rank": 0,
    "SkillTreeTemplate": "TYPE_MAX",
    "EquipmentID": 0,
    "EquipmentLevel": 5,
    "EquipmentPromotion": 0,
    "EquipmentRank": 1,
    "IsAutoBattle": false,
    "DisableSwitch": false,
    "MainMissionID": 0,
    "PlaneID": 0,
    "IsProtected": false,
    "AbilityNameList": []
  },
  "1001109": {
    "TrialPlayerID": 1001109,
    "PlayerID": 1109,
    "Type": "TYPE_MISSION",
    "Level": 6,
    "Promotion": 0,
    "Rank": 0,
    "SkillTreeTemplate": "TYPE_INIT",
    "EquipmentID": 20002,
    "EquipmentLevel": 5,
    "EquipmentPromotion": 0,
    "EquipmentRank": 1,
    "IsAutoBattle": true,
    "DisableSwitch": true,
    "MainMissionID": 0,
    "PlaneID": 0,
    "IsProtected": true,
    "AbilityNameList": [
      "TrialPlayer_AggroUP_Ability",
      "TrialPlayer_NoBP_Ability"
    ]
  },
  "1001001": {
    "TrialPlayerID": 1001001,
    "PlayerID": 1001,
    "Type": "TYPE_TRIAL",
    "Level": 5,
    "Promotion": 0,
    "Rank": 0,
    "SkillTreeTemplate": "TYPE_MAX",
    "EquipmentID": 0,
    "EquipmentLevel": 5,
    "EquipmentPromotion": 0,
    "EquipmentRank": 1,
    "IsAutoBattle": false,
    "DisableSwitch": false,
    "MainMissionID": 0,
    "PlaneID": 0,
    "IsProtected": false,
    "AbilityNameList": []
  },
  "1001009": {
    "TrialPlayerID": 1001009,
    "PlayerID": 1009,
    "Type": "TYPE_TRIAL",
    "Level": 5,
    "Promotion": 0,
    "Rank": 0,
    "SkillTreeTemplate": "TYPE_MAX",
    "EquipmentID": 0,
    "EquipmentLevel": 5,
    "EquipmentPromotion": 0,
    "EquipmentRank": 1,
    "IsAutoBattle": false,
    "DisableSwitch": false,
    "MainMissionID": 0,
    "PlaneID": 0,
    "IsProtected": false,
    "AbilityNameList": []
  },
  "1001103": {
    "TrialPlayerID": 1001103,
    "PlayerID": 1103,
    "Type": "TYPE_TRIAL",
    "Level": 28,
    "Promotion": 1,
    "Rank": 0,
    "SkillTreeTemplate": "TYPE_MAX",
    "EquipmentID": 23000,
    "EquipmentLevel": 28,
    "EquipmentPromotion": 1,
    "EquipmentRank": 1,
    "IsAutoBattle": false,
    "DisableSwitch": true,
    "MainMissionID": 0,
    "PlaneID": 0,
    "IsProtected": true,
    "AbilityNameList": []
  },
  "1001005": {
    "TrialPlayerID": 1001005,
    "PlayerID": 1005,
    "Type": "TYPE_TRIAL",
    "Level": 20,
    "Promotion": 0,
    "Rank": 0,
    "SkillTreeTemplate": "TYPE_INIT",
    "EquipmentID": 0,
    "EquipmentLevel": 0,
    "EquipmentPromotion": 0,
    "EquipmentRank": 1,
    "IsAutoBattle": false,
    "DisableSwitch": false,
    "MainMissionID": 0,
    "PlaneID": 0,
    "IsProtected": false,
    "AbilityNameList": []
  },
  "1001006": {
    "TrialPlayerID": 1001006,
    "PlayerID": 1006,
    "Type": "TYPE_TRIAL",
    "Level": 20,
    "Promotion": 0,
    "Rank": 0,
    "SkillTreeTemplate": "TYPE_INIT",
    "EquipmentID": 0,
    "EquipmentLevel": 0,
    "EquipmentPromotion": 0,
    "EquipmentRank": 1,
    "IsAutoBattle": false,
    "DisableSwitch": false,
    "MainMissionID": 0,
    "PlaneID": 0,
    "IsProtected": false,
    "AbilityNameList": []
  },
  "1011003": {
    "TrialPlayerID": 1011003,
    "PlayerID": 1003,
    "Type": "TYPE_TRIAL",
    "Level": 5,
    "Promotion": 0,
    "Rank": 0,
    "SkillTreeTemplate": "TYPE_INIT",
    "EquipmentID": 0,
    "EquipmentLevel": 0,
    "EquipmentPromotion": 0,
    "EquipmentRank": 1,
    "IsAutoBattle": true,
    "DisableSwitch": true,
    "MainMissionID": 0,
    "PlaneID": 0,
    "IsProtected": false,
    "AbilityNameList": []
  }
}