{
  "1101": {
    "GroupID": 1101,
    "TutorialGuideIDList": [
      110101
    ],
    "TutorialType": 1,
    "CanReview": true,
    "TutorialShowType": "Hide",
    "TriggerParams": [
      {
        "TriggerType": "EnterBattle",
        "TriggerParam": "20001003"
      }
    ],
    "MessageText": {
      "hash": -1104636718
    },
    "RewardID": 201
  },
  "1102": {
    "GroupID": 1102,
    "TutorialGuideIDList": [
      110102
    ],
    "TutorialType": 1,
    "CanReview": true,
    "TutorialShowType": "Hide",
    "TriggerParams": [
      {
        "TriggerType": "EnterBattle",
        "TriggerParam": "20001003"
      }
    ],
    "MessageText": {
      "hash": -1104636721
    },
    "RewardID": 201
  },
  "1104": {
    "GroupID": 1104,
    "TutorialGuideIDList": [
      110401
    ],
    "TutorialType": 1,
    "CanReview": true,
    "TutorialShowType": "Hide",
    "TriggerParams": [
      {
        "TriggerType": "EnterBattle",
        "TriggerParam": "20001003"
      }
    ],
    "MessageText": {
      "hash": -1104636723
    },
    "RewardID": 201
  },
  "1105": {
    "GroupID": 1105,
    "TutorialGuideIDList": [
      110501
    ],
    "TutorialType": 1,
    "CanReview": true,
    "TutorialShowType": "Hide",
    "TriggerParams": [
      {
        "TriggerType": "EnterBattle",
        "TriggerParam": "20001003"
      }
    ],
    "MessageText": {
      "hash": -1104636722
    },
    "RewardID": 201
  },
  "1116": {
    "GroupID": 1116,
    "TutorialGuideIDList": [
      100601
    ],
    "TutorialType": 2,
    "CanReview": true,
    "TutorialShowType": "Normal",
    "TriggerParams": [
      {
        "TriggerType": "DestructProp",
        "TriggerParam": "0"
      }
    ],
    "MessageText": {
      "hash": -1104636628
    },
    "RewardID": 201
  },
  "1117": {
    "GroupID": 1117,
    "TutorialGuideIDList": [
      110701
    ],
    "TutorialType": 3,
    "CanReview": true,
    "TutorialShowType": "Hide",
    "TriggerParams": [
      {
        "TriggerType": "GetAvatar",
        "TriggerParam": "1002"
      }
    ],
    "MessageText": {
      "hash": -1104636724
    },
    "RewardID": 201
  },
  "2006": {
    "GroupID": 2006,
    "TutorialGuideIDList": [
      200601
    ],
    "TutorialType": 2,
    "CanReview": true,
    "TutorialShowType": "Normal",
    "TriggerParams": [
      {
        "TriggerType": "OpenChest",
        "TriggerParam": "0"
      },
      {
        "TriggerType": "GameMode",
        "TriggerParam": "2"
      }
    ],
    "MessageText": {
      "hash": 1321718749
    },
    "RewardID": 201
  },
  "2007": {
    "GroupID": 2007,
    "TutorialGuideIDList": [
      200701
    ],
    "TutorialType": 2,
    "CanReview": true,
    "TutorialShowType": "Normal",
    "TriggerParams": [
      {
        "TriggerType": "TaskUnlock",
        "TriggerParam": "2007"
      }
    ],
    "MessageText": {
      "hash": 1321718748
    },
    "RewardID": 201
  },
  "2101": {
    "GroupID": 2101,
    "TutorialGuideIDList": [
      210101,
      220101,
      220201,
      220301,
      220401,
      220501,
      220601,
      220701
    ],
    "TutorialType": 1,
    "CanReview": true,
    "TutorialShowType": "Hide",
    "TriggerParams": [
      {
        "TriggerType": "EnterBattle",
        "TriggerParam": "20002001"
      }
    ],
    "MessageText": {
      "hash": 1321718659
    },
    "RewardID": 201
  },
  "2105": {
    "GroupID": 2105,
    "TutorialGuideIDList": [
      210501
    ],
    "TutorialType": 3,
    "CanReview": true,
    "TutorialShowType": "Normal",
    "TriggerParams": [
      {
        "TriggerType": "GetItemType",
        "TriggerParam": "8"
      },
      {
        "TriggerType": "FinishMainMission",
        "TriggerParam": "1000101"
      }
    ],
    "MessageText": {
      "hash": 1321718655
    },
    "RewardID": 201
  },
  "2106": {
    "GroupID": 2106,
    "TutorialGuideIDList": [
      210601
    ],
    "TutorialType": 1,
    "CanReview": true,
    "TutorialShowType": "Normal",
    "TriggerParams": [
      {
        "TriggerType": "EnterBattle",
        "TriggerParam": "20002001"
      }
    ],
    "MessageText": {
      "hash": 1321718652
    },
    "RewardID": 201
  },
  "2107": {
    "GroupID": 2107,
    "TutorialGuideIDList": [
      500101,
      500102
    ],
    "TutorialType": 1,
    "CanReview": true,
    "TutorialShowType": "Hide",
    "TriggerParams": [
      {
        "TriggerType": "FinishMainMission",
        "TriggerParam": "1000204"
      }
    ],
    "MessageText": {
      "hash": -1669286627
    },
    "RewardID": 201
  },
  "3007": {
    "GroupID": 3007,
    "TutorialGuideIDList": [
      300701
    ],
    "TutorialType": 2,
    "CanReview": true,
    "TutorialShowType": "Normal",
    "TriggerParams": [
      {
        "TriggerType": "TaskUnlock",
        "TriggerParam": "3007"
      }
    ],
    "MessageText": {
      "hash": -1386961631
    },
    "RewardID": 201
  },
  "3105": {
    "GroupID": 3105,
    "TutorialGuideIDList": [
      310501
    ],
    "TutorialType": 3,
    "CanReview": true,
    "TutorialShowType": "Normal",
    "TriggerParams": [
      {
        "TriggerType": "TutorialFinish",
        "TriggerParam": "3001"
      }
    ],
    "MessageText": {
      "hash": -1386961724
    },
    "RewardID": 201
  },
  "3106": {
    "GroupID": 3106,
    "TutorialGuideIDList": [
      310502
    ],
    "TutorialType": 3,
    "CanReview": true,
    "TutorialShowType": "Normal",
    "TriggerParams": [
      {
        "TriggerType": "GetItem",
        "TriggerParam": "221"
      }
    ],
    "MessageText": {
      "hash": -1386961727
    },
    "RewardID": 201
  },
  "4001": {
    "GroupID": 4001,
    "TutorialGuideIDList": [
      400101,
      400102
    ],
    "TutorialType": 3,
    "CanReview": true,
    "TutorialShowType": "Normal",
    "TriggerParams": [
      {
        "TriggerType": "TakeSubMission",
        "TriggerParam": "101010107"
      }
    ],
    "MessageText": {
      "hash": 1039393752
    },
    "RewardID": 201
  },
  "4101": {
    "GroupID": 4101,
    "TutorialGuideIDList": [
      210401
    ],
    "TutorialType": 3,
    "CanReview": true,
    "TutorialShowType": "Normal",
    "TriggerParams": [
      {
        "TriggerType": "TakeSubMission",
        "TriggerParam": "100050108"
      }
    ],
    "MessageText": {
      "hash": 1321718654
    },
    "RewardID": 201
  },
  "4102": {
    "GroupID": 4102,
    "TutorialGuideIDList": [
      410201
    ],
    "TutorialType": 3,
    "CanReview": false,
    "TutorialShowType": "AutoShow",
    "TriggerParams": [
      {
        "TriggerType": "FinishMainMission",
        "TriggerParam": "1010403"
      }
    ],
    "MessageText": {
      "hash": 1039393654
    },
    "RewardID": 201
  },
  "4103": {
    "GroupID": 4103,
    "TutorialGuideIDList": [
      410301
    ],
    "TutorialType": 3,
    "CanReview": false,
    "TutorialShowType": "AutoShow",
    "TriggerParams": [
      {
        "TriggerType": "FinishMainMission",
        "TriggerParam": "1010902"
      }
    ],
    "MessageText": {
      "hash": 1039393655
    },
    "RewardID": 201
  },
  "4104": {
    "GroupID": 4104,
    "TutorialGuideIDList": [
      410401
    ],
    "TutorialType": 3,
    "CanReview": false,
    "TutorialShowType": "AutoShow",
    "TriggerParams": [
      {
        "TriggerType": "FinishMainMission",
        "TriggerParam": "1011403"
      }
    ],
    "MessageText": {
      "hash": 1039393652
    },
    "RewardID": 201
  },
  "4105": {
    "GroupID": 4105,
    "TutorialGuideIDList": [
      410501,
      410502
    ],
    "TutorialType": 3,
    "CanReview": true,
    "TutorialShowType": "Normal",
    "TriggerParams": [
      {
        "TriggerType": "FinishMainMission",
        "TriggerParam": "1000400"
      }
    ],
    "MessageText": {
      "hash": 1039393653
    },
    "RewardID": 201
  },
  "4106": {
    "GroupID": 4106,
    "TutorialGuideIDList": [
      410601
    ],
    "TutorialType": 3,
    "CanReview": true,
    "TutorialShowType": "Normal",
    "TriggerParams": [
      {
        "TriggerType": "FinishMainMission",
        "TriggerParam": "4010114"
      }
    ],
    "MessageText": {
      "hash": 1039393650
    },
    "RewardID": 201
  },
  "4107": {
    "GroupID": 4107,
    "TutorialGuideIDList": [
      410701
    ],
    "TutorialType": 3,
    "CanReview": true,
    "TutorialShowType": "Normal",
    "TriggerParams": [
      {
        "TriggerType": "TakeSubMission",
        "TriggerParam": "401010101"
      }
    ],
    "MessageText": {
      "hash": 1039393651
    },
    "RewardID": 201
  },
  "4108": {
    "GroupID": 4108,
    "TutorialGuideIDList": [
      410801
    ],
    "TutorialType": 1,
    "CanReview": true,
    "TutorialShowType": "Normal",
    "TriggerParams": [
      {
        "TriggerType": "EnterBattle",
        "TriggerParam": "20133003"
      }
    ],
    "MessageText": {
      "hash": 1039393664
    },
    "RewardID": 201
  },
  "4109": {
    "GroupID": 4109,
    "TutorialGuideIDList": [
      410901
    ],
    "TutorialType": 3,
    "CanReview": true,
    "TutorialShowType": "Normal",
    "TriggerParams": [
      {
        "TriggerType": "FinishMainMission",
        "TriggerParam": "4010102"
      }
    ],
    "MessageText": {
      "hash": 1039393665
    },
    "RewardID": 201
  },
  "5101": {
    "GroupID": 5101,
    "TutorialGuideIDList": [
      510101
    ],
    "TutorialType": 2,
    "CanReview": true,
    "TutorialShowType": "Normal",
    "TriggerParams": [
      {
        "TriggerType": "TaskUnlock",
        "TriggerParam": "5101"
      }
    ],
    "MessageText": {
      "hash": -1669286722
    },
    "RewardID": 201
  },
  "5102": {
    "GroupID": 5102,
    "TutorialGuideIDList": [
      510201
    ],
    "TutorialType": 2,
    "CanReview": true,
    "TutorialShowType": "Normal",
    "TriggerParams": [
      {
        "TriggerType": "TaskUnlock",
        "TriggerParam": "5102"
      }
    ],
    "MessageText": {
      "hash": -1669286725
    },
    "RewardID": 201
  },
  "5103": {
    "GroupID": 5103,
    "TutorialGuideIDList": [
      510301
    ],
    "TutorialType": 2,
    "CanReview": true,
    "TutorialShowType": "Normal",
    "TriggerParams": [
      {
        "TriggerType": "TaskUnlock",
        "TriggerParam": "5103"
      }
    ],
    "MessageText": {
      "hash": -1669286724
    },
    "RewardID": 201
  },
  "5104": {
    "GroupID": 5104,
    "TutorialGuideIDList": [
      510401
    ],
    "TutorialType": 2,
    "CanReview": true,
    "TutorialShowType": "Normal",
    "TriggerParams": [
      {
        "TriggerType": "TaskUnlock",
        "TriggerParam": "5104"
      }
    ],
    "MessageText": {
      "hash": -1669286727
    },
    "RewardID": 201
  },
  "5105": {
    "GroupID": 5105,
    "TutorialGuideIDList": [
      510501
    ],
    "TutorialType": 2,
    "CanReview": true,
    "TutorialShowType": "Normal",
    "TriggerParams": [
      {
        "TriggerType": "TaskUnlock",
        "TriggerParam": "5105"
      }
    ],
    "MessageText": {
      "hash": -1669286726
    },
    "RewardID": 201
  },
  "6001": {
    "GroupID": 6001,
    "TutorialGuideIDList": [
      600101,
      600102
    ],
    "TutorialType": 2,
    "CanReview": true,
    "TutorialShowType": "AutoShow",
    "TriggerParams": [
      {
        "TriggerType": "TriggerPuzzle",
        "TriggerParam": "1"
      }
    ],
    "MessageText": {
      "hash": 757068750
    },
    "RewardID": 201
  },
  "6002": {
    "GroupID": 6002,
    "TutorialGuideIDList": [
      600201
    ],
    "TutorialType": 2,
    "CanReview": true,
    "TutorialShowType": "Normal",
    "TriggerParams": [
      {
        "TriggerType": "TakeSubMission",
        "TriggerParam": "101050125"
      },
      {
        "TriggerType": "TutorialFinish",
        "TriggerParam": "5007"
      }
    ],
    "MessageText": {
      "hash": 757068749
    },
    "RewardID": 201
  },
  "6003": {
    "GroupID": 6003,
    "TutorialGuideIDList": [
      600301,
      600302,
      600303
    ],
    "TutorialType": 2,
    "CanReview": true,
    "TutorialShowType": "AutoShow",
    "TriggerParams": [
      {
        "TriggerType": "TakeSubMission",
        "TriggerParam": "701060108"
      }
    ],
    "MessageText": {
      "hash": 757068748
    },
    "RewardID": 201
  },
  "6004": {
    "GroupID": 6004,
    "TutorialGuideIDList": [
      600401,
      600402
    ],
    "TutorialType": 2,
    "CanReview": true,
    "TutorialShowType": "Normal",
    "TriggerParams": [
      {
        "TriggerType": "TaskUnlock",
        "TriggerParam": "6004"
      }
    ],
    "MessageText": {
      "hash": 757068747
    },
    "RewardID": 201
  },
  "6005": {
    "GroupID": 6005,
    "TutorialGuideIDList": [
      600501,
      600502
    ],
    "TutorialType": 2,
    "CanReview": true,
    "TutorialShowType": "Normal",
    "TriggerParams": [
      {
        "TriggerType": "TaskUnlock",
        "TriggerParam": "6005"
      }
    ],
    "MessageText": {
      "hash": 757068746
    },
    "RewardID": 201
  },
  "6006": {
    "GroupID": 6006,
    "TutorialGuideIDList": [
      600503
    ],
    "TutorialType": 2,
    "CanReview": true,
    "TutorialShowType": "Normal",
    "TriggerParams": [
      {
        "TriggerType": "TriggerPuzzle",
        "TriggerParam": "3"
      }
    ],
    "MessageText": {
      "hash": 757068745
    },
    "RewardID": 201
  },
  "6007": {
    "GroupID": 6007,
    "TutorialGuideIDList": [
      600504
    ],
    "TutorialType": 2,
    "CanReview": true,
    "TutorialShowType": "Normal",
    "TriggerParams": [
      {
        "TriggerType": "TriggerPuzzle",
        "TriggerParam": "4"
      }
    ],
    "MessageText": {
      "hash": 757068744
    },
    "RewardID": 201
  },
  "9101": {
    "GroupID": 9101,
    "TutorialGuideIDList": [
      910101,
      910102,
      910103
    ],
    "TutorialType": 4,
    "CanReview": true,
    "TutorialShowType": "Normal",
    "TriggerParams": [
      {
        "TriggerType": "FinishMainMission",
        "TriggerParam": "1000601"
      }
    ],
    "MessageText": {
      "hash": 2061030570
    },
    "RewardID": 201
  },
  "9102": {
    "GroupID": 9102,
    "TutorialGuideIDList": [
      910104
    ],
    "TutorialType": 4,
    "CanReview": true,
    "TutorialShowType": "Normal",
    "TriggerParams": [
      {
        "TriggerType": "TaskUnlock",
        "TriggerParam": "9102"
      }
    ],
    "MessageText": {
      "hash": 2061030567
    },
    "RewardID": 201
  },
  "9103": {
    "GroupID": 9103,
    "TutorialGuideIDList": [
      910106
    ],
    "TutorialType": 4,
    "CanReview": true,
    "TutorialShowType": "Normal",
    "TriggerParams": [
      {
        "TriggerType": "TaskUnlock",
        "TriggerParam": "9103"
      }
    ],
    "MessageText": {
      "hash": 2061030568
    },
    "RewardID": 201
  },
  "9104": {
    "GroupID": 9104,
    "TutorialGuideIDList": [
      910107,
      910108
    ],
    "TutorialType": 4,
    "CanReview": true,
    "TutorialShowType": "Normal",
    "TriggerParams": [
      {
        "TriggerType": "OpenChest",
        "TriggerParam": "0"
      },
      {
        "TriggerType": "GameMode",
        "TriggerParam": "5"
      }
    ],
    "MessageText": {
      "hash": 2061030565
    },
    "RewardID": 201
  },
  "9105": {
    "GroupID": 9105,
    "TutorialGuideIDList": [
      910109
    ],
    "TutorialType": 4,
    "CanReview": true,
    "TutorialShowType": "Normal",
    "TriggerParams": [
      {
        "TriggerType": "TaskUnlock",
        "TriggerParam": "9105"
      }
    ],
    "MessageText": {
      "hash": 2061030566
    },
    "RewardID": 201
  },
  "9106": {
    "GroupID": 9106,
    "TutorialGuideIDList": [
      910110
    ],
    "TutorialType": 4,
    "CanReview": true,
    "TutorialShowType": "Normal",
    "TriggerParams": [
      {
        "TriggerType": "TaskUnlock",
        "TriggerParam": "9106"
      }
    ],
    "MessageText": {
      "hash": 2061030563
    },
    "RewardID": 201
  },
  "9107": {
    "GroupID": 9107,
    "TutorialGuideIDList": [
      910111,
      910112,
      910113
    ],
    "TutorialType": 4,
    "CanReview": true,
    "TutorialShowType": "Normal",
    "TriggerParams": [
      {
        "TriggerType": "TaskUnlock",
        "TriggerParam": "9102"
      },
      {
        "TriggerType": "GameMode",
        "TriggerParam": "5"
      },
      {
        "TriggerType": "FinishMainMission",
        "TriggerParam": "1000601"
      }
    ],
    "MessageText": {
      "hash": 2061030564
    },
    "RewardID": 201
  },
  "9108": {
    "GroupID": 9108,
    "TutorialGuideIDList": [
      910114
    ],
    "TutorialType": 4,
    "CanReview": true,
    "TutorialShowType": "Normal",
    "TriggerParams": [
      {
        "TriggerType": "TaskUnlock",
        "TriggerParam": "9108"
      }
    ],
    "MessageText": {
      "hash": 2061030577
    },
    "RewardID": 201
  }
}