{
  "1001": {
    "TutorialID": 1001,
    "Priority": 10,
    "RestoreType": "Normal",
    "TutorialJsonPath": "Config/Level/Tutorial/Tutorial_1001.json",
    "TriggerParams": [
      {
        "TriggerType": "EnterBattle",
        "TriggerParam": "20001001"
      }
    ],
    "FinishTriggerParams": [
      {
        "TriggerType": "FinishMainMission",
        "TriggerParam": "1000101"
      }
    ]
  },
  "1002": {
    "TutorialID": 1002,
    "Priority": 10,
    "RestoreType": "AutoFinish",
    "TutorialJsonPath": "Config/Level/Tutorial/Tutorial_1002.json",
    "TriggerParams": [
      {
        "TriggerType": "TakeSubMission",
        "TriggerParam": "100010105"
      }
    ],
    "FinishTriggerParams": [
      {
        "TriggerType": "FinishMainMission",
        "TriggerParam": "1000101"
      }
    ]
  },
  "1003": {
    "TutorialID": 1003,
    "Priority": 10,
    "RestoreType": "AutoFinish",
    "TutorialJsonPath": "Config/Level/Tutorial/Tutorial_1003.json",
    "TriggerParams": [
      {
        "TriggerType": "TakeSubMission",
        "TriggerParam": "100010122"
      }
    ],
    "FinishTriggerParams": [
      {
        "TriggerType": "EnterBattle",
        "TriggerParam": "20001002"
      }
    ]
  },
  "1004": {
    "TutorialID": 1004,
    "Priority": 10,
    "RestoreType": "Normal",
    "TutorialJsonPath": "Config/Level/Tutorial/Tutorial_1004.json",
    "TriggerParams": [
      {
        "TriggerType": "EnterBattle",
        "TriggerParam": "20001002"
      }
    ],
    "FinishTriggerParams": [
      {
        "TriggerType": "FinishMainMission",
        "TriggerParam": "1000101"
      }
    ]
  },
  "1005": {
    "TutorialID": 1005,
    "Priority": 10,
    "RestoreType": "Normal",
    "TutorialJsonPath": "Config/Level/Tutorial/Tutorial_1005_test01.json",
    "TriggerParams": [
      {
        "TriggerType": "EnterBattle",
        "TriggerParam": "20001003"
      }
    ],
    "FinishTriggerParams": [
      {
        "TriggerType": "FinishMainMission",
        "TriggerParam": "1000101"
      }
    ]
  },
  "1007": {
    "TutorialID": 1007,
    "Priority": 10,
    "RestoreType": "Normal",
    "TutorialJsonPath": "Config/Level/Tutorial/Tutorial_1007_test01.json",
    "TriggerParams": [],
    "FinishTriggerParams": [
      {
        "TriggerType": "FinishMainMission",
        "TriggerParam": "1000101"
      }
    ]
  },
  "1008": {
    "TutorialID": 1008,
    "Priority": 10,
    "RestoreType": "AutoFinish",
    "TutorialJsonPath": "Config/Level/Tutorial/Tutorial_1008.json",
    "TriggerParams": [
      {
        "TriggerType": "FinishMainMission",
        "TriggerParam": "1000112"
      }
    ],
    "FinishTriggerParams": [
      {
        "TriggerType": "FinishMainMission",
        "TriggerParam": "1000101"
      }
    ]
  },
  "1010": {
    "TutorialID": 1010,
    "Priority": 10,
    "RestoreType": "AutoFinish",
    "TutorialJsonPath": "Config/Level/Tutorial/Tutorial_1010.json",
    "TriggerParams": [
      {
        "TriggerType": "TakeSubMission",
        "TriggerParam": "100010111"
      }
    ],
    "FinishTriggerParams": [
      {
        "TriggerType": "FinishMainMission",
        "TriggerParam": "1000101"
      }
    ]
  },
  "1011": {
    "TutorialID": 1011,
    "Priority": 10,
    "RestoreType": "Normal",
    "TutorialJsonPath": "Config/Level/Tutorial/Tutorial_1007.json",
    "TriggerParams": [],
    "FinishTriggerParams": [
      {
        "TriggerType": "FinishMainMission",
        "TriggerParam": "1000101"
      }
    ]
  },
  "2001": {
    "TutorialID": 2001,
    "Priority": 10,
    "RestoreType": "Normal",
    "TutorialJsonPath": "Config/Level/Tutorial/Tutorial_2001.json",
    "TriggerParams": [
      {
        "TriggerType": "EnterBattle",
        "TriggerParam": "20002001"
      }
    ],
    "FinishTriggerParams": [
      {
        "TriggerType": "FinishMainMission",
        "TriggerParam": "1000201"
      }
    ]
  },
  "2002": {
    "TutorialID": 2002,
    "Priority": 10,
    "RestoreType": "Normal",
    "TutorialJsonPath": "Config/Level/Tutorial/Tutorial_2002.json",
    "TriggerParams": [],
    "FinishTriggerParams": [
      {
        "TriggerType": "FinishMainMission",
        "TriggerParam": "1000201"
      }
    ]
  },
  "2003": {
    "TutorialID": 2003,
    "Priority": 10,
    "RestoreType": "Normal",
    "TutorialJsonPath": "Config/Level/Tutorial/Tutorial_2003.json",
    "TriggerParams": [
      {
        "TriggerType": "EnterBattle",
        "TriggerParam": "20002002"
      }
    ],
    "FinishTriggerParams": [
      {
        "TriggerType": "FinishMainMission",
        "TriggerParam": "1000201"
      }
    ]
  },
  "2004": {
    "TutorialID": 2004,
    "Priority": 0,
    "RestoreType": "Normal",
    "TutorialJsonPath": "Config/Level/Tutorial/Tutorial_2004.json",
    "TriggerParams": [
      {
        "TriggerType": "EnterBattle",
        "TriggerParam": "0"
      },
      {
        "TriggerType": "FinishMainMission",
        "TriggerParam": "1000101"
      }
    ],
    "FinishTriggerParams": [
      {
        "TriggerType": "FinishMainMission",
        "TriggerParam": "1000401"
      }
    ]
  },
  "2005": {
    "TutorialID": 2005,
    "Priority": 10,
    "RestoreType": "Normal",
    "TutorialJsonPath": "Config/Level/Tutorial/Tutorial_2005.json",
    "TriggerParams": [
      {
        "TriggerType": "EnterBattle",
        "TriggerParam": "20002004"
      }
    ],
    "FinishTriggerParams": [
      {
        "TriggerType": "FinishMainMission",
        "TriggerParam": "1000301"
      }
    ]
  },
  "2008": {
    "TutorialID": 2008,
    "Priority": 10,
    "RestoreType": "Normal",
    "TutorialJsonPath": "Config/Level/Tutorial/Tutorial_2008.json",
    "TriggerParams": [
      {
        "TriggerType": "EnterBattle",
        "TriggerParam": "20002009"
      }
    ],
    "FinishTriggerParams": [
      {
        "TriggerType": "FinishMainMission",
        "TriggerParam": "1000301"
      }
    ]
  },
  "2009": {
    "TutorialID": 2009,
    "Priority": 10,
    "RestoreType": "Normal",
    "TutorialJsonPath": "Config/Level/Tutorial/Tutorial_2009.json",
    "TriggerParams": [],
    "FinishTriggerParams": [
      {
        "TriggerType": "FinishMainMission",
        "TriggerParam": "1000301"
      }
    ]
  },
  "2010": {
    "TutorialID": 2010,
    "Priority": 10,
    "RestoreType": "Normal",
    "TutorialJsonPath": "Config/Level/Tutorial/Tutorial_2010.json",
    "TriggerParams": [],
    "FinishTriggerParams": [
      {
        "TriggerType": "FinishMainMission",
        "TriggerParam": "1000301"
      }
    ]
  },
  "2011": {
    "TutorialID": 2011,
    "Priority": 10,
    "RestoreType": "Normal",
    "TutorialJsonPath": "Config/Level/Tutorial/Tutorial_2011.json",
    "TriggerParams": [
      {
        "TriggerType": "EnterBattle",
        "TriggerParam": "20002007"
      }
    ],
    "FinishTriggerParams": [
      {
        "TriggerType": "FinishMainMission",
        "TriggerParam": "1000301"
      }
    ]
  },
  "2012": {
    "TutorialID": 2012,
    "Priority": 10,
    "RestoreType": "AutoFinish",
    "TutorialJsonPath": "Config/Level/Tutorial/Tutorial_2012.json",
    "TriggerParams": [
      {
        "TriggerType": "FinishMainMission",
        "TriggerParam": "1000204"
      }
    ],
    "FinishTriggerParams": [
      {
        "TriggerType": "EnterBattle",
        "TriggerParam": "20002007"
      }
    ]
  },
  "2013": {
    "TutorialID": 2013,
    "Priority": 10,
    "RestoreType": "Normal",
    "TutorialJsonPath": "Config/Level/Tutorial/Tutorial_2011.json",
    "TriggerParams": [],
    "FinishTriggerParams": [
      {
        "TriggerType": "FinishMainMission",
        "TriggerParam": "1000301"
      }
    ]
  },
  "2014": {
    "TutorialID": 2014,
    "Priority": 10,
    "RestoreType": "Normal",
    "TutorialJsonPath": "Config/Level/Tutorial/Tutorial_2011.json",
    "TriggerParams": [],
    "FinishTriggerParams": [
      {
        "TriggerType": "FinishMainMission",
        "TriggerParam": "1000301"
      }
    ]
  },
  "2015": {
    "TutorialID": 2015,
    "Priority": 10,
    "RestoreType": "AutoFinish",
    "TutorialJsonPath": "Config/Level/Tutorial/Tutorial_2015.json",
    "TriggerParams": [
      {
        "TriggerType": "FinishMainMission",
        "TriggerParam": "1000201"
      },
      {
        "TriggerType": "TutorialFinish",
        "TriggerParam": "4002"
      }
    ],
    "FinishTriggerParams": [
      {
        "TriggerType": "FinishMainMission",
        "TriggerParam": "1000301"
      }
    ]
  },
  "3001": {
    "TutorialID": 3001,
    "Priority": 10,
    "RestoreType": "Normal",
    "TutorialJsonPath": "Config/Level/Tutorial/Tutorial_3001.json",
    "TriggerParams": [
      {
        "TriggerType": "GetItem",
        "TriggerParam": "20002"
      },
      {
        "TriggerType": "FinishMainMission",
        "TriggerParam": "1000202"
      }
    ],
    "FinishTriggerParams": [
      {
        "TriggerType": "FinishMainMission",
        "TriggerParam": "1000301"
      }
    ]
  },
  "3002": {
    "TutorialID": 3002,
    "Priority": 10,
    "RestoreType": "Normal",
    "TutorialJsonPath": "Config/Level/Tutorial/Tutorial_3002.json",
    "TriggerParams": [
      {
        "TriggerType": "FinishMainMission",
        "TriggerParam": "1000301"
      }
    ],
    "FinishTriggerParams": [
      {
        "TriggerType": "FinishMainMission",
        "TriggerParam": "1000401"
      }
    ]
  },
  "3003": {
    "TutorialID": 3003,
    "Priority": 10,
    "RestoreType": "Normal",
    "TutorialJsonPath": "Config/Level/Tutorial/Tutorial_3003.json",
    "TriggerParams": [
      {
        "TriggerType": "GetAvatar",
        "TriggerParam": "1002"
      }
    ],
    "FinishTriggerParams": [
      {
        "TriggerType": "FinishMainMission",
        "TriggerParam": "1000301"
      }
    ]
  },
  "3004": {
    "TutorialID": 3004,
    "Priority": 10,
    "RestoreType": "Normal",
    "TutorialJsonPath": "Config/Level/Tutorial/Tutorial_3004.json",
    "TriggerParams": [
      {
        "TriggerType": "EnterBattle",
        "TriggerParam": "20003001"
      }
    ],
    "FinishTriggerParams": [
      {
        "TriggerType": "FinishMainMission",
        "TriggerParam": "1000401"
      }
    ]
  },
  "3005": {
    "TutorialID": 3005,
    "Priority": 9,
    "RestoreType": "Normal",
    "TutorialJsonPath": "Config/Level/Tutorial/Tutorial_3005.json",
    "TriggerParams": [
      {
        "TriggerType": "EnterBattle",
        "TriggerParam": "0"
      },
      {
        "TriggerType": "FinishMainMission",
        "TriggerParam": "1000410"
      }
    ],
    "FinishTriggerParams": [
      {
        "TriggerType": "FinishMainMission",
        "TriggerParam": "1000401"
      }
    ]
  },
  "3006": {
    "TutorialID": 3006,
    "Priority": 10,
    "RestoreType": "Normal",
    "TutorialJsonPath": "Config/Level/Tutorial/Tutorial_3006.json",
    "TriggerParams": [],
    "FinishTriggerParams": [
      {
        "TriggerType": "FinishMainMission",
        "TriggerParam": "1000401"
      }
    ]
  },
  "4002": {
    "TutorialID": 4002,
    "Priority": 10,
    "RestoreType": "Normal",
    "TutorialJsonPath": "Config/Level/Tutorial/Tutorial_4002.json",
    "TriggerParams": [
      {
        "TriggerType": "GetItem",
        "TriggerParam": "211"
      },
      {
        "TriggerType": "TutorialFinish",
        "TriggerParam": "3003"
      }
    ],
    "FinishTriggerParams": [
      {
        "TriggerType": "AnyAvatarToLevel",
        "TriggerParam": "6"
      }
    ]
  },
  "4003": {
    "TutorialID": 4003,
    "Priority": 10,
    "RestoreType": "AutoFinish",
    "TutorialJsonPath": "Config/Level/Tutorial/Tutorial_4003.json",
    "TriggerParams": [],
    "FinishTriggerParams": []
  },
  "4004": {
    "TutorialID": 4004,
    "Priority": 10,
    "RestoreType": "AutoFinish",
    "TutorialJsonPath": "Config/Level/Tutorial/Tutorial_4004.json",
    "TriggerParams": [
      {
        "TriggerType": "FinishMainMission",
        "TriggerParam": "1000402"
      }
    ],
    "FinishTriggerParams": []
  },
  "4005": {
    "TutorialID": 4005,
    "Priority": 10,
    "RestoreType": "Normal",
    "TutorialJsonPath": "Config/Level/Tutorial/Tutorial_4005.json",
    "TriggerParams": [],
    "FinishTriggerParams": []
  },
  "4006": {
    "TutorialID": 4006,
    "Priority": 10,
    "RestoreType": "AutoFinish",
    "TutorialJsonPath": "Config/Level/Tutorial/Tutorial_4006.json",
    "TriggerParams": [
      {
        "TriggerType": "FinishMainMission",
        "TriggerParam": "1000510"
      }
    ],
    "FinishTriggerParams": []
  },
  "4007": {
    "TutorialID": 4007,
    "Priority": 10,
    "RestoreType": "AutoFinish",
    "TutorialJsonPath": "Config/Level/Tutorial/Tutorial_4007.json",
    "TriggerParams": [
      {
        "TriggerType": "FinishMainMission",
        "TriggerParam": "1000113"
      }
    ],
    "FinishTriggerParams": []
  },
  "4008": {
    "TutorialID": 4008,
    "Priority": 10,
    "RestoreType": "AutoFinish",
    "TutorialJsonPath": "Config/Level/Tutorial/Tutorial_4008.json",
    "TriggerParams": [
      {
        "TriggerType": "GetItem",
        "TriggerParam": "400004"
      },
      {
        "TriggerType": "FinishMainMission",
        "TriggerParam": "1010301"
      }
    ],
    "FinishTriggerParams": []
  },
  "4009": {
    "TutorialID": 4009,
    "Priority": 10,
    "RestoreType": "AutoFinish",
    "TutorialJsonPath": "Config/Level/Tutorial/Tutorial_4009.json",
    "TriggerParams": [
      {
        "TriggerType": "PlayerLevel",
        "TriggerParam": "12"
      },
      {
        "TriggerType": "FinishMainMission",
        "TriggerParam": "1010302"
      }
    ],
    "FinishTriggerParams": []
  },
  "5001": {
    "TutorialID": 5001,
    "Priority": 10,
    "RestoreType": "AutoFinish",
    "TutorialJsonPath": "Config/Level/Tutorial/Tutorial_5001.json",
    "TriggerParams": [
      {
        "TriggerType": "GetItem",
        "TriggerParam": "31041"
      },
      {
        "TriggerType": "FinishMainMission",
        "TriggerParam": "1010401"
      }
    ],
    "FinishTriggerParams": []
  },
  "5002": {
    "TutorialID": 5002,
    "Priority": 10,
    "RestoreType": "AutoFinish",
    "TutorialJsonPath": "Config/Level/Tutorial/Tutorial_5002.json",
    "TriggerParams": [
      {
        "TriggerType": "GetItem",
        "TriggerParam": "18001"
      },
      {
        "TriggerType": "FinishMainMission",
        "TriggerParam": "1010701"
      }
    ],
    "FinishTriggerParams": []
  },
  "5003": {
    "TutorialID": 5003,
    "Priority": 10,
    "RestoreType": "AutoFinish",
    "TutorialJsonPath": "Config/Level/Tutorial/Tutorial_5003.json",
    "TriggerParams": [
      {
        "TriggerType": "TutorialFinish",
        "TriggerParam": "5001"
      },
      {
        "TriggerType": "FinishMainMission",
        "TriggerParam": "1010403"
      }
    ],
    "FinishTriggerParams": []
  },
  "5004": {
    "TutorialID": 5004,
    "Priority": 10,
    "RestoreType": "Normal",
    "TutorialJsonPath": "Config/Level/Tutorial/Tutorial_5004.json",
    "TriggerParams": [
      {
        "TriggerType": "FinishMainMission",
        "TriggerParam": "1011403"
      }
    ],
    "FinishTriggerParams": []
  },
  "5005": {
    "TutorialID": 5005,
    "Priority": 10,
    "RestoreType": "Normal",
    "TutorialJsonPath": "Config/Level/Tutorial/Tutorial_5005.json",
    "TriggerParams": [
      {
        "TriggerType": "PlayerLevel",
        "TriggerParam": "22"
      }
    ],
    "FinishTriggerParams": []
  },
  "5006": {
    "TutorialID": 5006,
    "Priority": 10,
    "RestoreType": "AutoFinish",
    "TutorialJsonPath": "Config/Level/Tutorial/Tutorial_5006.json",
    "TriggerParams": [
      {
        "TriggerType": "PlayerLevel",
        "TriggerParam": "21"
      }
    ],
    "FinishTriggerParams": []
  },
  "5007": {
    "TutorialID": 5007,
    "Priority": 10,
    "RestoreType": "AutoFinish",
    "TutorialJsonPath": "Config/Level/Tutorial/Tutorial_5007.json",
    "TriggerParams": [
      {
        "TriggerType": "TakeSubMission",
        "TriggerParam": "101050125"
      }
    ],
    "FinishTriggerParams": []
  },
  "5008": {
    "TutorialID": 5008,
    "Priority": 10,
    "RestoreType": "AutoFinish",
    "TutorialJsonPath": "Config/Level/Tutorial/Tutorial_5008.json",
    "TriggerParams": [
      {
        "TriggerType": "FinishMainMission",
        "TriggerParam": "1010202"
      }
    ],
    "FinishTriggerParams": []
  },
  "5009": {
    "TutorialID": 5009,
    "Priority": 10,
    "RestoreType": "AutoFinish",
    "TutorialJsonPath": "Config/Level/Tutorial/Tutorial_5009.json",
    "TriggerParams": [
      {
        "TriggerType": "FinishMainMission",
        "TriggerParam": "1010902"
      }
    ],
    "FinishTriggerParams": []
  },
  "5010": {
    "TutorialID": 5010,
    "Priority": 10,
    "RestoreType": "AutoFinish",
    "TutorialJsonPath": "Config/Level/Tutorial/Tutorial_5010.json",
    "TriggerParams": [
      {
        "TriggerType": "FinishMainMission",
        "TriggerParam": "4010101"
      }
    ],
    "FinishTriggerParams": []
  },
  "5011": {
    "TutorialID": 5011,
    "Priority": 10,
    "RestoreType": "AutoFinish",
    "TutorialJsonPath": "Config/Level/Tutorial/Tutorial_5011.json",
    "TriggerParams": [
      {
        "TriggerType": "FinishMainMission",
        "TriggerParam": "1011102"
      }
    ],
    "FinishTriggerParams": []
  },
  "5012": {
    "TutorialID": 5012,
    "Priority": 10,
    "RestoreType": "AutoFinish",
    "TutorialJsonPath": "Config/Level/Tutorial/Tutorial_5012.json",
    "TriggerParams": [],
    "FinishTriggerParams": []
  },
  "7001": {
    "TutorialID": 7001,
    "Priority": 10,
    "RestoreType": "Normal",
    "TutorialJsonPath": "Config/Level/Tutorial/Tutorial_7001.json",
    "TriggerParams": [
      {
        "TriggerType": "EnterBattle",
        "TriggerParam": "20133003"
      }
    ],
    "FinishTriggerParams": []
  },
  "9001": {
    "TutorialID": 9001,
    "Priority": 10,
    "RestoreType": "AutoFinish",
    "TutorialJsonPath": "Config/Level/Tutorial/Tutorial_9001.json",
    "TriggerParams": [
      {
        "TriggerType": "TaskUnlock",
        "TriggerParam": "9001"
      }
    ],
    "FinishTriggerParams": [
      {
        "TriggerType": "FinishMainMission",
        "TriggerParam": "1000601"
      }
    ]
  },
  "9002": {
    "TutorialID": 9002,
    "Priority": 10,
    "RestoreType": "AutoFinish",
    "TutorialJsonPath": "Config/Level/Tutorial/Tutorial_9002.json",
    "TriggerParams": [
      {
        "TriggerType": "TaskUnlock",
        "TriggerParam": "9002"
      },
      {
        "TriggerType": "FinishMainMission",
        "TriggerParam": "1000601"
      }
    ],
    "FinishTriggerParams": [
      {
        "TriggerType": "FinishMainMission",
        "TriggerParam": "2000601"
      }
    ]
  },
  "9003": {
    "TutorialID": 9003,
    "Priority": 10,
    "RestoreType": "AutoFinish",
    "TutorialJsonPath": "Config/Level/Tutorial/Tutorial_9003.json",
    "TriggerParams": [
      {
        "TriggerType": "EnterBattle",
        "TriggerParam": "0"
      },
      {
        "TriggerType": "GameMode",
        "TriggerParam": "5"
      },
      {
        "TriggerType": "FinishMainMission",
        "TriggerParam": "1000601"
      }
    ],
    "FinishTriggerParams": []
  },
  "9004": {
    "TutorialID": 9004,
    "Priority": 10,
    "RestoreType": "AutoFinish",
    "TutorialJsonPath": "Config/Level/Tutorial/Tutorial_9004.json",
    "TriggerParams": [
      {
        "TriggerType": "TaskUnlock",
        "TriggerParam": "9108"
      }
    ],
    "FinishTriggerParams": []
  },
  "9005": {
    "TutorialID": 9005,
    "Priority": 10,
    "RestoreType": "AutoFinish",
    "TutorialJsonPath": "Config/Level/Tutorial/Tutorial_9005.json",
    "TriggerParams": [
      {
        "TriggerType": "TaskUnlock",
        "TriggerParam": "9005"
      },
      {
        "TriggerType": "FinishMainMission",
        "TriggerParam": "2000601"
      }
    ],
    "FinishTriggerParams": []
  },
  "9006": {
    "TutorialID": 9006,
    "Priority": 10,
    "RestoreType": "AutoFinish",
    "TutorialJsonPath": "Config/Level/Tutorial/Tutorial_9006.json",
    "TriggerParams": [
      {
        "TriggerType": "TaskUnlock",
        "TriggerParam": "9006"
      },
      {
        "TriggerType": "FinishMainMission",
        "TriggerParam": "1000601"
      }
    ],
    "FinishTriggerParams": []
  }
}