[
  {
    "gachaId": 1001,
    "detailWebview": "",
    "rateUpItems4": [
      1001,
      1103
    ],
    "rateUpItems5": [
      1102
    ],
    "costItemId": 101
  },
  {
    "gachaId": 2001,
    "detailWebview": "",
    "rateUpItems4": [
      1001,
      1103
    ],
    "rateUpItems5": [
      1102
    ],
    "costItemId": 101
  },
  {
    "gachaId": 2002,
    "detailWebview": "",
    "rateUpItems4": [
      1001,
      1103
    ],
    "rateUpItems5": [
      1102
    ],
    "costItemId": 101
  },
  {
    "gachaId": 3001,
    "detailWebview": "",
    "rateUpItems4": [
      1001,
      1103
    ],
    "rateUpItems5": [
      1102
    ],
    "costItemId": 101
  },
  {
    "gachaId": 3002,
    "detailWebview": "",
    "rateUpItems4": [
      1001,
      1103
    ],
    "rateUpItems5": [
      1102
    ],
    "costItemId": 101
  },
  {
    "gachaId": 4001,
    "detailWebview": "",
    "rateUpItems4": [
      1001,
      1103
    ],
    "rateUpItems5": [
      1102
    ],
    "costItemId": 101
  }
]